experiment_id,epoch,step,tokens_seen,estimated_chars_seen,train_loss,val_loss,test_loss,train_nats_per_char,val_nats_per_char,train_bits_per_char,val_bits_per_char,train_val_gap,best_val_loss_so_far,best_val_bits_per_char_so_far,val_loss_minus_best_so_far,val_bits_minus_best_so_far,lr,grad_norm,elapsed_sec,tokens_per_sec,tokens_per_sec_after_warmup,parameter_count,compute_proxy_param_tokens,estimated_train_flops
E00,0.0,0.0,0.0,0.0,8.04498,8.04569,8.04569,4.694776057589567,4.697278834936961,6.773130136368707,6.7767408808362415,0.0007099999999997664,8.04569,6.7767408808362415,0.0,0.0,0.0004,,0.0,0.0,0.0,2954112.0,0.0,0.0
E00,1.0,196.0,802816.0,1375707.5064824396,6.66866,6.69404,6.69404,3.8916026272539197,3.9081511234240214,5.6143958114496915,5.638270244808467,0.02538000000000018,6.69404,5.638270244808467,0.0,0.0,0.0004,0.644256,4.26575,188200.0,188200.0,2954112.0,2371608379392.0,14229650276352.0
E00,2.0,392.0,1605632.0,2751415.012964879,5.60554,5.69304,5.69304,3.2712020392667998,3.323741816854678,4.719346959796076,4.795145836371518,0.08749999999999947,5.69304,4.795145836371518,0.0,0.0,0.0004,0.590515,8.08838,198511.0,198511.0,2954112.0,4743216758784.0,28459300552704.0
E00,3.0,500.0,2048000.0,3509457.924700101,5.43411,5.54592,5.54592,3.1711613356786517,3.237849412076974,4.575018732842413,4.6712292899486965,0.1118099999999993,5.54592,4.6712292899486965,0.0,0.0,0.0004,0.633486,10.3441,197988.0,197988.0,2954112.0,6050021376000.0,36300128256000.0
E00,3.0,588.0,2408448.0,4127122.5194473187,5.33342,5.471,5.471,3.1124020844140503,3.194109207033842,4.490247052436623,4.608125513045503,0.1375799999999998,5.471,4.608125513045503,0.0,0.0,0.0004,0.7332,12.3281,195362.0,195362.0,2954112.0,7114825138176.0,42688950829056.0
E00,4.0,784.0,3211264.0,5502830.025929758,5.18709,5.37421,5.37421,3.027008885113731,3.1376007387193097,4.36705070728041,4.526601026039897,0.1871199999999993,5.37421,4.526601026039897,0.0,0.0,0.0004,0.686664,16.5012,194608.0,194608.0,2954112.0,9486433517568.0,56918601105408.0
E00,5.0,980.0,4014080.0,6878537.532412198,5.08143,5.30197,5.30197,2.965349311286958,3.095425185965494,4.278094745897197,4.465754565235216,0.22053999999999974,5.30197,4.465754565235216,0.0,0.0,0.0004,0.772134,20.5524,195309.0,195309.0,2954112.0,11858041896960.0,71148251381760.0
E01,0.0,0.0,0.0,0.0,8.04127,8.04343,8.04343,4.692611028071326,4.695959389349702,6.770006659019362,6.774837323230781,0.0021599999999999397,8.04343,6.774837323230781,0.0,0.0,0.0004,,0.0,0.0,0.0,2941824.0,0.0,0.0
E01,1.0,393.0,804864.0,1379216.9644071397,5.84287,5.89394,5.89394,3.409699736184347,3.4410323560053087,4.919156900313564,4.964360315547325,0.05107000000000017,5.89394,4.964360315547325,0.0,0.0,0.0004,0.795146,7.937,101407.0,101407.0,2941824.0,2367768231936.0,14206609391616.0
E01,2.0,500.0,1024000.0,1754728.9623500505,5.61922,5.70672,5.70672,3.2791852208866206,3.3317285494359656,4.730864256329507,4.806668255859448,0.08749999999999947,5.70672,4.806668255859448,0.0,0.0,0.0004,0.838693,10.119,101196.0,101196.0,2941824.0,3012427776000.0,18074566656000.0
E01,2.0,786.0,1609728.0,2758433.9288142794,5.31739,5.46714,5.46714,3.1030475229107073,3.1918556406768412,4.47675127294606,4.604874304037944,0.14975000000000005,5.46714,4.604874304037944,0.0,0.0,0.0004,0.977452,15.779,102017.0,102017.0,2941824.0,4735536463872.0,28413218783232.0
E01,3.0,1000.0,2048000.0,3509457.924700101,5.22012,5.37575,5.37575,3.046284067051061,3.138499829960186,4.394858916673629,4.527898140514415,0.15563000000000038,5.37575,4.527898140514415,0.0,0.0,0.0004,1.00622,20.1672,101551.0,101551.0,2941824.0,6024855552000.0,36149133312000.0
E01,3.0,1179.0,2414592.0,4137650.8932214193,5.11384,5.30855,5.30855,2.9842626823614014,3.0992667576310553,4.30538097255279,4.47129678162634,0.1947100000000006,5.30855,4.47129678162634,0.0,0.0,0.0004,1.15798,23.5824,102390.0,102390.0,2941824.0,7103304695808.0,42619828174848.0
E01,4.0,1500.0,3072000.0,5264186.887050152,4.96323,5.22524,5.22524,2.8963718209753493,3.050628256801593,4.178581262691673,4.401126257683401,0.2620100000000001,5.22524,4.401126257683401,0.0,0.0,0.0004,1.24472,29.5924,103810.0,103810.0,2941824.0,9037283328000.0,54223699968000.0
E01,4.0,1572.0,3219456.0,5516867.857628559,4.92641,5.20881,5.20881,2.874884924247147,3.0410360041473123,4.147582223337802,4.387287562348117,0.2824,5.20881,4.387287562348117,0.0,0.0,0.0004,1.23385,31.24,103055.0,103055.0,2941824.0,9471072927744.0,56826437566464.0
E01,5.0,1965.0,4024320.0,6896084.822035698,4.81739,5.14607,5.14607,2.8112645689698916,3.0044067934638354,4.0557974522797124,4.3344427817433875,0.3286800000000003,5.14607,4.3344427817433875,0.0,0.0,0.0004,1.36525,39.2653,102490.0,102490.0,2941824.0,11838841159680.0,71033046958080.0
E02,0.0,0.0,0.0,0.0,8.04499,8.04399,8.04399,4.694781893248646,4.6962863316191115,6.7731385554451204,6.7753090012215145,-0.0009999999999994458,8.04399,6.7753090012215145,0.0,0.0,0.0004,,0.0,0.0,0.0,2966400.0,0.0,0.0
E02,1.0,131.0,804864.0,1379216.9644071397,7.22584,7.23586,7.23586,4.216753879807407,4.224479445587259,6.083489911047442,6.094635546486097,0.010019999999999918,7.23586,6.094635546486097,0.0,0.0,0.0004,0.311191,3.03101,265543.0,265543.0,2966400.0,2387548569600.0,14325291417600.0
E02,2.0,262.0,1609728.0,2758433.9288142794,5.89884,5.95055,5.95055,3.442361920048482,3.474082716489715,4.966278470998955,5.01204190671777,0.05170999999999992,5.95055,5.01204190671777,0.0,0.0,0.0004,0.509377,5.78309,278351.0,278351.0,2966400.0,4775097139200.0,28650582835200.0
E02,3.0,393.0,2414592.0,4137650.8932214193,5.48859,5.59624,5.59624,3.202954006340043,3.267227510285335,4.620885861142217,4.713612926544648,0.10764999999999958,5.59624,4.713612926544648,0.0,0.0,0.0004,0.54815,8.53011,283067.0,283067.0,2966400.0,7162645708800.0,42975874252800.0
E02,4.0,500.0,3072000.0,5264186.887050152,5.34414,5.48136,5.48136,3.1186579109465415,3.2001576390179163,4.49927230235171,4.6168515558740815,0.13721999999999923,5.48136,4.6168515558740815,0.0,0.0,0.0004,0.548111,10.7306,286285.0,286285.0,2966400.0,9112780800000.0,54676684800000.0
E02,4.0,524.0,3219456.0,5516867.857628559,5.32263,5.46177,5.46177,3.1061054082680073,3.188720497843397,4.481162868986643,4.600351249019655,0.13913999999999938,5.46177,4.600351249019655,0.0,0.0,0.0004,0.563521,11.3551,283525.0,283525.0,2966400.0,9550194278400.0,57301165670400.0
E02,5.0,655.0,4024320.0,6896084.822035698,5.20391,5.38864,5.38864,3.0368244636842996,3.146025340411413,4.381211593807625,4.538755157122559,0.18473000000000006,5.38864,4.538755157122559,0.0,0.0,0.0004,0.575668,13.9533,288414.0,288414.0,2966400.0,11937742848000.0,71626457088000.0
E03,0.0,0.0,0.0,0.0,8.04388,8.04323,8.04323,4.694134135090897,4.695842624253483,6.77220403796324,6.774668866805516,-0.0006500000000002615,8.04323,6.774668866805516,0.0,0.0,0.0004,,0.0,0.0,0.0,2978688.0,0.0,0.0
E03,1.0,98.0,802816.0,1375707.5064824396,7.29284,7.29381,7.29381,4.255852795635476,4.258312132216323,6.139897723016732,6.143445795705798,0.0009699999999996933,7.29381,6.143445795705798,0.0,0.0,0.0004,0.178364,2.59619,309228.0,309228.0,2978688.0,2391338385408.0,14348030312448.0
E03,2.0,196.0,1605632.0,2751415.012964879,6.2124,6.25293,6.25293,3.625344846123846,3.6506198654611812,5.230267031015235,5.266731176071581,0.0405300000000004,6.25293,5.266731176071581,0.0,0.0,0.0004,0.456761,4.82462,332800.0,332800.0,2978688.0,4782676770816.0,28696060624896.0
E03,3.0,294.0,2408448.0,4127122.5194473187,5.64519,5.72863,5.72863,3.2943404275143067,3.344520165726609,4.752728597774918,4.825122657246913,0.08343999999999951,5.72863,4.825122657246913,0.0,0.0,0.0004,0.526149,7.12649,337957.0,337957.0,2978688.0,7174015156224.0,43044090937344.0
E03,4.0,392.0,3211264.0,5502830.025929758,5.42376,5.54215,5.54215,3.1651214285320766,3.2356483900132718,4.566304988754618,4.668053886332506,0.11839000000000066,5.54215,4.668053886332506,0.0,0.0,0.0004,0.44538,9.46092,339424.0,339424.0,2978688.0,9565353541632.0,57392121249792.0
E03,5.0,490.0,4014080.0,6878537.532412198,5.28709,5.447,5.447,3.0853654759018942,3.1800973954877243,4.451241471413679,4.587910742014048,0.15991,5.447,4.587910742014048,0.0,0.0,0.0004,0.49924,11.7947,340329.0,340329.0,2978688.0,11956691927040.0,71740151562240.0
E04,0.0,0.0,0.0,0.0,7.63934,7.63799,7.63799,4.988736239193438,4.985093572826808,7.19722503258743,7.191969775884681,-0.0013499999999995183,7.63799,7.191969775884681,0.0,0.0,0.0004,,0.0,0.0,0.0,2570112.0,0.0,0.0
E04,1.0,219.0,897024.0,1373628.709877016,5.6055,5.63917,5.63917,3.6605729014285027,3.6805219858991376,5.281090371703425,5.309870816939485,0.03366999999999987,5.63917,5.309870816939485,0.0,0.0,0.0004,0.570625,4.88444,183649.0,183649.0,2570112.0,2305452146688.0,13832712880128.0
E04,2.0,438.0,1794048.0,2747257.419754032,5.06876,5.13882,5.13882,3.310064311808891,3.353958116456536,4.775413367670226,4.838738741961133,0.07005999999999979,5.13882,4.838738741961133,0.0,0.0,0.0004,0.635055,9.16889,195667.0,195667.0,2570112.0,4610904293376.0,27665425760256.0
E04,3.0,500.0,2048000.0,3136138.6070251507,5.00147,5.09443,5.09443,3.266121764215077,3.324986056569343,4.712017672172604,4.796940894837542,0.09295999999999971,5.09443,4.796940894837542,0.0,0.0,0.0004,0.740576,10.4639,195720.0,195720.0,2570112.0,5263589376000.0,31581536256000.0
E04,3.0,657.0,2691072.0,4120886.129631048,4.87706,4.99146,4.99146,3.184878008142163,3.2577805371599204,4.594807708183018,4.699983825265201,0.11439999999999984,4.99146,4.699983825265201,0.0,0.0,0.0004,0.762398,13.6882,196597.0,196597.0,2570112.0,6916356440064.0,41498138640384.0
E04,4.0,876.0,3588096.0,5494514.839508064,4.74311,4.88679,4.88679,3.0974043233421718,3.189465477272728,4.468609856913787,4.601426027147915,0.1436800000000007,4.88679,4.601426027147915,0.0,0.0,0.0004,0.809432,18.3345,195701.0,195701.0,2570112.0,9221808586752.0,55330851520512.0
E04,5.0,1000.0,4096000.0,6272277.214050301,4.68711,4.84438,4.84438,3.06083451110776,3.161785705706702,4.41585077015696,4.5614925579766705,0.15727000000000046,4.84438,4.5614925579766705,0.0,0.0,0.0004,0.7401,21.0215,194848.0,194848.0,2570112.0,10527178752000.0,63163072512000.0
E04,5.0,1095.0,4485120.0,6868143.54938508,4.6316,4.81135,4.81135,3.024584684730399,3.1402279868944922,4.363553325409256,4.530391343953417,0.1797500000000003,4.81135,4.530391343953417,0.0,0.0,0.0004,0.883797,22.9992,195012.0,195012.0,2570112.0,11527260733440.0,69163564400640.0
E05,0.0,0.0,0.0,0.0,8.33412,8.33353,8.33353,4.533680420997386,4.536852256303915,6.540718260348316,6.545294251415562,-0.0005900000000007566,8.33353,6.545294251415562,0.0,0.0,0.0004,,0.0,0.0,0.0,3338112.0,0.0,0.0
E05,1.0,183.0,749568.0,1377906.9277198182,7.47964,7.49612,7.49612,4.068851591302847,4.080958361645654,5.870112012885785,5.887578390420534,0.016480000000000494,7.49612,5.887578390420534,0.0,0.0,0.0004,0.308975,4.07037,184152.0,184152.0,3338112.0,2502141935616.0,15012851613696.0
E05,2.0,366.0,1499136.0,2755813.8554396364,6.09687,6.17942,6.17942,3.3166381271647554,3.36413447478434,4.784897378483852,4.853420123654964,0.08255000000000035,6.17942,4.853420123654964,0.0,0.0,0.0004,0.607411,7.73134,193904.0,193904.0,3338112.0,5004283871232.0,30025703227392.0
E05,3.0,500.0,2048000.0,3764773.02655688,5.73745,5.89941,5.89941,3.1211171343166946,3.211694392335766,4.502820211712268,4.633495572673703,0.16195999999999966,5.89941,4.633495572673703,0.0,0.0,0.0004,0.680461,10.437,196225.0,196225.0,3338112.0,6836453376000.0,41018720256000.0
E05,3.0,549.0,2248704.0,4133720.7831594544,5.67553,5.83655,5.83655,3.0874332550747163,3.1774728160252153,4.454224646171963,4.584124274239068,0.16101999999999972,5.83655,4.584124274239068,0.0,0.0,0.0004,0.637005,11.5687,194379.0,194379.0,3338112.0,7506425806848.0,45038554841088.0
E05,4.0,732.0,2998272.0,5511627.710879273,5.48972,5.70501,5.70501,2.9863544178338888,3.1058612005640343,4.3083987089457985,4.480810551743175,0.21528999999999954,5.70501,4.480810551743175,0.0,0.0,0.0004,0.709487,15.3265,195626.0,195626.0,3338112.0,10008567742464.0,60051406454784.0
E05,5.0,915.0,3747840.0,6889534.638599091,5.34196,5.63839,5.63839,2.905974411425705,3.0695926448241537,4.192434872314089,4.428486086237044,0.29642999999999997,5.63839,4.428486086237044,0.0,0.0,0.0004,0.775044,19.1653,195553.0,195553.0,3338112.0,12510709678080.0,75064258068480.0
E06,0.0,0.0,0.0,0.0,8.55455,8.55316,8.55316,4.421181416810319,4.4335818503649636,6.378416504902689,6.396306548896847,-0.0013900000000006685,8.55316,6.396306548896847,0.0,0.0,0.0004,,0.0,0.0,0.0,3722112.0,0.0,0.0
E06,1.0,174.0,712704.0,1379011.9491632641,7.73894,7.72934,7.72934,3.9996560559947687,4.006549806071665,5.770283957245163,5.78022953629423,-0.009600000000000719,7.72934,5.78022953629423,0.0,0.0,0.0004,0.233472,4.0416,176342.0,176342.0,3722112.0,2652764110848.0,15916584665088.0
E06,2.0,348.0,1425408.0,2758023.8983265283,6.63827,6.7025,6.7025,3.43080535665458,3.4742811255806236,4.949605874300854,5.012328150529291,0.06422999999999934,6.7025,5.012328150529291,0.0,0.0,0.0004,0.562244,7.67762,185658.0,185658.0,3722112.0,5305528221696.0,31833169330176.0
E06,3.0,500.0,2048000.0,3962678.0148369656,6.05161,6.1984,6.1984,3.1276064402900787,3.212977863304579,4.51218230125888,4.635347229875534,0.1467900000000002,6.1984,4.635347229875534,0.0,0.0,0.0004,0.620245,10.8283,189134.0,189134.0,3722112.0,7622885376000.0,45737312256000.0
E06,3.0,522.0,2138112.0,4137035.8474897924,5.98917,6.15644,6.15644,3.0953360616417993,3.1912276453218316,4.465625986015398,4.60396829825357,0.16727000000000025,6.15644,4.60396829825357,0.0,0.0,0.0004,0.626847,11.4077,187427.0,187427.0,3722112.0,7958292332544.0,47749753995264.0
E06,4.0,696.0,2850816.0,5516047.7966530565,5.72867,5.96724,5.96724,2.9607038765380724,3.093154689117452,4.271392800222207,4.462478930692192,0.23857000000000017,5.96724,4.462478930692192,0.0,0.0,0.0004,0.786555,15.1398,188299.0,188299.0,3722112.0,10611056443392.0,63666338660352.0
E06,5.0,870.0,3563520.0,6895059.74581632,5.55253,5.88253,5.88253,2.86967081287523,3.049244751907764,4.140059850718895,4.399130282034029,0.33000000000000007,5.88253,4.399130282034029,0.0,0.0,0.0004,0.812397,18.872,188826.0,188826.0,3722112.0,13263820554240.0,79582923325440.0
E07,0.0,0.0,0.0,0.0,8.0322,8.03284,8.03284,4.687318085286839,4.689776677504977,6.762370556712474,6.765917555513149,0.0006400000000006401,8.03284,6.765917555513149,0.0,0.0,0.0004,,0.0,0.0,0.0,1576192.0,0.0,0.0
E07,1.0,196.0,802816.0,1375707.5064824396,6.7621,6.77877,6.77877,3.946131025686379,3.957618656436629,5.693063661455818,5.7096368093707675,0.01666999999999952,6.77877,5.7096368093707675,0.0,0.0,0.0004,0.359803,4.24208,189250.0,189250.0,1576192.0,1265392156672.0,7592352940032.0
E07,2.0,392.0,1605632.0,2751415.012964879,5.8044,5.86311,5.86311,3.387249955708141,3.4230330164233576,4.886768713351496,4.938392757593168,0.058709999999999596,5.86311,4.938392757593168,0.0,0.0,0.0004,0.573783,8.15695,196842.0,196842.0,1576192.0,2530784313344.0,15184705880064.0
E07,3.0,500.0,2048000.0,3509457.924700101,5.60486,5.68012,5.68012,3.27080521444944,3.316198791639018,4.71877446259997,4.784263551299584,0.07525999999999922,5.68012,4.784263551299584,0.0,0.0,0.0004,0.619334,10.4812,195398.0,195398.0,1576192.0,3228041216000.0,19368247296000.0
E07,3.0,588.0,2408448.0,4127122.5194473187,5.49,5.58153,5.58153,3.203776834270156,3.258639437458527,4.622072950916497,4.701222956466618,0.09152999999999967,5.58153,4.701222956466618,0.0,0.0,0.0004,0.670119,12.3719,194670.0,194670.0,1576192.0,3796176470016.0,22777058820096.0
E07,4.0,784.0,3211264.0,5502830.025929758,5.3277,5.46067,5.46067,3.1090640874209674,3.1880782898142006,4.4854313407282005,4.599424738680715,0.13297000000000025,5.46067,4.599424738680715,0.0,0.0,0.0004,0.658529,16.2981,197033.0,197033.0,1576192.0,5061568626688.0,30369411760128.0
E07,5.0,980.0,4014080.0,6878537.532412198,5.24061,5.39211,5.39211,3.058241332503556,3.1480512148307898,4.412109604244536,4.541677876100858,0.15149999999999952,5.39211,4.541677876100858,0.0,0.0,0.0004,0.735005,20.1831,198884.0,198884.0,1576192.0,6326960783360.0,37961764700160.0
E08,0.0,0.0,0.0,0.0,8.05613,8.05632,8.05632,4.701282817462446,4.703484899800928,6.782517406569565,6.785694339838923,0.00018999999999991246,8.05632,6.785694339838923,0.0,0.0,0.0004,,0.0,0.0,0.0,4725248.0,0.0,0.0
E08,1.0,196.0,802816.0,1375707.5064824396,6.83147,6.85688,6.85688,3.986612992716128,4.0032212647644325,5.751466794535068,5.775427466256891,0.025409999999999933,6.85688,5.775427466256891,0.0,0.0,0.0004,0.621073,4.29191,187053.0,187053.0,4725248.0,3793504698368.0,22761028190208.0
E08,2.0,392.0,1605632.0,2751415.012964879,5.4945,5.6069,5.6069,3.2064028808556233,3.273451089913736,4.625861535302493,4.7225916540111195,0.11240000000000006,5.6069,4.7225916540111195,0.0,0.0,0.0004,0.655243,8.13306,197420.0,197420.0,4725248.0,7587009396736.0,45522056380416.0
E08,3.0,500.0,2048000.0,3509457.924700101,5.33711,5.47871,5.47871,3.1145554426141335,3.198610501493033,4.493353691633141,4.614619508239359,0.1416000000000004,5.47871,4.614619508239359,0.0,0.0,0.0004,0.678763,10.4902,195230.0,195230.0,4725248.0,9677307904000.0,58063847424000.0
E08,3.0,588.0,2408448.0,4127122.5194473187,5.2475,5.41583,5.41583,3.06226210160886,3.161899555242203,4.417910347893318,4.561656808136945,0.1683300000000001,5.41583,4.561656808136945,0.0,0.0,0.0004,0.737704,12.4542,193384.0,193384.0,4725248.0,11380514095104.0,68283084570624.0
E08,4.0,784.0,3211264.0,5502830.025929758,5.07474,5.31079,5.31079,2.96144525536323,3.1005745267086926,4.2724623837766815,4.473183493589276,0.23604999999999965,5.31079,4.473183493589276,0.0,0.0,0.0004,0.775793,16.4634,195055.0,195055.0,4725248.0,15174018793472.0,91044112760832.0
E08,5.0,980.0,4014080.0,6878537.532412198,4.9471,5.22917,5.22917,2.886958902881218,3.0529226909422693,4.165001292436976,4.404436426439801,0.28207000000000004,5.22917,4.404436426439801,0.0,0.0,0.0004,0.889194,20.3855,196909.0,196909.0,4725248.0,18967523491840.0,113805140951040.0
E09,0.0,0.0,0.0,0.0,8.04498,8.04569,8.04569,4.694776057589567,4.697278834936961,6.773130136368707,6.7767408808362415,0.0007099999999997664,8.04569,6.7767408808362415,0.0,0.0,0.0004,,0.0,0.0,0.0,2954112.0,0.0,0.0
E09,1.0,196.0,802816.0,1375707.5064824396,6.66929,6.6944,6.6944,3.8919702737758852,3.908361300597213,5.614926213263731,5.638573466373939,0.025109999999999744,6.6944,5.638573466373939,0.0,0.0,0.0004,0.617309,4.3536,184403.0,184403.0,2954112.0,2371608379392.0,14229650276352.0
E09,2.0,392.0,1605632.0,2751415.012964879,5.60407,5.69215,5.69215,3.270344197382214,3.3232222121765096,4.718109355563318,4.794396205279101,0.08807999999999971,5.69215,4.794396205279101,0.0,0.0,0.0004,0.592126,8.1744,196422.0,196422.0,2954112.0,4743216758784.0,28459300552704.0
E09,3.0,500.0,2048000.0,3509457.924700101,5.43289,5.54598,5.54598,3.170449385271036,3.2378844416058397,4.5739916055199865,4.671279826876275,0.11308999999999969,5.54598,4.671279826876275,0.0,0.0,0.0004,0.641523,10.4035,196856.0,196856.0,2954112.0,6050021376000.0,36300128256000.0
E09,3.0,588.0,2408448.0,4127122.5194473187,5.33225,5.47046,5.47046,3.1117193123018287,3.1937939412740546,4.489262020496264,4.607670680697296,0.13820999999999994,5.47046,4.607670680697296,0.0,0.0,0.0004,0.755027,12.2491,196622.0,196622.0,2954112.0,7114825138176.0,42688950829056.0
E09,4.0,784.0,3211264.0,5502830.025929758,5.17939,5.36628,5.36628,3.022515427623042,3.13297100265428,4.360568018442148,4.519921728778253,0.18689,5.36628,4.519921728778253,0.0,0.0,0.0004,0.692453,16.1377,198991.0,198991.0,2954112.0,9486433517568.0,56918601105408.0
E09,5.0,980.0,4014080.0,6878537.532412198,5.07094,5.28845,5.28845,2.9592277049132796,3.087531865461181,4.269263134739617,4.454366910887496,0.21750999999999987,5.28845,4.454366910887496,0.0,0.0,0.0004,0.826589,20.0245,200459.0,200459.0,2954112.0,11858041896960.0,71148251381760.0
E10,0.0,0.0,0.0,0.0,8.04498,8.04568,8.04568,4.694776057589567,4.697272996682151,6.773130136368707,6.77673245801498,0.000700000000000145,8.04568,6.77673245801498,0.0,0.0,0.0004,,0.0,0.0,0.0,2954112.0,0.0,0.0
E10,1.0,196.0,802816.0,1375707.5064824396,6.66961,6.69495,6.69495,3.892157014866407,3.908682404611812,5.615195623708956,5.63903672154341,0.025340000000000806,6.69495,5.63903672154341,0.0,0.0,0.0004,0.652235,4.24062,189316.0,189316.0,2954112.0,2371608379392.0,14229650276352.0
E10,2.0,392.0,1605632.0,2751415.012964879,5.60616,5.6929,5.6929,3.271563850129686,3.323660081287326,4.719868942533703,4.795027916873835,0.08673999999999982,5.6929,4.795027916873835,0.0,0.0,0.0004,0.587945,8.18206,196238.0,196238.0,2954112.0,4743216758784.0,28459300552704.0
E10,3.0,500.0,2048000.0,3509457.924700101,5.43428,5.54601,5.54601,3.1712605418829916,3.2379019563702722,4.575161857141439,4.671305095340065,0.11172999999999966,5.54601,4.671305095340065,0.0,0.0,0.0004,0.648644,10.4948,195144.0,195144.0,2954112.0,6050021376000.0,36300128256000.0
E10,3.0,588.0,2408448.0,4127122.5194473187,5.33425,5.47241,5.47241,3.1128864441175916,3.1949324009621765,4.490945835778929,4.609313130843601,0.13816000000000006,5.47241,4.609313130843601,0.0,0.0,0.0004,0.769464,12.3266,195386.0,195386.0,2954112.0,7114825138176.0,42688950829056.0
E10,4.0,784.0,3211264.0,5502830.025929758,5.18949,5.37749,5.37749,3.028409443292647,3.1395156862972793,4.369071285619608,4.529363711414195,0.18799999999999972,5.37749,4.529363711414195,0.0,0.0,0.0004,0.683756,16.3019,196987.0,196987.0,2954112.0,9486433517568.0,56918601105408.0
E10,5.0,980.0,4014080.0,6878537.532412198,5.08364,5.30265,5.30265,2.966638991943376,3.0958221872926344,4.279955361784542,4.466327317081108,0.21900999999999993,5.30265,4.466327317081108,0.0,0.0,0.0004,0.798748,20.5072,195740.0,195740.0,2954112.0,11858041896960.0,71148251381760.0
E11,0.0,0.0,0.0,0.0,8.04298,8.04276,8.04276,4.693608925773803,4.695568226277372,6.7714463210860405,6.77427299420615,-0.0002200000000005531,8.04276,6.77427299420615,0.0,0.0,0.0004,,0.0,0.0,0.0,2065536.0,0.0,0.0
E11,1.0,196.0,802816.0,1375707.5064824396,6.37583,6.40943,6.40943,3.7207170224489414,3.741988553251493,5.367859996838238,5.398548328839196,0.03360000000000074,6.40943,5.398548328839196,0.0,0.0,0.0004,0.50752,2.69871,297481.0,297481.0,2065536.0,1658245349376.0,9949472096256.0
E11,2.0,392.0,1605632.0,2751415.012964879,5.53498,5.63156,5.63156,3.2300256288066715,3.2878482262773727,4.659941956623641,4.74336233124594,0.09658000000000033,5.63156,4.74336233124594,0.0,0.0,0.0004,0.659019,5.14241,312233.0,312233.0,2065536.0,3316490698752.0,19898944192512.0
E11,3.0,500.0,2048000.0,3509457.924700101,5.39283,5.51149,5.51149,3.147071735001298,3.217748300763106,4.5402647854081986,4.642229516339822,0.11866000000000021,5.51149,4.642229516339822,0.0,0.0,0.0004,0.668619,6.50076,315040.0,315040.0,2065536.0,4230217728000.0,25381306368000.0
E11,3.0,588.0,2408448.0,4127122.5194473187,5.30619,5.44758,5.44758,3.096511584742433,3.1804360142667556,4.467321907363134,4.5883992656473085,0.14139000000000035,5.44758,4.5883992656473085,0.0,0.0,0.0004,0.753076,7.58587,317491.0,317491.0,2065536.0,4974736048128.0,29848416288768.0
E11,4.0,784.0,3211264.0,5502830.025929758,5.17572,5.37017,5.37017,3.020373740741117,3.1352420837757133,4.357478217398458,4.523198206249602,0.1944499999999998,5.37017,4.523198206249602,0.0,0.0,0.0004,0.707767,9.98208,321703.0,321703.0,2065536.0,6632981397504.0,39797888385024.0
E11,5.0,980.0,4014080.0,6878537.532412198,5.09881,5.32126,5.32126,2.975491686765941,3.1066871794956867,4.29272710070356,4.482002187451748,0.22244999999999937,5.32126,4.482002187451748,0.0,0.0,0.0004,0.787043,12.3867,324063.0,324063.0,2065536.0,8291226746880.0,49747360481280.0
E12,0.0,0.0,0.0,0.0,8.0456,8.04383,8.04383,4.695137868452453,4.696192919542137,6.773652119106332,6.775174236081304,-0.0017700000000004934,8.04383,6.775174236081304,0.0,0.0,0.0004,,0.0,0.0,0.0,3842688.0,0.0,0.0
E12,1.0,196.0,802816.0,1375707.5064824396,7.27942,7.27975,7.27975,4.248021341151705,4.250103545952223,6.128599322470048,6.131603309009871,0.00032999999999994145,7.27975,6.131603309009871,0.0,0.0,0.0004,0.252134,5.89209,136253.0,136253.0,3842688.0,3084971409408.0,18509828456448.0
E12,2.0,392.0,1605632.0,2751415.012964879,5.74724,5.81343,5.81343,3.3538933284136268,3.3940285665228935,4.8386452725729185,4.896548181558056,0.06619000000000064,5.81343,4.896548181558056,0.0,0.0,0.0004,0.561694,11.5432,139097.0,139097.0,3842688.0,6169942818816.0,37019656912896.0
E12,3.0,500.0,2048000.0,3509457.924700101,5.50934,5.6054,5.6054,3.2150629989285866,3.2725753516921037,4.6383554446998705,4.721328230821653,0.09606000000000048,5.6054,4.721328230821653,0.0,0.0,0.0004,0.644081,14.7151,139177.0,139177.0,3842688.0,7869825024000.0,47218950144000.0
E12,3.0,588.0,2408448.0,4127122.5194473187,5.39037,5.5117,5.5117,3.145636162867909,3.2178709041141342,4.53819369261052,4.642406395586347,0.12133000000000038,5.5117,4.642406395586347,0.0,0.0,0.0004,0.673205,17.3252,139014.0,139014.0,3842688.0,9254914228224.0,55529485369344.0
E12,4.0,784.0,3211264.0,5502830.025929758,5.22794,5.39872,5.39872,3.050847552450696,3.151910301260783,4.401442634428851,4.54724536095577,0.1707799999999997,5.39872,4.54724536095577,0.0,0.0,0.0004,0.756235,22.897,140248.0,140248.0,3842688.0,12339885637632.0,74039313825792.0
E12,5.0,980.0,4014080.0,6878537.532412198,5.10582,5.31207,5.31207,2.9795824837801907,3.101321823324486,4.298628873269301,4.4742616147109535,0.2062500000000007,5.31207,4.4742616147109535,0.0,0.0,0.0004,0.775035,28.3845,141418.0,141418.0,3842688.0,15424857047040.0,92549142282240.0
E13,0.0,0.0,0.0,0.0,8.04265,8.04382,8.04382,4.6934163490242025,4.696187081287326,6.771168491564401,6.775165813260041,0.0011700000000001154,8.04382,6.775165813260041,0.0,0.0,0.0004,,0.0,0.0,0.0,4731264.0,0.0,0.0
E13,1.0,196.0,802816.0,1375707.5064824396,7.30047,7.29875,7.29875,4.260305403512612,4.2611962300929,6.1463214783201,6.1476066694097735,-0.0017199999999997218,7.29875,6.1476066694097735,0.0,0.0,0.0004,0.237963,7.76918,103333.0,103333.0,4731264.0,3798334439424.0,22790006636544.0
E13,2.0,392.0,1605632.0,2751415.012964879,5.84021,5.8995,5.8995,3.408147450869382,3.4442784256801593,4.916917425987619,4.969043404169612,0.05928999999999984,5.8995,4.969043404169612,0.0,0.0,0.0004,0.541384,15.0363,106783.0,106783.0,4731264.0,7596668878848.0,45580013273088.0
E13,3.0,500.0,2048000.0,3509457.924700101,5.56089,5.64633,5.64633,3.2451458214798845,3.2964713286330456,4.681755783610571,4.755802838251547,0.08544000000000018,5.64633,4.755802838251547,0.0,0.0,0.0004,0.576523,19.0839,107316.0,107316.0,4731264.0,9689628672000.0,58137772032000.0
E13,3.0,588.0,2408448.0,4127122.5194473187,5.42779,5.53826,5.53826,3.1674731991408396,3.2333773088918383,4.569697876549189,4.664777408861157,0.11047000000000029,5.53826,4.664777408861157,0.0,0.0,0.0004,0.646316,22.3321,107847.0,107847.0,4731264.0,11395003318272.0,68370019909632.0
E13,4.0,784.0,3211264.0,5502830.025929758,5.25052,5.41165,5.41165,3.0640244706506627,3.159459164731254,4.420452908970143,4.558136068848967,0.16113,5.41165,4.558136068848967,0.0,0.0,0.0004,0.737026,29.3712,109334.0,109334.0,4731264.0,15193337757696.0,91160026546176.0
E13,5.0,980.0,4014080.0,6878537.532412198,5.12219,5.3179,5.3179,2.989135457692213,3.10472552587923,4.312410901357918,4.479172119507345,0.19571000000000005,5.3179,4.479172119507345,0.0,0.0,0.0004,0.802238,36.5427,109846.0,109846.0,4731264.0,18991672197120.0,113950033182720.0
E14,0.0,0.0,0.0,0.0,8.04565,8.04546,8.04546,4.695167046747847,4.697144555076311,6.773694214488399,6.77654715594719,-0.00018999999999991246,8.04546,6.77654715594719,0.0,0.0,0.0004,,0.0,0.0,0.0,2362752.0,0.0,0.0
E14,1.0,196.0,802816.0,1375707.5064824396,6.81054,6.83553,6.83553,3.9743989582641652,3.9907565907431986,5.733845667601973,5.75744474286016,0.024990000000000734,6.83553,5.75744474286016,0.0,0.0,0.0004,0.448973,4.31433,186081.0,186081.0,2362752.0,1896855109632.0,11381130657792.0
E14,2.0,392.0,1605632.0,2751415.012964879,5.59927,5.68765,5.68765,3.2675430810243817,3.3205949975116122,4.71406819888492,4.790605935710703,0.0883799999999999,5.68765,4.790605935710703,0.0,0.0,0.0004,0.5907,8.14342,197169.0,197169.0,2362752.0,3793710219264.0,22762261315584.0
E14,3.0,500.0,2048000.0,3509457.924700101,5.42595,5.53986,5.53986,3.1663994378703375,3.2343114296615796,4.568148766489138,4.666125060263254,0.11390999999999973,5.53986,4.666125060263254,0.0,0.0,0.0004,0.64698,10.3661,197567.0,197567.0,2362752.0,4838916096000.0,29033496576000.0
E14,3.0,588.0,2408448.0,4127122.5194473187,5.32378,5.46272,5.46272,3.106776509062071,3.1892751320504313,4.482131062774176,4.6011514170396515,0.13893999999999984,5.46272,4.6011514170396515,0.0,0.0,0.0004,0.740881,12.2953,195883.0,195883.0,2362752.0,5690565328896.0,34143391973376.0
E14,4.0,784.0,3211264.0,5502830.025929758,5.1726,5.36641,5.36641,3.0185530151085262,3.1330468999668217,4.354851465557499,4.520031225454674,0.19381000000000004,5.36641,4.520031225454674,0.0,0.0,0.0004,0.712394,16.3092,196899.0,196899.0,2362752.0,7587420438528.0,45524522631168.0
E14,5.0,980.0,4014080.0,6878537.532412198,5.06699,5.29172,5.29172,2.956922619577147,3.0894409747843397,4.265937599556353,4.457121173440532,0.2247300000000001,5.29172,4.457121173440532,0.0,0.0,0.0004,0.820193,20.293,197806.0,197806.0,2362752.0,9484275548160.0,56905653288960.0
E15,0.0,0.0,0.0,0.0,8.04503,8.0422,8.0422,4.694805235884961,4.695241284007962,6.773172231750774,6.773801316215416,-0.0028300000000012204,8.0422,6.773801316215416,0.0,0.0,0.0004,,0.0,0.0,0.0,3545472.0,0.0,0.0
E15,1.0,196.0,802816.0,1375707.5064824396,6.84926,6.86775,6.86775,3.9969946302173422,4.009567447743862,5.766444331474376,5.784583072969888,0.018489999999999895,6.86775,5.784583072969888,0.0,0.0,0.0004,0.444878,4.55442,176272.0,176272.0,3545472.0,2846361649152.0,17078169894912.0
E15,2.0,392.0,1605632.0,2751415.012964879,5.63015,5.7127,5.7127,3.2855635962597667,3.335219825812873,4.740066306849274,4.811705102974784,0.08254999999999946,5.7127,4.811705102974784,0.0,0.0,0.0004,0.60748,8.49381,189036.0,189036.0,3545472.0,5692723298304.0,34156339789824.0
E15,3.0,500.0,2048000.0,3509457.924700101,5.45637,5.55889,5.55889,3.1841515127880964,3.245421628566689,4.593759596938478,4.682153689126945,0.10252000000000017,5.55889,4.682153689126945,0.0,0.0,0.0004,0.658885,10.708,191259.0,191259.0,3545472.0,7261126656000.0,43566759936000.0
E15,3.0,588.0,2408448.0,4127122.5194473187,5.35623,5.48286,5.48286,3.12571322277283,3.2010333772395487,4.509450965735422,4.618114979063548,0.12662999999999958,5.48286,4.618114979063548,0.0,0.0,0.0004,0.688613,12.5646,191685.0,191685.0,3545472.0,8539084947456.0,51234509684736.0
E15,4.0,784.0,3211264.0,5502830.025929758,5.20568,5.3813,5.3813,3.0378573753412508,3.1417400613802258,4.382701770332785,4.532572806315439,0.17562000000000033,5.3813,4.532572806315439,0.0,0.0,0.0004,0.743513,16.8331,190771.0,190771.0,3545472.0,11385446596608.0,68312679579648.0
E15,5.0,980.0,4014080.0,6878537.532412198,5.09652,5.30062,5.30062,2.974155320836892,3.0946370215660255,4.290799132204908,4.464617484364697,0.2041000000000004,5.30062,4.464617484364697,0.0,0.0,0.0004,0.820229,20.8024,192963.0,192963.0,3545472.0,14231808245760.0,85390849474560.0
E16,0.0,0.0,0.0,0.0,8.04498,8.04569,8.04569,4.694776057589567,4.697278834936961,6.773130136368707,6.7767408808362415,0.0007099999999997664,8.04569,6.7767408808362415,0.0,0.0,0.0004,,0.0,0.0,0.0,2954112.0,0.0,0.0
E16,1.0,196.0,802816.0,1375707.5064824396,6.96896,6.9878,6.9878,4.0668474693907735,4.079655696748507,5.8672206761418995,5.88569904223348,0.018839999999999968,6.9878,5.88569904223348,0.0,0.0,0.0004,0.363608,4.38046,183272.0,183272.0,2954112.0,2371608379392.0,14229650276352.0
E16,2.0,392.0,1605632.0,2751415.012964879,5.6267,5.71451,5.71451,3.2835502938775747,3.336276549933643,4.737161725486676,4.813229633623407,0.08781000000000017,5.71451,4.813229633623407,0.0,0.0,0.0004,0.598429,8.25506,194503.0,194503.0,2954112.0,4743216758784.0,28459300552704.0
E16,3.0,500.0,2048000.0,3509457.924700101,5.43559,5.55206,5.55206,3.1720250132223167,3.241434100530856,4.576264756151585,4.676400902204244,0.11646999999999963,5.55206,4.676400902204244,0.0,0.0,0.0004,0.670419,10.4178,196588.0,196588.0,2954112.0,6050021376000.0,36300128256000.0
E16,3.0,588.0,2408448.0,4127122.5194473187,5.32886,5.47201,5.47201,3.10974102387411,3.1946988707697415,4.486407953592146,4.608976217993077,0.14315000000000033,5.47201,4.608976217993077,0.0,0.0,0.0004,0.796178,12.2956,195879.0,195879.0,2954112.0,7114825138176.0,42688950829056.0
E16,4.0,784.0,3211264.0,5502830.025929758,5.15015,5.34914,5.34914,3.0054519604765835,3.1229642339084274,4.33595063900958,4.505485013133289,0.19899000000000022,5.34914,4.505485013133289,0.0,0.0,0.0004,0.840589,16.3205,196763.0,196763.0,2954112.0,9486433517568.0,56918601105408.0
E16,5.0,980.0,4014080.0,6878537.532412198,5.01098,5.25243,5.25243,2.9242370930766968,3.0665024716323823,4.2187823525653085,4.424027908697787,0.2414500000000004,5.25243,4.424027908697787,0.0,0.0,0.0004,0.844605,20.2389,198335.0,198335.0,2954112.0,11858041896960.0,71148251381760.0
E17,0.0,0.0,0.0,0.0,8.04498,8.04569,8.04569,4.694776057589567,4.697278834936961,6.773130136368707,6.7767408808362415,0.0007099999999997664,8.04569,6.7767408808362415,0.0,0.0,0.0004,,0.0,0.0,0.0,2954112.0,0.0,0.0
E17,1.0,196.0,802816.0,1375707.5064824396,6.79199,6.81479,6.81479,3.963573810672961,3.9786480502654284,5.718228280855252,5.739975811560477,0.022800000000000153,6.81479,5.739975811560477,0.0,0.0,0.0004,0.66021,4.47392,179443.0,179443.0,2954112.0,2371608379392.0,14229650276352.0
E17,2.0,392.0,1605632.0,2751415.012964879,5.61194,5.70013,5.70013,3.274936861077242,3.327881139515594,4.724735168700605,4.80111761664706,0.08818999999999999,5.70013,4.80111761664706,0.0,0.0,0.0004,0.59477,8.38582,191470.0,191470.0,2954112.0,4743216758784.0,28459300552704.0
E17,3.0,500.0,2048000.0,3509457.924700101,5.43228,5.54694,5.54694,3.1700934100672282,3.2384449140676845,4.573478041858773,4.672088417717534,0.11465999999999976,5.54694,4.672088417717534,0.0,0.0,0.0004,0.649643,10.6049,193119.0,193119.0,2954112.0,6050021376000.0,36300128256000.0
E17,3.0,588.0,2408448.0,4127122.5194473187,5.32845,5.46898,5.46898,3.1095017618518783,3.192929879562044,4.486062771459199,4.606424103150356,0.14053000000000004,5.46898,4.606424103150356,0.0,0.0,0.0004,0.755295,12.5476,191945.0,191945.0,2954112.0,7114825138176.0,42688950829056.0
E17,4.0,784.0,3211264.0,5502830.025929758,5.16695,5.36038,5.36038,3.015255867728995,3.1295264323158594,4.35009468738397,4.51495226423302,0.1934300000000002,5.36038,4.51495226423302,0.0,0.0,0.0004,0.710853,16.7489,191730.0,191730.0,2954112.0,9486433517568.0,56918601105408.0
E17,5.0,980.0,4014080.0,6878537.532412198,5.04756,5.27773,5.27773,2.945583933987007,3.0812732563039154,4.249579334085259,4.445337646493447,0.2301700000000002,5.27773,4.445337646493447,0.0,0.0,0.0004,0.812635,20.8929,192126.0,192126.0,2954112.0,11858041896960.0,71148251381760.0
E18,0.0,0.0,0.0,0.0,8.04498,8.04569,8.04569,4.694776057589567,4.697278834936961,6.773130136368707,6.7767408808362415,0.0007099999999997664,8.04569,6.7767408808362415,0.0,0.0,0.0004,,0.0,0.0,0.0,2954112.0,0.0,0.0
E18,1.0,196.0,802816.0,1375707.5064824396,6.55427,6.5804,6.5804,3.8248485230513394,3.8418051957531523,5.518089996357643,5.542553303974526,0.02613000000000021,6.5804,5.542553303974526,0.0,0.0,0.0004,0.514837,4.41447,181860.0,181860.0,2954112.0,2371608379392.0,14229650276352.0
E18,2.0,392.0,1605632.0,2751415.012964879,5.61183,5.69548,5.69548,3.2748726688273755,3.3251663510285336,4.72464255886006,4.797201004759716,0.08364999999999956,5.69548,4.797201004759716,0.0,0.0,0.0004,0.593331,8.3792,191621.0,191621.0,2954112.0,4743216758784.0,28459300552704.0
E18,3.0,500.0,2048000.0,3509457.924700101,5.44946,5.55415,5.55415,3.1801190723646346,3.2426542957863305,4.5879420151368695,4.678161271848233,0.10468999999999973,5.55415,4.678161271848233,0.0,0.0,0.0004,0.629149,10.6785,191787.0,191787.0,2954112.0,6050021376000.0,36300128256000.0
E18,3.0,588.0,2408448.0,4127122.5194473187,5.35313,5.48234,5.48234,3.123904168458397,3.200729787989383,4.506841052047291,4.617676992357866,0.1292099999999996,5.48234,4.617676992357866,0.0,0.0,0.0004,0.723472,12.5619,191726.0,191726.0,2954112.0,7114825138176.0,42688950829056.0
E18,4.0,784.0,3211264.0,5502830.025929758,5.22204,5.39616,5.39616,3.047404513594194,3.1504157080291972,4.396475379344988,4.545089118712416,0.17412000000000027,5.39616,4.545089118712416,0.0,0.0,0.0004,0.686386,16.6767,192560.0,192560.0,2954112.0,9486433517568.0,56918601105408.0
E18,5.0,980.0,4014080.0,6878537.532412198,5.14016,5.34029,5.34029,2.999622137056846,3.1177973784007964,4.3275399816726665,4.49803081631544,0.20013000000000059,5.34029,4.49803081631544,0.0,0.0,0.0004,0.726007,20.7621,193337.0,193337.0,2954112.0,11858041896960.0,71148251381760.0
E19,0.0,0.0,0.0,0.0,8.04273,8.04404,8.04404,4.693463034296833,4.6963155228931655,6.771235844175709,6.775351115327829,0.0013100000000001444,8.04404,6.775351115327829,0.0,0.0,0.0004,,0.0,0.0,0.0,2956416.0,0.0,0.0
E19,1.0,196.0,802816.0,1375707.5064824396,6.69181,6.71766,6.71766,3.9051121780213793,3.921941081287326,5.633885973346543,5.658164948631924,0.02585000000000015,6.71766,5.658164948631924,0.0,0.0,0.0004,0.449179,4.67284,171805.0,171805.0,2956416.0,2373458067456.0,14240748404736.0
E19,2.0,392.0,1605632.0,2751415.012964879,5.59826,5.685,5.685,3.2669536794574214,3.3190478599867284,4.713217872167174,4.78837388807598,0.08673999999999982,5.685,4.78837388807598,0.0,0.0,0.0004,0.601598,8.95612,179278.0,179278.0,2956416.0,4746916134912.0,28481496809472.0
E19,3.0,500.0,2048000.0,3509457.924700101,5.43357,5.54287,5.54287,3.170846210088395,3.2360687443596547,4.574564102716092,4.6686603294634486,0.10930000000000017,5.54287,4.6686603294634486,0.0,0.0,0.0004,0.645975,11.3683,180150.0,180150.0,2956416.0,6054739968000.0,36328439808000.0
E19,3.0,588.0,2408448.0,4127122.5194473187,5.33542,5.46857,5.46857,3.113569216229813,3.1926905111147974,4.491930867719288,4.606078767478568,0.13314999999999966,5.46857,4.606078767478568,0.0,0.0,0.0004,0.715774,13.4579,178962.0,178962.0,2956416.0,7120374202368.0,42722245214208.0
E19,4.0,784.0,3211264.0,5502830.025929758,5.18728,5.37176,5.37176,3.0271197626362287,3.136170366290644,4.3672106697322635,4.524537434830436,0.18447999999999976,5.37176,4.524537434830436,0.0,0.0,0.0004,0.717166,17.9365,179035.0,179035.0,2956416.0,9493832269824.0,56962993618944.0
E19,5.0,980.0,4014080.0,6878537.532412198,5.08188,5.29573,5.29573,2.9656119159455043,3.0917821149635034,4.2784736043357965,4.460498724767038,0.21384999999999987,5.29573,4.460498724767038,0.0,0.0,0.0004,0.801879,22.2859,180117.0,180117.0,2956416.0,11867290337280.0,71203742023680.0
E20,0.0,0.0,0.0,0.0,8.04015,8.04252,8.04252,4.6919574342544985,4.695428108161911,6.76906372246107,6.774070846495837,0.002369999999999095,8.04252,6.774070846495837,0.0,0.0,0.0004,,0.0,0.0,0.0,2378112.0,0.0,0.0
E20,1.0,196.0,802816.0,1375707.5064824396,7.28259,7.28518,7.28518,4.24987124507969,4.253273718314532,6.131268169693072,6.136176900955738,0.0025900000000005363,7.28518,6.136176900955738,0.0,0.0,0.0004,0.25372,4.50086,178369.0,178369.0,2378112.0,1909186363392.0,11455118180352.0
E20,2.0,392.0,1605632.0,2751415.012964879,6.06714,6.10728,6.10728,3.540576062344961,3.565585684140677,5.107971527035248,5.144052784374437,0.040140000000000065,6.10728,5.144052784374437,0.0,0.0,0.0004,0.63755,8.47895,189367.0,189367.0,2378112.0,3818372726784.0,22910236360704.0
E20,3.0,500.0,2048000.0,3509457.924700101,5.78854,5.84273,5.84273,3.377994600409138,3.411134653118779,4.873416058159959,4.921227047858958,0.05419000000000018,5.84273,4.921227047858958,0.0,0.0,0.0004,0.655513,10.7655,190238.0,190238.0,2378112.0,4870373376000.0,29222240256000.0
E20,3.0,588.0,2408448.0,4127122.5194473187,5.64544,5.71478,5.71478,3.2944863189912765,3.336434182813537,4.7529390746852505,4.813457049797511,0.0693400000000004,5.71478,4.813457049797511,0.0,0.0,0.0004,0.652458,12.6797,189946.0,189946.0,2378112.0,5727559090176.0,34365354541056.0
E20,4.0,784.0,3211264.0,5502830.025929758,5.43967,5.54308,5.54308,3.1744059621264733,3.2361913477106836,4.5796997393282215,4.6688372087099745,0.10341000000000022,5.54308,4.6688372087099745,0.0,0.0,0.0004,0.687987,16.9192,189800.0,189800.0,2378112.0,7636745453568.0,45820472721408.0
E20,5.0,980.0,4014080.0,6878537.532412198,5.30937,5.42729,5.42729,3.098367324329497,3.1685901952554745,4.469999173662572,4.571309361304466,0.1179199999999998,5.42729,4.571309361304466,0.0,0.0,0.0004,0.664499,20.9794,191334.0,191334.0,2378112.0,9545931816960.0,57275590901760.0
E21,0.0,0.0,0.0,0.0,8.04498,8.04569,8.04569,4.694776057589567,4.697278834936961,6.773130136368707,6.7767408808362415,0.00070653,8.04569,6.7767408808362415,0.0,0.0,0.0004,,0.0,0.0,0.0,2954112.0,0.0,0.0
E21,1.0,196.0,802816.0,1375707.5064824396,6.96896,6.9878,6.9878,4.0668474693907735,4.079655696748507,5.8672206761418995,5.88569904223348,0.0188416,6.9878,5.88569904223348,0.0,0.0,0.0004,0.363608,4.31856,185899.0,185899.0,2954112.0,2371608379392.0,14229650276352.0
E21,2.0,200.0,819200.0,1403783.1698800405,6.91347,6.93049,6.93049,4.034465397162422,4.046196658427339,5.820503221124349,5.837427853574618,0.0170131,6.93049,5.837427853574618,0.0,0.0,0.0004,0.506688,4.58962,178490.0,178490.0,2954112.0,2420008550400.0,14520051302400.0
E21,2.0,392.0,1605632.0,2751415.012964879,5.63506,5.71451,5.71451,3.2884289048674655,3.336276549933643,4.7442000733682175,4.813229633623407,0.0794565,5.71451,4.813229633623407,0.0,0.0,0.0004,0.598429,8.43438,190368.0,190368.0,2954112.0,4743216758784.0,28459300552704.0
E21,3.0,400.0,1638400.0,2807566.339760081,5.61146,5.69842,5.69842,3.274656749441459,3.326882797942933,4.724331053032766,4.799677314211069,0.0869609,5.69842,4.799677314211069,0.0,0.0,0.0004,0.651102,8.76546,186915.0,186915.0,2954112.0,4840017100800.0,29040102604800.0
E21,3.0,588.0,2408448.0,4127122.5194473187,5.32975,5.47123,5.47123,3.1102603975321244,3.1942434868944924,4.487157251392932,4.608319237934555,0.141477,5.47123,4.608319237934555,0.0,0.0,0.0004,0.686076,12.5312,192195.0,192195.0,2954112.0,7114825138176.0,42688950829056.0
E21,4.0,600.0,2457600.0,4211349.509640121,5.31892,5.46523,5.46523,3.103940378749767,3.190740534007963,4.478039391637299,4.603265545176692,0.146318,5.46523,4.603265545176692,0.0,0.0,0.0004,0.763235,12.9151,190289.0,190289.0,2954112.0,7260025651200.0,43560153907200.0
E21,4.0,784.0,3211264.0,5502830.025929758,5.13881,5.34538,5.34538,2.9988343230812062,3.1207690500995353,4.326403406356868,4.502318032338361,0.206571,5.34538,4.502318032338361,0.0,0.0,0.0004,0.83192,16.5345,194216.0,194216.0,2954112.0,9486433517568.0,56918601105408.0
E21,5.0,800.0,3276800.0,5615132.679520162,5.13425,5.33951,5.33951,2.9961732625412654,3.1173419945255474,4.32256430751239,4.497373836256918,0.205258,5.33951,4.497373836256918,0.0,0.0,0.0004,0.860316,17.0081,192661.0,192661.0,2954112.0,9680034201600.0,58080205209600.0
E21,5.0,980.0,4014080.0,6878537.532412198,4.99435,5.25148,5.25148,2.9145323920286255,3.0659478374253486,4.204781428489946,4.423227740677793,0.257134,5.25148,4.423227740677793,0.0,0.0,0.0004,0.959968,20.7595,193362.0,193362.0,2954112.0,11858041896960.0,71148251381760.0
E21,6.0,1000.0,4096000.0,7018915.849400202,4.98911,5.25109,5.25109,2.911474506671326,3.065720145487724,4.200369832449363,4.4228992506485305,0.261979,5.25109,4.4228992506485305,0.0,0.0,0.0004,0.9565,21.2916,192376.0,192376.0,2954112.0,12100042752000.0,72600256512000.0
E21,6.0,1176.0,4816896.0,8254245.0388946375,4.86803,5.18347,5.18347,2.840816346545018,3.026241866456536,4.0984316552368005,4.365944133267405,0.315435,5.18347,4.365944133267405,0.0,0.0,0.0004,0.958011,24.8014,194219.0,194219.0,2954112.0,14229650276352.0,85377901658112.0
E21,7.0,1200.0,4915200.0,8422699.019280242,4.86001,5.18916,5.18916,2.836136147963807,3.0295638334439285,4.091679555953312,4.370736718566113,0.329145,5.18347,4.365944133267405,0.005690000000000417,0.004792585298708296,0.0004,1.0513,25.4635,193029.0,193029.0,2954112.0,14520051302400.0,87120307814400.0
E21,7.0,1372.0,5619712.0,9629952.545377078,4.74393,5.13488,5.13488,2.768395817376907,2.997873786330458,3.993950916947412,4.3250176447499715,0.390946,5.13488,4.3250176447499715,0.0,0.0,0.0004,1.04035,28.7507,195463.0,195463.0,2954112.0,16601258655744.0,99607551934464.0
E21,8.0,1400.0,5734400.0,9826482.189160284,4.72807,5.13606,5.13606,2.7591404620779043,2.998562700398142,3.9805982617558757,4.326011537659018,0.407993,5.13488,4.3250176447499715,0.0011799999999997368,0.000993892909046501,0.0004,1.06781,29.4504,194714.0,194714.0,2954112.0,16940059852800.0,101640359116800.0
E21,8.0,1568.0,6422528.0,11005660.051859517,4.624,5.09775,5.09775,2.698408758044663,2.976196346217651,3.8929809335223826,4.293743709400057,0.473747,5.09775,4.293743709400057,0.0,0.0,0.0004,1.13639,32.9605,194855.0,194855.0,2954112.0,18972867035136.0,113837202210816.0
E21,9.0,1600.0,6553600.0,11230265.359040324,4.60634,5.10567,5.10567,2.688102984111474,2.98082024402787,3.8781128445764477,4.300414583840438,0.499335,5.09775,4.293743709400057,0.007920000000000371,0.006670874440381169,0.0004,1.20832,33.7758,194033.0,194033.0,2954112.0,19360068403200.0,116160410419200.0
E21,9.0,1764.0,7225344.0,12381367.558341956,4.53677,5.07876,5.07876,2.6475043039001482,2.965109500331785,3.819541329968931,4.277748771821418,0.541992,5.07876,4.277748771821418,0.0,0.0,0.0004,1.13415,37.1899,194282.0,194282.0,2954112.0,21344475414528.0,128066852487168.0
E21,10.0,1800.0,7372800.0,12634048.528920364,4.50529,5.08959,5.08959,2.6291336491200346,2.971432330291971,3.793038077419778,4.286870687249364,0.584293,5.07876,4.277748771821418,0.01083000000000034,0.009121915427945382,0.0004,1.15499,38.0759,193634.0,193634.0,2954112.0,21780076953600.0,130680461721600.0
E21,10.0,1960.0,8028160.0,13757075.064824397,4.40496,5.0645,5.0645,2.5705844815822707,2.9567841489714666,3.708569483764869,4.265737828700229,0.659536,5.0645,4.265737828700229,0.0,0.0,0.0004,1.23084,41.1725,194989.0,194989.0,2954112.0,23716083793920.0,142296502763520.0
E21,11.0,2000.0,8192000.0,14037831.698800404,4.40769,5.08417,5.08417,2.5721776165107872,2.9682679961844727,3.710867891625707,4.282305518124759,0.676478,5.0645,4.265737828700229,0.01967000000000052,0.01656768942453013,0.0004,1.30063,42.0833,194662.0,194662.0,2954112.0,24200085504000.0,145200513024000.0
E21,11.0,2156.0,8830976.0,15132782.571306836,4.30095,5.0686,5.0686,2.5098877915035023,2.9591778334439285,3.6210026699898554,4.269191185418102,0.76765,5.0645,4.265737828700229,0.004100000000000215,0.0034533567178733904,0.0004,1.40053,45.1995,195378.0,195378.0,2954112.0,26087692173312.0,156526153039872.0
E21,12.0,2200.0,9011200.0,15441614.868680445,4.29,5.09224,5.09224,2.5034977448121984,2.972979467816855,3.6117837813172624,4.289102734884087,0.802237,5.0645,4.265737828700229,0.027740000000000542,0.02336490618385767,0.0004,1.4859,46.1806,195130.0,195130.0,2954112.0,26620094054400.0,159720564326400.0
E21,12.0,2352.0,9633792.0,16508490.077789275,4.21144,5.0744,5.0744,2.4576528070890173,2.96256402123424,3.545643517014166,4.274076421750704,0.862966,5.0645,4.265737828700229,0.00990000000000002,0.008338593050474685,0.0004,1.64332,49.1936,195834.0,195834.0,2954112.0,28459300552704.0,170755803316224.0
E21,13.0,2400.0,9830400.0,16845398.038560484,4.18386,5.10796,5.10796,2.441558059349642,2.982157204379562,3.5224237042662105,4.302343409909689,0.924094,5.0645,4.265737828700229,0.0434600000000005,0.03660558120945989,0.0004,1.45194,50.2475,195640.0,195640.0,2954112.0,29040102604800.0,174240615628800.0
E21,13.0,2548.0,10436608.0,17884197.584271714,4.09046,5.09473,5.09473,2.387053003553498,2.9744331932647645,3.4437895305657364,4.2912000173786,1.00427,5.0645,4.265737828700229,0.030230000000000423,0.0254621886783708,0.0004,1.56676,53.2371,196040.0,196040.0,2954112.0,30830908932096.0,184985453592576.0
E21,14.0,2600.0,10649600.0,18249181.208440527,4.06888,5.13237,5.13237,2.3744596512614122,2.9964083843729266,3.425621163665777,4.322903516612932,1.0635,5.0645,4.265737828700229,0.0678700000000001,0.057165687912703156,0.0004,1.58191,54.4259,195672.0,195672.0,2954112.0,31460111155200.0,188760666931200.0
E21,14.0,2744.0,11239424.0,19259905.090754155,3.99232,5.1245,5.1245,2.3297818453539945,2.991813677836762,3.3611647146453456,4.316274756278867,1.13218,5.0645,4.265737828700229,0.0600000000000005,0.050536927578638036,0.0004,1.76564,57.6644,194911.0,194911.0,2954112.0,33202517311488.0,199215103868928.0
E21,15.0,2800.0,11468800.0,19652964.378320567,3.98071,5.16995,5.16995,2.3230066451634888,3.018348545952223,3.3513901669294732,4.354556478919686,1.18924,5.0645,4.265737828700229,0.10545000000000027,0.08881865021945679,0.0004,1.594,59.0223,194313.0,194313.0,2954112.0,33880119705600.0,203280718233600.0
E21,15.0,2940.0,12042240.0,20635612.597236596,3.90137,5.1631,5.1631,2.27670652603216,3.0143493414067684,3.284593214666137,4.348786846354458,1.26173,5.0645,4.265737828700229,0.09860000000000024,0.08304901765422912,0.0004,1.69221,61.8712,194634.0,194634.0,2954112.0,35574125690880.0,213444754145280.0
E21,16.0,3000.0,12288000.0,21056747.548200607,3.88506,5.2161,5.2161,2.2671885660746107,3.045292091904446,3.270861701036001,4.393427799048922,1.33104,5.0645,4.265737828700229,0.15160000000000018,0.12768997034869312,0.0004,1.81548,63.1443,194602.0,194602.0,2954112.0,36300128256000.0,217800769536000.0
E21,16.0,3136.0,12845056.0,22011320.103719033,3.78743,5.20837,5.20837,2.210215026488127,3.040779120935634,3.18866625801269,4.386916958212541,1.42094,5.0645,4.265737828700229,0.1438700000000006,0.12117912951231169,0.0004,1.68898,65.9133,194878.0,194878.0,2954112.0,37945734070272.0,227674404421632.0
E21,17.0,3200.0,13107200.0,22460530.718080647,3.78162,5.26504,5.26504,2.2068245085633347,3.0738645109489053,3.183774774616547,4.434649086310564,1.48342,5.0645,4.265737828700229,0.20054000000000016,0.16891125761033532,0.0004,2.09767,67.2641,194862.0,194862.0,2954112.0,38720136806400.0,232320820838400.0
E21,17.0,3332.0,13647872.0,23387027.610201474,3.69787,5.2622,5.2622,2.157950863778248,3.0722064465826144,3.1132650096549335,4.432257005071842,1.56433,5.0645,4.265737828700229,0.1977000000000002,0.1665191763716134,0.0004,1.81322,69.8764,195315.0,195315.0,2954112.0,40317342449664.0,241904054697984.0
E21,18.0,3400.0,13926400.0,23864313.887960687,3.69267,5.32949,5.32949,2.1549163210572635,3.111492063205043,3.1088870899200036,4.4889341693512845,1.63682,5.0645,4.265737828700229,0.26499000000000006,0.22319634065105554,0.0004,1.99849,71.3997,195048.0,195048.0,2954112.0,41140145356800.0,246840872140800.0
E21,18.0,3528.0,14450688.0,24762735.11668391,3.60927,5.31901,5.31901,2.1062469243399353,3.105373572163238,3.0386719926328567,4.480107052667549,1.70975,5.0645,4.265737828700229,0.2545099999999998,0.21436922396731983,0.0004,2.05981,74.0784,195073.0,195073.0,2954112.0,42688950829056.0,256133704974336.0
E21,19.0,3600.0,14745600.0,25268097.057840727,3.59429,5.38819,5.38819,2.0975051070398685,3.1457626189449237,3.0260602161656927,4.5383761301657195,1.7939,5.0645,4.265737828700229,0.32369000000000003,0.2726383014654905,0.0004,2.09509,75.6848,194829.0,194829.0,2954112.0,43560153907200.0,261360923443200.0
E21,19.0,3724.0,15253504.0,26138442.623166353,3.50816,5.3905,5.3905,2.0472425753940238,3.1471112558062377,2.953546711017708,4.540321801877497,1.88234,5.0645,4.265737828700229,0.3260000000000005,0.27458397317726835,0.0004,2.46856,78.2493,194935.0,194935.0,2954112.0,45060559208448.0,270363355250688.0
E21,20.0,3800.0,15564800.0,26671880.227720767,3.48221,5.46193,5.46193,2.0320990400844954,3.1888139099203716,2.9316992077251243,4.600486014159866,1.97972,5.0645,4.265737828700229,0.39742999999999995,0.33474818545963725,0.0004,2.32522,79.8424,194944.0,194944.0,2954112.0,45980162457600.0,275880974745600.0
E21,20.0,3920.0,16056320.0,27514150.129648793,3.40609,5.45469,5.45469,1.9876780031765455,3.1845870134372927,2.8676131980668798,4.594387891565377,2.04859,5.0645,4.265737828700229,0.3901900000000005,0.3286500628651483,0.0004,2.31849,82.3048,195084.0,195084.0,2954112.0,47432167587840.0,284593005527040.0
E22,0.0,0.0,0.0,0.0,8.04498,8.04569,8.04569,4.694776057589567,4.697278834936961,6.773130136368707,6.7767408808362415,0.00070653,8.04569,6.7767408808362415,0.0,0.0,0.0004,,0.0,0.0,0.0,2954112.0,0.0,0.0
E22,1.0,196.0,802816.0,1375707.5064824396,6.79199,6.81479,6.81479,3.963573810672961,3.9786480502654284,5.718228280855252,5.739975811560477,0.0227998,6.81479,5.739975811560477,0.0,0.0,0.0004,0.66021,4.7131,170337.0,170337.0,2954112.0,2371608379392.0,14229650276352.0
E22,2.0,200.0,819200.0,1403783.1698800405,6.74041,6.76029,6.76029,3.9334734811444263,3.9468295615461186,5.674802684715312,5.694071435676547,0.0198838,6.76029,5.694071435676547,0.0,0.0,0.0004,0.505092,4.9425,165746.0,165746.0,2954112.0,2420008550400.0,14520051302400.0
E22,2.0,392.0,1605632.0,2751415.012964879,5.61911,5.70013,5.70013,3.2791210286367534,3.327881139515594,4.730771646488961,4.80111761664706,0.0810168,5.70013,4.80111761664706,0.0,0.0,0.0004,0.59477,8.93846,179632.0,179632.0,2954112.0,4743216758784.0,28459300552704.0
E22,3.0,400.0,1638400.0,2807566.339760081,5.5977,5.6849,5.6849,3.2666268825490072,3.31898947743862,4.712746403888027,4.7882896598633495,0.0871988,5.6849,4.7882896598633495,0.0,0.0,0.0004,0.651416,9.29167,176330.0,176330.0,2954112.0,4840017100800.0,29040102604800.0
E22,3.0,588.0,2408448.0,4127122.5194473187,5.32973,5.46871,5.46871,3.1102487262139666,3.19277224668215,4.487140413240105,4.6061966869762525,0.138982,5.46871,4.6061966869762525,0.0,0.0,0.0004,0.678574,13.1508,183141.0,183141.0,2954112.0,7114825138176.0,42688950829056.0
E22,4.0,600.0,2457600.0,4211349.509640121,5.32018,5.46347,5.46347,3.104675671793697,3.189713001161248,4.479100195265378,4.601783128634385,0.143284,5.46347,4.601783128634385,0.0,0.0,0.0004,0.739931,13.5381,181532.0,181532.0,2954112.0,7260025651200.0,43560153907200.0
E22,4.0,784.0,3211264.0,5502830.025929758,5.15649,5.3588,5.3588,3.009151768332553,3.12860398805574,4.341288333455629,4.51362145847345,0.202306,5.3588,4.51362145847345,0.0,0.0,0.0004,0.74533,17.3976,184581.0,184581.0,2954112.0,9486433517568.0,56918601105408.0
E22,5.0,800.0,3276800.0,5615132.679520162,5.15626,5.35583,5.35583,3.0090175481737402,3.126870026376908,4.341094694698123,4.511119880558308,0.19957,5.35583,4.511119880558308,0.0,0.0,0.0004,0.778366,17.8559,183514.0,183514.0,2954112.0,9680034201600.0,58080205209600.0
E22,5.0,980.0,4014080.0,6878537.532412198,5.03274,5.27661,5.27661,2.9369354872322013,3.080619371765096,4.2371022628407085,4.444394290511978,0.243867,5.27661,4.444394290511978,0.0,0.0,0.0004,0.840786,21.6861,185099.0,185099.0,2954112.0,11858041896960.0,71148251381760.0
E22,6.0,1000.0,4096000.0,7018915.849400202,5.02826,5.27667,5.27667,2.9343211119648918,3.0806544012939616,4.233330516607539,4.444444827439558,0.248408,5.27661,4.444394290511978,6.000000000039307e-05,5.0536927579614144e-05,0.0004,0.905298,22.2855,183796.0,183796.0,2954112.0,12100042752000.0,72600256512000.0
E22,6.0,1176.0,4816896.0,8254245.0388946375,4.92257,5.21514,5.21514,2.872644031160882,3.0447316194426013,4.144349297995086,4.392619208207663,0.292563,5.21514,4.392619208207663,0.0,0.0,0.0004,0.89438,26.0527,184890.0,184890.0,2954112.0,14229650276352.0,85377901658112.0
E22,7.0,1200.0,4915200.0,8422699.019280242,4.9145,5.21633,5.21633,2.8679346542842774,3.0454263717650965,4.137555103329531,4.3936215239379734,0.301834,5.21514,4.392619208207663,0.0011900000000002464,0.001002315730310066,0.0004,0.935291,26.7466,183769.0,183769.0,2954112.0,14520051302400.0,87120307814400.0
E22,7.0,1372.0,5619712.0,9629952.545377078,4.81572,5.16828,5.16828,2.8102900139037295,3.017373557398806,4.054391466518687,4.353149867768748,0.352557,5.16828,4.353149867768748,0.0,0.0,0.0004,0.968851,30.2718,185642.0,185642.0,2954112.0,16601258655744.0,99607551934464.0
E22,8.0,1400.0,5734400.0,9826482.189160284,4.80235,5.16839,5.16839,2.802487737715352,3.017437778201725,4.043135161354068,4.353242518802641,0.366044,5.16828,4.353149867768748,0.00010999999999938836,9.265103389299867e-05,0.0004,1.0457,31.0522,184670.0,184670.0,2954112.0,16940059852800.0,101640359116800.0
E22,8.0,1568.0,6422528.0,11005660.051859517,4.71085,5.12933,5.12933,2.749091457144183,2.9946335549104184,3.966100612172127,4.320342978948948,0.41848,5.12933,4.320342978948948,0.0,0.0,0.0004,1.02122,34.7054,185058.0,185058.0,2954112.0,18972867035136.0,113837202210816.0
E22,9.0,1600.0,6553600.0,11230265.359040324,4.6988,5.13394,5.13394,2.7420594879542093,2.997324990378235,3.955955625094068,4.32422589955124,0.435136,5.12933,4.320342978948948,0.004609999999999559,0.003882920602292117,0.0004,1.18178,35.5594,184300.0,184300.0,2954112.0,19360068403200.0,116160410419200.0
E22,9.0,1764.0,7225344.0,12381367.558341956,4.64038,5.10418,5.10418,2.7079675676157646,2.9799503440610486,3.9067713806874123,4.299159583472235,0.463793,5.10418,4.299159583472235,0.0,0.0,0.0004,1.07796,39.3074,183816.0,183816.0,2954112.0,21344475414528.0,128066852487168.0
E22,10.0,1800.0,7372800.0,12634048.528920364,4.61345,5.11117,5.11117,2.6922521377165123,2.984031284173856,3.884098807906323,4.305047135535147,0.497724,5.10418,4.299159583472235,0.006990000000000052,0.005887552062911361,0.0004,1.06811,40.3011,182943.0,182943.0,2954112.0,21780076953600.0,130680461721600.0
E22,10.0,1960.0,8028160.0,13757075.064824397,4.5282,5.08042,5.08042,2.642503144069603,2.9660786506303918,3.8123261814827103,4.2791469601510945,0.552228,5.08042,4.2791469601510945,0.0,0.0,0.0004,1.15754,43.7344,183566.0,183566.0,2954112.0,23716083793920.0,142296502763520.0
E22,11.0,2000.0,8192000.0,14037831.698800404,4.53435,5.0909,5.0909,2.6460920744030747,2.9721971416721966,3.817503913476906,4.28797407683483,0.556545,5.08042,4.2791469601510945,0.010480000000000267,0.008827116683735703,0.0004,1.15928,44.6622,183421.0,183421.0,2954112.0,24200085504000.0,145200513024000.0
E22,11.0,2156.0,8830976.0,15132782.571306836,4.44574,5.07081,5.07081,2.5943822993056833,2.960468087757133,3.742902477378416,4.271052628917249,0.625069,5.07081,4.271052628917249,0.0,0.0,0.0004,1.297,48.0916,183628.0,183628.0,2954112.0,26087692173312.0,156526153039872.0
E22,12.0,2200.0,9011200.0,15441614.868680445,4.43603,5.08014,5.08014,2.588715874340153,2.965915179495687,3.7347275541810756,4.278911121155728,0.644111,5.07081,4.271052628917249,0.009330000000000283,0.007858492238479009,0.0004,1.26911,49.3866,182462.0,182462.0,2954112.0,26620094054400.0,159720564326400.0
E22,12.0,2352.0,9633792.0,16508490.077789275,4.37943,5.06005,5.06005,2.5556860439540525,2.954186125580624,3.687075581681645,4.261989673238147,0.680621,5.06005,4.261989673238147,0.0,0.0,0.0004,1.32554,52.8884,182153.0,182153.0,2954112.0,28459300552704.0,170755803316224.0
E22,13.0,2400.0,9830400.0,16845398.038560484,4.35155,5.07839,5.07839,2.5394162264423126,2.9648934849037825,3.6636031966412896,4.277437127434684,0.726837,5.06005,4.261989673238147,0.018339999999999357,0.015447454196537258,0.0004,1.24859,54.0841,181761.0,181761.0,2954112.0,29040102604800.0,174240615628800.0
E22,13.0,2548.0,10436608.0,17884197.584271714,4.2781,5.0563,5.0563,2.496553310508407,2.951996780026543,3.601765080385403,4.258831115264482,0.778208,5.0563,4.258831115264482,0.0,0.0,0.0004,1.35593,57.2498,182299.0,182299.0,2954112.0,30830908932096.0,184985453592576.0
E22,14.0,2600.0,10649600.0,18249181.208440527,4.26071,5.07513,5.07513,2.4864050993703457,2.9629902138354347,3.587124306502628,4.274691287702911,0.81442,5.0563,4.258831115264482,0.01882999999999946,0.015860172438428854,0.0004,1.38772,58.7359,181313.0,181313.0,2954112.0,31460111155200.0,188760666931200.0
E22,14.0,2744.0,11239424.0,19259905.090754155,4.20424,5.06085,5.06085,2.45345113255227,2.9546531859654945,3.5395817819965707,4.262663498939196,0.856603,5.0563,4.258831115264482,0.004550000000000054,0.003832383674713391,0.0004,1.3754,61.9093,181547.0,181547.0,2954112.0,33202517311488.0,199215103868928.0
E22,15.0,2800.0,11468800.0,19652964.378320567,4.20527,5.08003,5.08003,2.4540522054373874,2.965850958692767,3.5404489468671425,4.278818470121833,0.874763,5.0563,4.258831115264482,0.023729999999999585,0.019987354857351036,0.0004,1.37238,63.1678,181561.0,181561.0,2954112.0,33880119705600.0,203280718233600.0
E22,15.0,2940.0,12042240.0,20635612.597236596,4.14589,5.06979,5.06979,2.419400061827376,2.9598725857664236,3.490456471124807,4.2701935011484125,0.923903,5.0563,4.258831115264482,0.013490000000000002,0.011362385883930237,0.0004,1.44038,66.0024,182451.0,182451.0,2954112.0,35574125690880.0,213444754145280.0
E22,16.0,3000.0,12288000.0,21056747.548200607,4.14212,5.0964,5.0964,2.417200018354663,2.975408181818182,3.4872824793169834,4.292606628529539,0.954284,5.0563,4.258831115264482,0.0400999999999998,0.03377551326505657,0.0004,1.40812,67.4062,182298.0,182298.0,2954112.0,36300128256000.0,217800769536000.0
E22,16.0,3136.0,12845056.0,22011320.103719033,4.06232,5.07229,5.07229,2.3706314589057085,2.961332149469144,3.420098249538634,4.272299206464188,1.00996,5.0563,4.258831115264482,0.015989999999999505,0.013468091199706045,0.0004,1.31899,70.1465,183118.0,183118.0,2954112.0,37945734070272.0,227674404421632.0
E22,17.0,3200.0,13107200.0,22460530.718080647,4.06384,5.10109,5.10109,2.3715184790856885,2.978146323324486,3.42137794915346,4.296556931701936,1.03725,5.0563,4.258831115264482,0.044789999999999885,0.03772581643745365,0.0004,1.50095,71.5808,183110.0,183110.0,2954112.0,38720136806400.0,232320820838400.0
E22,17.0,3332.0,13647872.0,23387027.610201474,3.99623,5.0909,5.0909,2.3320635880538116,2.9721971416721966,3.364456573522957,4.28797407683483,1.09467,5.0563,4.258831115264482,0.034600000000000186,0.029142961570348014,0.0004,1.47503,74.5372,183102.0,183102.0,2954112.0,40317342449664.0,241904054697984.0
E22,18.0,3400.0,13926400.0,23864313.887960687,4.00689,5.12008,5.12008,2.3382844006318297,2.9892331692103515,3.373431308979563,4.312551869280574,1.11319,5.0563,4.258831115264482,0.0637799999999995,0.053720754016091554,0.0004,1.62117,76.2322,182684.0,182684.0,2954112.0,41140145356800.0,246840872140800.0
E22,18.0,3528.0,14450688.0,24762735.11668391,3.94593,5.10569,5.10569,2.3027102228873657,2.980831920537492,3.3221086191639224,4.300431429482964,1.15976,5.0563,4.258831115264482,0.04938999999999982,0.041600314218482204,0.0004,1.4878,79.2181,182416.0,182416.0,2954112.0,42688950829056.0,256133704974336.0
E22,19.0,3600.0,14745600.0,25268097.057840727,3.94151,5.1334,5.1334,2.300130861574529,2.9970097246184473,3.318387387389232,4.323771067203032,1.19189,5.0563,4.258831115264482,0.07709999999999972,0.06493995193855007,0.0004,1.60372,80.9505,182156.0,182156.0,2954112.0,43560153907200.0,261360923443200.0
E22,19.0,3724.0,15253504.0,26138442.623166353,3.87802,5.12579,5.12579,2.2630802620831236,2.992566812707366,3.264934671241018,4.317361300221808,1.24777,5.0563,4.258831115264482,0.06949000000000005,0.05853018495732609,0.0004,1.58542,83.5816,182498.0,182498.0,2954112.0,45060559208448.0,270363355250688.0
E22,20.0,3800.0,15564800.0,26671880.227720767,3.86378,5.15562,5.15562,2.2547702835548895,3.0099823268082284,3.252945906428441,4.342486576049654,1.29183,5.0563,4.258831115264482,0.09931999999999963,0.08365546078517205,0.0004,1.63405,85.1959,182694.0,182694.0,2954112.0,45980162457600.0,275880974745600.0
E22,20.0,3920.0,16056320.0,27514150.129648793,3.80803,5.1431,5.1431,2.2222364841904887,3.002672831785003,3.2060095554241435,4.3319412038282445,1.33507,5.0563,4.258831115264482,0.08679999999999932,0.07311008856376233,0.0004,1.64855,87.7959,182882.0,182882.0,2954112.0,47432167587840.0,284593005527040.0
E23,0.0,0.0,0.0,0.0,8.04498,8.04569,8.04569,4.694776057589567,4.697278834936961,6.773130136368707,6.7767408808362415,0.00070653,8.04569,6.7767408808362415,0.0,0.0,0.0004,,0.0,0.0,0.0,2954112.0,0.0,0.0
E23,1.0,196.0,802816.0,1375707.5064824396,6.66866,6.69404,6.69404,3.8916026272539197,3.9081511234240214,5.6143958114496915,5.638270244808467,0.025375,6.69404,5.638270244808467,0.0,0.0,0.0004,0.644256,4.45175,180337.0,180337.0,2954112.0,2371608379392.0,14229650276352.0
E23,2.0,200.0,819200.0,1403783.1698800405,6.62465,6.64577,6.64577,3.865919891648049,3.879969867451891,5.577343456154639,5.597613286571453,0.0211139,6.64577,5.597613286571453,0.0,0.0,0.0004,0.567957,4.70402,174149.0,174149.0,2954112.0,2420008550400.0,14520051302400.0
E23,2.0,392.0,1605632.0,2751415.012964879,5.61214,5.69304,5.69304,3.2750535742588185,3.323741816854678,4.724903550228872,4.795145836371518,0.0809039,5.69304,4.795145836371518,0.0,0.0,0.0004,0.590515,8.63775,185886.0,185886.0,2954112.0,4743216758784.0,28459300552704.0
E23,3.0,400.0,1638400.0,2807566.339760081,5.59241,5.67856,5.67856,3.263539818896314,3.3152880238885203,4.708292712465378,4.78294959118254,0.0861465,5.67856,4.78294959118254,0.0,0.0,0.0004,0.648438,8.97889,182473.0,182473.0,2954112.0,4840017100800.0,29040102604800.0
E23,3.0,588.0,2408448.0,4127122.5194473187,5.33574,5.47155,5.47155,3.1137559573203357,3.1944303110484404,4.492200278164515,4.608588768214974,0.135811,5.47155,4.608588768214974,0.0,0.0,0.0004,0.680393,12.7313,189176.0,189176.0,2954112.0,7114825138176.0,42688950829056.0
E23,4.0,600.0,2457600.0,4211349.509640121,5.32712,5.46715,5.46715,3.108725619194396,3.1918614789316524,4.4849430342962275,4.604882726859207,0.140033,5.46715,4.604882726859207,0.0,0.0,0.0004,0.715096,13.108,187489.0,187489.0,2954112.0,7260025651200.0,43560153907200.0
E23,4.0,784.0,3211264.0,5502830.025929758,5.17621,5.3742,5.3742,3.020659688035979,3.137594900464499,4.35789075214271,4.526592603218633,0.197986,5.3742,4.526592603218633,0.0,0.0,0.0004,0.69883,16.8378,190718.0,190718.0,2954112.0,9486433517568.0,56918601105408.0
E23,5.0,800.0,3276800.0,5615132.679520162,5.17758,5.37053,5.37053,3.0214591733297764,3.135452260948905,4.359044165611335,4.523501427815074,0.192955,5.37053,4.523501427815074,0.0,0.0,0.0004,0.771061,17.3452,188916.0,188916.0,2954112.0,9680034201600.0,58080205209600.0
E23,5.0,980.0,4014080.0,6878537.532412198,5.06575,5.29856,5.29856,2.956198997851374,3.0934343410749836,4.264893634081101,4.462882383184497,0.232812,5.29856,4.462882383184497,0.0,0.0,0.0004,0.798364,21.2426,188964.0,188964.0,2954112.0,11858041896960.0,71148251381760.0
E23,6.0,1000.0,4096000.0,7018915.849400202,5.06435,5.29989,5.29989,2.9553820055803395,3.0942108289648314,4.263714963383235,4.464002618412491,0.235543,5.29856,4.462882383184497,0.0013300000000002754,0.00112023522799376,0.0004,0.852839,21.8782,187219.0,187219.0,2954112.0,12100042752000.0,72600256512000.0
E23,6.0,1176.0,4816896.0,8254245.0388946375,4.96729,5.2428,5.2428,2.8987410985613487,3.0608802322495023,4.181999407715484,4.415916731821416,0.275502,5.2428,4.415916731821416,0.0,0.0,0.0004,0.879931,25.4705,189116.0,189116.0,2954112.0,14229650276352.0,85377901658112.0
E23,7.0,1200.0,4915200.0,8422699.019280242,4.95932,5.24279,5.24279,2.8940900782755317,3.0608743939946916,4.1752894038140616,4.4159083090001525,0.283472,5.24279,4.4159083090001525,0.0,0.0,0.0004,0.891667,26.0933,188370.0,188370.0,2954112.0,14520051302400.0,87120307814400.0
E23,7.0,1372.0,5619712.0,9629952.545377078,4.87015,5.19552,5.19552,2.8420535062697265,3.0332769635036496,4.100216499436425,4.376093632889448,0.325375,5.19552,4.376093632889448,0.0,0.0,0.0004,0.894661,29.6405,189596.0,189596.0,2954112.0,16601258655744.0,99607551934464.0
E23,8.0,1400.0,5734400.0,9826482.189160284,4.86207,5.19667,5.19667,2.8373382937340432,3.0339483628069015,4.093413885694457,4.377062257334707,0.334603,5.19552,4.376093632889448,0.0011499999999999844,0.0009686244452584702,0.0004,0.98295,30.3549,188912.0,188912.0,2954112.0,16940059852800.0,101640359116800.0
E23,8.0,1568.0,6422528.0,11005660.051859517,4.77963,5.15719,5.15719,2.7892291202882817,3.0108989328135367,4.0240070197429905,4.343808958987962,0.377556,5.15719,4.343808958987962,0.0,0.0,0.0004,0.983721,33.7953,190042.0,190042.0,2954112.0,18972867035136.0,113837202210816.0
E23,9.0,1600.0,6553600.0,11230265.359040324,4.77113,5.16419,5.16419,2.784268810071288,3.0149857111811547,4.0168508047916625,4.349704933872136,0.393055,5.15719,4.343808958987962,0.006999999999999673,0.005895974884174038,0.0004,1.04613,34.5833,189502.0,189502.0,2954112.0,19360068403200.0,116160410419200.0
E23,9.0,1764.0,7225344.0,12381367.558341956,4.72134,5.12793,5.12793,2.755213063517861,2.993816199236895,3.974932223329707,4.3191637839721135,0.40659,5.12793,4.3191637839721135,0.0,0.0,0.0004,1.04603,38.0125,190078.0,190078.0,2954112.0,21344475414528.0,128066852487168.0
E23,10.0,1800.0,7372800.0,12634048.528920364,4.69319,5.133,5.133,2.7387856832109936,2.996776194426012,3.9512325232261922,4.323434154352507,0.439812,5.12793,4.3191637839721135,0.005069999999999908,0.004270370380393906,0.0004,0.998681,38.8747,189656.0,189656.0,2954112.0,21780076953600.0,130680461721600.0
E23,10.0,1960.0,8028160.0,13757075.064824397,4.6197,5.10272,5.10272,2.695899424640772,2.9790979588586595,3.889360730664652,4.2979298515678215,0.483027,5.10272,4.2979298515678215,0.0,0.0,0.0004,1.10428,42.1505,190464.0,190464.0,2954112.0,23716083793920.0,142296502763520.0
E23,11.0,2000.0,8192000.0,14037831.698800404,4.62358,5.10925,5.10925,2.6981636603633525,2.982910339250166,3.892627332313022,4.30342995385263,0.48567,5.10272,4.2979298515678215,0.006530000000000591,0.005500102284808683,0.0004,1.05638,43.1234,189967.0,189967.0,2954112.0,24200085504000.0,145200513024000.0
E23,11.0,2156.0,8830976.0,15132782.571306836,4.54682,5.08421,5.08421,2.653369141274359,2.968291349203716,3.8280025017643253,4.282339209409812,0.537397,5.08421,4.282339209409812,0.0,0.0,0.0004,1.11355,46.4765,190009.0,190009.0,2954112.0,26087692173312.0,156526153039872.0
E23,12.0,2200.0,9011200.0,15441614.868680445,4.54431,5.09544,5.09544,2.6519043908455764,2.9748477093563372,3.8258893135845806,4.29179803768828,0.551131,5.08421,4.282339209409812,0.011230000000000295,0.009458828278468445,0.0004,1.18387,47.5713,189425.0,189425.0,2954112.0,26620094054400.0,159720564326400.0
E23,12.0,2352.0,9633792.0,16508490.077789275,4.48941,5.06444,5.06444,2.6198666225028746,2.9567491194426014,3.779668584075415,4.26568729177265,0.575028,5.06444,4.26568729177265,0.0,0.0,0.0004,1.16446,50.7572,189802.0,189802.0,2954112.0,28459300552704.0,170755803316224.0
E23,13.0,2400.0,9830400.0,16845398.038560484,4.46946,5.0799,5.0799,2.6082244826406358,2.965775061380226,3.7628725266308276,4.278708973445413,0.610435,5.06444,4.26568729177265,0.01546000000000003,0.013021681672762853,0.0004,1.15503,51.8419,189623.0,189623.0,2954112.0,29040102604800.0,174240615628800.0
E23,13.0,2548.0,10436608.0,17884197.584271714,4.40591,5.05689,5.05689,2.5711388691947583,2.952341237060385,3.709369296024135,4.259328061719005,0.650975,5.05689,4.259328061719005,0.0,0.0,0.0004,1.15781,54.8684,190212.0,190212.0,2954112.0,30830908932096.0,184985453592576.0
E23,14.0,2600.0,10649600.0,18249181.208440527,4.3944,5.06922,5.06922,2.5644220255950407,2.959539805242203,3.699678939072396,4.269713400336415,0.674829,5.05689,4.259328061719005,0.012329999999999508,0.010385338617409978,0.0004,1.27642,56.0529,189992.0,189992.0,2954112.0,31460111155200.0,188760666931200.0
E23,14.0,2744.0,11239424.0,19259905.090754155,4.3474,5.05105,5.05105,2.536994427924604,2.9489316962508294,3.660109279929759,4.25440913410135,0.703652,5.05105,4.25440913410135,0.0,0.0,0.0004,1.28067,59.0089,190470.0,190470.0,2954112.0,33202517311488.0,199215103868928.0
E23,15.0,2800.0,11468800.0,19652964.378320567,4.34848,5.06564,5.06564,2.5376246791051162,2.9574497100199073,3.6610185401823983,4.266698030324223,0.717152,5.05105,4.25440913410135,0.014590000000000103,0.012288896222872658,0.0004,1.1848,60.276,190271.0,190271.0,2954112.0,33880119705600.0,203280718233600.0
E23,15.0,2940.0,12042240.0,20635612.597236596,4.29804,5.05092,5.05092,2.5081896147115668,2.948855798938288,3.6185527187535773,4.25429963742493,0.752879,5.05092,4.25429963742493,0.0,0.0,0.0004,1.33037,63.4342,189838.0,189838.0,2954112.0,35574125690880.0,213444754145280.0
E23,16.0,3000.0,12288000.0,21056747.548200607,4.30046,5.06774,5.06774,2.5096018442086403,2.9586757435301925,3.6205901352456022,4.268466822789476,0.767282,5.05092,4.25429963742493,0.016820000000000057,0.014167185364545531,0.0004,1.28131,64.777,189697.0,189697.0,2954112.0,36300128256000.0,217800769536000.0
E23,16.0,3136.0,12845056.0,22011320.103719033,4.23304,5.04485,5.04485,2.4702578306992606,2.9453119782680823,3.563828722066952,4.249186984918225,0.811805,5.04485,4.249186984918225,0.0,0.0,0.0004,1.18459,67.5227,190233.0,190233.0,2954112.0,37945734070272.0,227674404421632.0
E23,17.0,3200.0,13107200.0,22460530.718080647,4.23567,5.06193,5.06193,2.471792609036989,2.95528371748507,3.5660429391636566,4.263573163635611,0.826262,5.04485,4.249186984918225,0.017079999999999984,0.014386178717385789,0.0004,1.40716,68.9376,190131.0,190131.0,2954112.0,38720136806400.0,232320820838400.0
E23,17.0,3332.0,13647872.0,23387027.610201474,4.18022,5.04847,5.04847,2.439433879444953,2.947425426509622,3.519359160451759,4.25223604621547,0.868251,5.04485,4.249186984918225,0.0036199999999997345,0.003049061297244471,0.0004,1.27504,71.8972,189825.0,189825.0,2954112.0,40317342449664.0,241904054697984.0
E23,18.0,3400.0,13926400.0,23864313.887960687,4.19958,5.068,5.068,2.4507317154215413,2.9588275381552753,3.53565849238796,4.268685816142316,0.868415,5.04485,4.249186984918225,0.023149999999999338,0.019498831224090907,0.0004,1.54369,73.4727,189545.0,189545.0,2954112.0,41140145356800.0,246840872140800.0
E23,18.0,3528.0,14450688.0,24762735.11668391,4.14858,5.05266,5.05266,2.420969854119578,2.949871655275382,3.4927212026799928,4.2557652083247115,0.904075,5.04485,4.249186984918225,0.007810000000000095,0.006578223406486394,0.0004,1.2109,76.2023,189636.0,189636.0,2954112.0,42688950829056.0,256133704974336.0
E23,19.0,3600.0,14745600.0,25268097.057840727,4.14185,5.06461,5.06461,2.4170424555595345,2.956848369774386,3.4870551642538232,4.265830479734123,0.922759,5.04485,4.249186984918225,0.019759999999999778,0.016643494815897775,0.0004,1.39138,77.7887,189560.0,189560.0,2954112.0,43560153907200.0,261360923443200.0
E23,19.0,3724.0,15253504.0,26138442.623166353,4.09244,5.05721,5.05721,2.388208464051103,2.9525280612143336,3.4454565076955745,4.259597591999425,0.964774,5.04485,4.249186984918225,0.012360000000000149,0.010410607081199785,0.0004,1.52366,80.4151,189685.0,189685.0,2954112.0,45060559208448.0,270363355250688.0
E23,20.0,3800.0,15564800.0,26671880.227720767,4.08667,5.07742,5.07742,2.384841288762626,2.964327174187127,3.440598700605085,4.276620113772163,0.990748,5.04485,4.249186984918225,0.032569999999999766,0.02743312885393756,0.0004,1.43412,82.0968,189591.0,189591.0,2954112.0,45980162457600.0,275880974745600.0
E23,20.0,3920.0,16056320.0,27514150.129648793,4.04072,5.05971,5.05971,2.3580264352954656,2.953987624917054,3.4019130444858483,4.261703297315201,1.019,5.04485,4.249186984918225,0.014859999999999651,0.012516312396975593,0.0004,1.39675,84.6081,189773.0,189773.0,2954112.0,47432167587840.0,284593005527040.0
E24,0.0,0.0,0.0,0.0,8.04498,8.04569,8.04569,4.694776057589567,4.697278834936961,6.773130136368707,6.7767408808362415,0.00070653,8.04569,6.7767408808362415,0.0,0.0,0.0004,,0.0,0.0,0.0,2954112.0,0.0,0.0
E24,1.0,196.0,802816.0,1375707.5064824396,6.55427,6.5804,6.5804,3.8248485230513394,3.8418051957531523,5.518089996357643,5.542553303974526,0.0261364,6.5804,5.542553303974526,0.0,0.0,0.0004,0.514837,4.51681,177740.0,177740.0,2954112.0,2371608379392.0,14229650276352.0
E24,2.0,200.0,819200.0,1403783.1698800405,6.51858,6.54104,6.54104,3.804021055799044,3.818825824817518,5.48804231263848,5.509401079482939,0.0224654,6.54104,5.509401079482939,0.0,0.0,0.0004,0.503905,4.77064,171717.0,171717.0,2954112.0,2420008550400.0,14520051302400.0
E24,2.0,392.0,1605632.0,2751415.012964879,5.61792,5.69548,5.69548,3.278426585206374,3.3251663510285336,4.7297697763957744,4.797201004759716,0.0775678,5.69548,4.797201004759716,0.0,0.0,0.0004,0.593331,8.63256,185997.0,185997.0,2954112.0,4743216758784.0,28459300552704.0
E24,3.0,400.0,1638400.0,2807566.339760081,5.59986,5.68214,5.68214,3.267887384910032,3.3173781191108165,4.714564924393306,4.785964961194732,0.0822819,5.68214,4.785964961194732,0.0,0.0,0.0004,0.667308,8.95886,182880.0,182880.0,2954112.0,4840017100800.0,29040102604800.0
E24,3.0,588.0,2408448.0,4127122.5194473187,5.35627,5.48402,5.48402,3.1257365654091456,3.2017106147976113,4.509484642041076,4.619092026330068,0.127747,5.48402,4.619092026330068,0.0,0.0,0.0004,0.672572,12.6816,189917.0,189917.0,2954112.0,7114825138176.0,42688950829056.0
E24,4.0,600.0,2457600.0,4211349.509640121,5.34865,5.47984,5.47984,3.1212897931910875,3.1992702242866624,4.50306930581412,4.61557128704209,0.131191,5.47984,4.61557128704209,0.0,0.0,0.0004,0.683894,13.0893,187756.0,187756.0,2954112.0,7260025651200.0,43560153907200.0
E24,4.0,784.0,3211264.0,5502830.025929758,5.21182,5.39756,5.39756,3.041440470015644,3.151233063702721,4.387871083250568,4.54626831368925,0.185739,5.39756,4.54626831368925,0.0,0.0,0.0004,0.686867,16.6138,193289.0,193289.0,2954112.0,9486433517568.0,56918601105408.0
E24,5.0,800.0,3276800.0,5615132.679520162,5.2151,5.39289,5.39289,3.043354566193495,3.1485065987060388,4.390632540314138,4.54233485615938,0.177789,5.39289,4.54233485615938,0.0,0.0,0.0004,0.727966,17.0537,192146.0,192146.0,2954112.0,9680034201600.0,58080205209600.0
E24,5.0,980.0,4014080.0,6878537.532412198,5.1244,5.33736,5.33736,2.9904251383486313,3.116086769741208,4.314271517245263,4.49556292968535,0.212959,5.33736,4.49556292968535,0.0,0.0,0.0004,0.761579,20.5791,195056.0,195056.0,2954112.0,11858041896960.0,71148251381760.0
E24,6.0,1000.0,4096000.0,7018915.849400202,5.12345,5.3394,5.3394,2.989870750736144,3.117277773722628,4.313471704985997,4.497281185223024,0.215949,5.33736,4.49556292968535,0.0020400000000000418,0.0017182555376740183,0.0004,0.763064,21.1135,193999.0,193999.0,2954112.0,12100042752000.0,72600256512000.0
E24,6.0,1176.0,4816896.0,8254245.0388946375,5.04798,5.29225,5.29225,2.945829031668317,3.0897504022893165,4.249932935294618,4.457567582967477,0.244277,5.29225,4.457567582967477,0.0,0.0,0.0004,0.825323,24.8185,194085.0,194085.0,2954112.0,14229650276352.0,85377901658112.0
E24,7.0,1200.0,4915200.0,8422699.019280242,5.04136,5.29235,5.29235,2.941965825358141,3.0898087848374254,4.244359506708997,4.457651811180108,0.250993,5.29225,4.457567582967477,9.999999999976694e-05,8.422821263120994e-05,0.0004,0.828331,25.4441,193176.0,193176.0,2954112.0,14520051302400.0,87120307814400.0
E24,7.0,1372.0,5619712.0,9629952.545377078,4.96966,5.24987,5.24987,2.900124149763028,3.065007878400796,4.183994728825442,4.4218716664544315,0.280209,5.24987,4.4218716664544315,0.0,0.0,0.0004,0.826428,29.0658,193345.0,193345.0,2954112.0,16601258655744.0,99607551934464.0
E24,8.0,1400.0,5734400.0,9826482.189160284,4.9611,5.25055,5.25055,2.895128825591561,3.0654048797279363,4.176787999415634,4.422444418300323,0.289459,5.24987,4.4218716664544315,0.0006800000000000139,0.0005727518458913394,0.0004,0.851739,29.7959,192456.0,192456.0,2954112.0,16940059852800.0,101640359116800.0
E24,8.0,1568.0,6422528.0,11005660.051859517,4.89326,5.21389,5.21389,2.855539714400871,3.044001837591241,4.1196729850276235,4.3915663555497755,0.320629,5.21389,4.3915663555497755,0.0,0.0,0.0004,0.881646,33.185,193537.0,193537.0,2954112.0,18972867035136.0,113837202210816.0
E24,9.0,1600.0,6553600.0,11230265.359040324,4.88977,5.22144,5.22144,2.8535030693823646,3.0484097199734577,4.116734727359373,4.397925585603421,0.331674,5.21389,4.3915663555497755,0.007550000000000168,0.006359230053645248,0.0004,0.934574,33.9887,192817.0,192817.0,2954112.0,19360068403200.0,116160410419200.0
E24,9.0,1764.0,7225344.0,12381367.558341956,4.85217,5.18788,5.18788,2.831560991246015,3.0288165368281352,4.085079000045264,4.3696585974444355,0.335708,5.18788,4.3696585974444355,0.0,0.0,0.0004,0.938206,37.1982,194239.0,194239.0,2954112.0,21344475414528.0,128066852487168.0
E24,10.0,1800.0,7372800.0,12634048.528920364,4.82362,5.18779,5.18779,2.8149001845759947,3.0287639925348375,4.061042536885215,4.369582792053068,0.364177,5.18779,4.369582792053068,0.0,0.0,0.0004,0.941672,38.028,193878.0,193878.0,2954112.0,21780076953600.0,130680461721600.0
E24,10.0,1960.0,8028160.0,13757075.064824397,4.77138,5.1625,5.1625,2.784414701548258,3.013999046118115,4.017061281701995,4.348281477078671,0.391118,5.1625,4.348281477078671,0.0,0.0,0.0004,0.949465,41.1833,194937.0,194937.0,2954112.0,23716083793920.0,142296502763520.0
E24,11.0,2000.0,8192000.0,14037831.698800404,4.78038,5.16601,5.16601,2.7896667947191927,3.016048273556735,4.024638450473989,4.351237887342021,0.385631,5.1625,4.348281477078671,0.003510000000000346,0.002956410263350584,0.0004,0.974038,42.072,194714.0,194714.0,2954112.0,24200085504000.0,145200513024000.0
E24,11.0,2156.0,8830976.0,15132782.571306836,4.71082,5.13781,5.13781,2.7490739501669466,2.9995843949900465,3.966075354942887,4.327485531380062,0.426994,5.13781,4.327485531380062,0.0,0.0,0.0004,0.964715,45.134,195661.0,195661.0,2954112.0,26087692173312.0,156526153039872.0
E24,12.0,2200.0,9011200.0,15441614.868680445,4.71119,5.14495,5.14495,2.7492898695528627,3.0037529089250166,3.9663868607701804,4.33349942576192,0.433757,5.13781,4.327485531380062,0.007139999999999702,0.006013894381857732,0.0004,1.01756,46.1243,195368.0,195368.0,2954112.0,26620094054400.0,159720564326400.0
E24,12.0,2352.0,9633792.0,16508490.077789275,4.66418,5.11496,5.11496,2.721856436223347,2.98624398274718,3.92680878255113,4.308239384793864,0.450776,5.11496,4.308239384793864,0.0,0.0,0.0004,1.00751,49.2904,195450.0,195450.0,2954112.0,28459300552704.0,170755803316224.0
E24,13.0,2400.0,9830400.0,16845398.038560484,4.64795,5.12488,5.12488,2.7123851615384282,2.9920355315195755,3.9131446215323002,4.316594823486866,0.476927,5.11496,4.308239384793864,0.009920000000000151,0.008355438693001815,0.0004,0.993176,50.442,194885.0,194885.0,2954112.0,29040102604800.0,174240615628800.0
E24,13.0,2548.0,10436608.0,17884197.584271714,4.59524,5.10036,5.10036,2.681625402533988,2.9777201307232914,3.8687676697576547,4.2959420657497285,0.50512,5.10036,4.2959420657497285,0.0,0.0,0.0004,1.04655,53.5182,195010.0,195010.0,2954112.0,30830908932096.0,184985453592576.0
E24,14.0,2600.0,10649600.0,18249181.208440527,4.593,5.11144,5.11144,2.680318214900333,2.9841889170537494,3.8668817966410693,4.3052745517092506,0.518433,5.10036,4.2959420657497285,0.011079999999999757,0.009332485959522074,0.0004,1.04498,54.7245,194604.0,194604.0,2954112.0,31460111155200.0,188760666931200.0
E24,14.0,2744.0,11239424.0,19259905.090754155,4.55396,5.09094,5.09094,2.6575358018566337,2.97222049469144,3.8340137223234403,4.288007768119882,0.536976,5.09094,4.288007768119882,0.0,0.0,0.0004,1.15571,57.7137,194744.0,194744.0,2954112.0,33202517311488.0,199215103868928.0
E24,15.0,2800.0,11468800.0,19652964.378320567,4.55701,5.09769,5.09769,2.659315677875673,2.9761613166887857,3.8365815406295054,4.293693172472479,0.540687,5.09094,4.288007768119882,0.006750000000000256,0.005685404352597345,0.0004,1.06797,58.9881,194426.0,194426.0,2954112.0,33880119705600.0,203280718233600.0
E24,15.0,2940.0,12042240.0,20635612.597236596,4.52083,5.08444,5.08444,2.6382022633285156,2.9684256290643662,3.8061213221660886,4.282532934298863,0.563608,5.08444,4.282532934298863,0.0,0.0,0.0004,1.09458,61.7973,194867.0,194867.0,2954112.0,35574125690880.0,213444754145280.0
E24,16.0,3000.0,12288000.0,21056747.548200607,4.52134,5.08905,5.08905,2.6384998819415353,2.9711170645321836,3.8065506950631685,4.286415854901156,0.567716,5.08444,4.282532934298863,0.004610000000000447,0.003882920602293005,0.0004,1.08482,63.0608,194860.0,194860.0,2954112.0,36300128256000.0,217800769536000.0
E24,16.0,3136.0,12845056.0,22011320.103719033,4.46934,5.06867,5.06867,2.60815445473169,2.9592187012276048,3.7627714977138678,4.269250145166945,0.599324,5.06867,4.269250145166945,0.0,0.0,0.0004,1.03619,65.7643,195320.0,195320.0,2954112.0,37945734070272.0,227674404421632.0
E24,17.0,3200.0,13107200.0,22460530.718080647,4.46935,5.07376,5.07376,2.608160290390769,2.9621903729263437,3.762779916790281,4.273537361189866,0.604402,5.06867,4.269250145166945,0.005090000000000039,0.0042872160229210365,0.0004,1.17747,67.0993,195340.0,195340.0,2954112.0,38720136806400.0,232320820838400.0
E24,17.0,3332.0,13647872.0,23387027.610201474,4.42692,5.06015,5.06015,2.5833995889193515,2.954244508128733,3.727057775568535,4.262073901450778,0.633228,5.06015,4.262073901450778,0.0,0.0,0.0004,1.11211,69.7787,195588.0,195588.0,2954112.0,40317342449664.0,241904054697984.0
E24,18.0,3400.0,13926400.0,23864313.887960687,4.45158,5.0727,5.0727,2.597790324207712,2.9615715179163904,3.747819218003799,4.272644542135977,0.621123,5.06015,4.262073901450778,0.012550000000000061,0.01057064068519864,0.0004,1.15191,71.1836,195640.0,195640.0,2954112.0,41140145356800.0,246840872140800.0
E24,18.0,3528.0,14450688.0,24762735.11668391,4.40752,5.05668,5.05668,2.572078410306448,2.9522186337093563,3.7107247673266808,4.25915118247248,0.649163,5.05668,4.25915118247248,0.0,0.0,0.0004,1.12194,73.7674,195895.0,195895.0,2954112.0,42688950829056.0,256133704974336.0
E24,19.0,3600.0,14745600.0,25268097.057840727,4.39843,5.05561,5.05561,2.5667737962038037,2.951593940444592,3.7030718268669665,4.258249940597327,0.657183,5.05561,4.258249940597327,0.0,0.0,0.0004,1.21485,75.3326,195740.0,195740.0,2954112.0,43560153907200.0,261360923443200.0
E24,19.0,3724.0,15253504.0,26138442.623166353,4.36578,5.05287,5.05287,2.5477203693114685,2.9499942586264103,3.675583542377454,4.255942087571237,0.687091,5.05287,4.255942087571237,0.0,0.0,0.0004,1.21565,78.0067,195541.0,195541.0,2954112.0,45060559208448.0,270363355250688.0
E24,20.0,3800.0,15564800.0,26671880.227720767,4.3615,5.05833,5.05833,2.545222707225735,2.953181945753152,3.6719801776725505,4.260540947980893,0.696827,5.05287,4.255942087571237,0.005459999999999354,0.004598860409656069,0.0004,1.18,79.6851,195329.0,195329.0,2954112.0,45980162457600.0,275880974745600.0
E24,20.0,3920.0,16056320.0,27514150.129648793,4.33121,5.04712,5.04712,2.5275464958760003,2.9466372621101526,3.6464787952165825,4.25109896534495,0.715912,5.04712,4.25109896534495,0.0,0.0,0.0004,1.10689,82.2088,195312.0,195312.0,2954112.0,47432167587840.0,284593005527040.0
E25,0.0,0.0,0.0,0.0,8.04624,8.04701,8.04701,4.695511350633497,4.698049484571998,6.774190939996785,6.777852693242972,0.000776285,8.04701,6.777852693242972,0.0,0.0,0.0004,,0.0,0.0,0.0,2954112.0,0.0,0.0
E25,1.0,196.0,802816.0,1375707.5064824396,6.38923,6.42297,6.42297,3.7285368056145556,3.7498935502654285,5.379141559232097,5.409952828829443,0.0337388,6.42297,5.409952828829443,0.0,0.0,0.0004,0.573426,4.27627,187737.0,187737.0,2954112.0,2371608379392.0,14229650276352.0
E25,2.0,200.0,819200.0,1403783.1698800405,6.35738,6.38821,6.38821,3.7099502314485253,3.7295997765428,5.35232680085565,5.380675102118884,0.0308258,6.38821,5.380675102118884,0.0,0.0,0.0004,0.575947,4.49542,182230.0,182230.0,2954112.0,2420008550400.0,14520051302400.0
E25,2.0,392.0,1605632.0,2751415.012964879,5.55399,5.6435,5.6435,3.2411192167155014,3.2948191025215663,4.675946620885376,4.753419179834089,0.0895073,5.6435,4.753419179834089,0.0,0.0,0.0004,0.608046,8.06739,199027.0,199027.0,2954112.0,4743216758784.0,28459300552704.0
E25,3.0,400.0,1638400.0,2807566.339760081,5.53614,5.63002,5.63002,3.230702565259814,3.2869491350364965,4.6609185694875865,4.7420652167714215,0.0938755,5.63002,4.7420652167714215,0.0,0.0,0.0004,0.633492,8.36643,195830.0,195830.0,2954112.0,4840017100800.0,29040102604800.0
E25,3.0,588.0,2408448.0,4127122.5194473187,5.30647,5.45147,5.45147,3.0966749831966403,3.182707095388188,4.467557641502707,4.591675743118656,0.145,5.45147,4.591675743118656,0.0,0.0,0.0004,0.664899,12.0128,200491.0,200491.0,2954112.0,7114825138176.0,42688950829056.0
E25,4.0,600.0,2457600.0,4211349.509640121,5.29844,5.44766,5.44766,3.091988948956351,3.180482720305242,4.460797123142806,4.5884666482174135,0.149219,5.44766,4.5884666482174135,0.0,0.0,0.0004,0.709948,12.4101,198032.0,198032.0,2954112.0,7260025651200.0,43560153907200.0
E25,4.0,784.0,3211264.0,5502830.025929758,5.15814,5.36738,5.36738,3.010114652080558,3.133613210683477,4.342677481063829,4.5208482391171945,0.209233,5.36738,4.5208482391171945,0.0,0.0,0.0004,0.68024,16.1594,198724.0,198724.0,2954112.0,9486433517568.0,56918601105408.0
E25,5.0,800.0,3276800.0,5615132.679520162,5.15904,5.36445,5.36445,3.0106398613976513,3.1319026020238883,4.3434351979410275,4.518380352487105,0.205406,5.36445,4.518380352487105,0.0,0.0,0.0004,0.73253,16.6105,197272.0,197272.0,2954112.0,9680034201600.0,58080205209600.0
E25,5.0,980.0,4014080.0,6878537.532412198,5.04842,5.29375,5.29375,2.9460858006677855,3.090626140510949,4.250303374656806,4.4588310061569425,0.245332,5.29375,4.4588310061569425,0.0,0.0,0.0004,0.788417,19.9921,200783.0,200783.0,2954112.0,11858041896960.0,71148251381760.0
E25,6.0,1000.0,4096000.0,7018915.849400202,5.0443,5.29561,5.29561,2.9436815091273125,3.091712055905773,4.246834715174514,4.46039765091188,0.251309,5.29375,4.4588310061569425,0.0018599999999997507,0.0015666447549378404,0.0004,0.811564,20.4701,200097.0,200097.0,2954112.0,12100042752000.0,72600256512000.0
E25,6.0,1176.0,4816896.0,8254245.0388946375,4.94592,5.23652,5.23652,2.886270295109918,3.057213808228268,4.1640078414202035,4.410627200068184,0.290605,5.23652,4.410627200068184,0.0,0.0,0.0004,0.858806,23.778,202578.0,202578.0,2954112.0,14229650276352.0,85377901658112.0
E25,7.0,1200.0,4915200.0,8422699.019280242,4.93531,5.23583,5.23583,2.880078660827294,3.0568109686463174,4.155075201345664,4.410046025401031,0.300511,5.23583,4.410046025401031,0.0,0.0,0.0004,0.871969,24.4309,201188.0,201188.0,2954112.0,14520051302400.0,87120307814400.0
E25,7.0,1372.0,5619712.0,9629952.545377078,4.84183,5.18707,5.18707,2.8255269197585187,3.028343638188454,4.076373675033883,4.368976348922124,0.345238,5.18707,4.368976348922124,0.0,0.0,0.0004,0.896678,27.923,201258.0,201258.0,2954112.0,16601258655744.0,99607551934464.0
E25,8.0,1400.0,5734400.0,9826482.189160284,4.82928,5.18683,5.18683,2.8182031676146044,3.0282035200729926,4.065807734135158,4.368774201211809,0.357546,5.18683,4.368774201211809,0.0,0.0,0.0004,0.979265,28.6305,200290.0,200290.0,2954112.0,16940059852800.0,101640359116800.0
E25,8.0,1568.0,6422528.0,11005660.051859517,4.74428,5.14807,5.14807,2.768600065444666,3.0055744444260117,3.994245584621879,4.336127345996009,0.403788,5.14807,4.336127345996009,0.0,0.0,0.0004,1.0001,31.9018,201322.0,201322.0,2954112.0,18972867035136.0,113837202210816.0
E25,9.0,1600.0,6553600.0,11230265.359040324,4.73393,5.15354,5.15354,2.7625601582980908,3.0087679698075647,3.9855318405340854,4.340734629226928,0.419616,5.14807,4.336127345996009,0.005469999999999864,0.004607283230918746,0.0004,1.03981,32.6004,201028.0,201028.0,2954112.0,19360068403200.0,116160410419200.0
E25,9.0,1764.0,7225344.0,12381367.558341956,4.67969,5.11968,5.11968,2.7309075434545913,2.9889996390179165,3.9398667700682,4.31221495643005,0.439989,5.11968,4.31221495643005,0.0,0.0,0.0004,1.0491,35.6546,202648.0,202648.0,2954112.0,21344475414528.0,128066852487168.0
E25,10.0,1800.0,7372800.0,12634048.528920364,4.65042,5.12311,5.12311,2.7138265693308963,2.991002160418049,3.915224133406393,4.315103984123295,0.472689,5.11968,4.31221495643005,0.003429999999999822,0.002889027693245616,0.0004,1.049,36.4905,202047.0,202047.0,2954112.0,21780076953600.0,130680461721600.0
E25,10.0,1960.0,8028160.0,13757075.064824397,4.57466,5.09621,5.09621,2.6696156161497835,2.975297254976775,3.8514412104990274,4.292446594925539,0.521546,5.09621,4.292446594925539,0.0,0.0,0.0004,1.12912,39.6083,202689.0,202689.0,2954112.0,23716083793920.0,142296502763520.0
E26,0.0,0.0,0.0,0.0,8.04482,8.04551,8.04551,4.694682687044305,4.697173746350365,6.772995431146093,6.776589270053505,0.00069163,8.04551,6.776589270053505,0.0,0.0,0.0004,,0.0,0.0,0.0,2954112.0,0.0,0.0
E26,1.0,196.0,802816.0,1375707.5064824396,6.6329,6.65841,6.65841,3.8707343103880727,3.887349421532847,5.584289194195635,5.608259732648019,0.0255041,6.65841,5.608259732648019,0.0,0.0,0.0004,0.624063,4.11552,195070.0,195070.0,2954112.0,2371608379392.0,14229650276352.0
E26,2.0,200.0,819200.0,1403783.1698800405,6.58985,6.6112,6.6112,3.8456117980537683,3.8597870205706704,5.548045070236261,5.568495593464894,0.0213509,6.6112,5.568495593464894,0.0,0.0,0.0004,0.608035,4.32235,189526.0,189526.0,2954112.0,2420008550400.0,14520051302400.0
E26,2.0,392.0,1605632.0,2751415.012964879,5.61221,5.69335,5.69335,3.2750944238723703,3.3239228027538155,4.724962483763766,4.795406943830674,0.0811397,5.69335,4.795406943830674,0.0,0.0,0.0004,0.611415,7.84206,204746.0,204746.0,2954112.0,4743216758784.0,28459300552704.0
E26,3.0,400.0,1638400.0,2807566.339760081,5.59287,5.6795,5.6795,3.2638082592139392,3.3158368198407433,4.708679989980391,4.783741336381271,0.0866225,5.6795,4.783741336381271,0.0,0.0,0.0004,0.666977,8.12281,201704.0,201704.0,2954112.0,4840017100800.0,29040102604800.0
E26,3.0,588.0,2408448.0,4127122.5194473187,5.34026,5.47585,5.47585,3.1163936752239603,3.1969407606171205,4.496005700703338,4.61221058135811,0.135585,5.47585,4.61221058135811,0.0,0.0,0.0004,0.699711,11.7595,204809.0,204809.0,2954112.0,7114825138176.0,42688950829056.0
E26,4.0,600.0,2457600.0,4211349.509640121,5.331,5.47107,5.47107,3.1109898549169768,3.1941500748175184,4.488209635944599,4.6081844727943455,0.140071,5.47107,4.6081844727943455,0.0,0.0,0.0004,0.721666,12.1299,202608.0,202608.0,2954112.0,7260025651200.0,43560153907200.0
E26,4.0,784.0,3211264.0,5502830.025929758,5.18404,5.3822,5.3822,3.025229009094692,3.142265504313205,4.364482888974345,4.5333308602291185,0.198165,5.3822,4.5333308602291185,0.0,0.0,0.0004,0.713346,15.6945,204611.0,204611.0,2954112.0,9486433517568.0,56918601105408.0
E26,5.0,800.0,3276800.0,5615132.679520162,5.1865,5.37856,5.37856,3.0266645812280806,3.140140379562044,4.366553981772023,4.530264953289349,0.192063,5.37856,4.530264953289349,0.0,0.0,0.0004,0.778928,16.1283,203170.0,203170.0,2954112.0,9680034201600.0,58080205209600.0
E26,5.0,980.0,4014080.0,6878537.532412198,5.07907,5.3093,5.3093,2.963972095744357,3.0997046267418717,4.2761078438636515,4.471928493221074,0.230231,5.3093,4.471928493221074,0.0,0.0,0.0004,0.836992,19.8728,201989.0,201989.0,2954112.0,11858041896960.0,71148251381760.0
E26,6.0,1000.0,4096000.0,7018915.849400202,5.07755,5.31078,5.31078,2.963085075564377,3.1005686884538823,4.2748281442488265,4.473175070768014,0.233235,5.3093,4.471928493221074,0.0014799999999999258,0.0012465775469401308,0.0004,0.899296,20.4331,200459.0,200459.0,2954112.0,12100042752000.0,72600256512000.0
E26,6.0,1176.0,4816896.0,8254245.0388946375,4.98665,5.25747,5.25747,2.910038934537937,3.069444952057067,4.198298739651684,4.428273010614393,0.270825,5.25747,4.428273010614393,0.0,0.0,0.0004,0.868718,23.9504,201120.0,201120.0,2954112.0,14229650276352.0,85377901658112.0
E26,7.0,1200.0,4915200.0,8422699.019280242,4.98052,5.26041,5.26041,2.9064616755226225,3.0711613989714666,4.193137845810315,4.430749320065746,0.279898,5.25747,4.428273010614393,0.002940000000000609,0.0024763094513531314,0.0004,0.925877,24.5782,199982.0,199982.0,2954112.0,14520051302400.0,87120307814400.0
E26,7.0,1372.0,5619712.0,9629952.545377078,4.89482,5.21408,5.21408,2.8564500772171666,3.0441127644326476,4.120986360948103,4.391726389153774,0.319261,5.21408,4.391726389153774,0.0,0.0,0.0004,0.957612,27.953,201042.0,201042.0,2954112.0,16601258655744.0,99607551934464.0
E26,8.0,1400.0,5734400.0,9826482.189160284,4.88915,5.21662,5.21662,2.8531412585194778,3.045595681154612,4.1162127446217465,4.3938657857546035,0.32747,5.21408,4.391726389153774,0.0025399999999997647,0.00213939660082918,0.0004,0.973115,28.5799,200645.0,200645.0,2954112.0,16940059852800.0,101640359116800.0
E26,8.0,1568.0,6422528.0,11005660.051859517,4.81179,5.17883,5.17883,2.807996599885755,3.0235329162242865,4.05108276948825,4.362035944201324,0.367038,5.17883,4.362035944201324,0.0,0.0,0.0004,0.959446,31.9,201333.0,201333.0,2954112.0,18972867035136.0,113837202210816.0
E26,9.0,1600.0,6553600.0,11230265.359040324,4.80659,5.18741,5.18741,2.8049620571647704,3.028542138852024,4.046704849753319,4.369262724845069,0.380812,5.17883,4.362035944201324,0.008580000000000254,0.0072267806437453785,0.0004,1.06263,32.7138,200332.0,200332.0,2954112.0,19360068403200.0,116160410419200.0
E26,9.0,1764.0,7225344.0,12381367.558341956,4.76169,5.15622,5.15622,2.778759947900885,3.0103326220968816,4.008903196657481,4.3429919453254415,0.394527,5.15622,4.3429919453254415,0.0,0.0,0.0004,1.01215,36.2368,199392.0,199392.0,2954112.0,21344475414528.0,128066852487168.0
E26,10.0,1800.0,7372800.0,12634048.528920364,4.73803,5.15912,5.15912,2.7649527785204056,3.012025715992037,3.9889836618635495,4.345434563491741,0.421092,5.15622,4.3429919453254415,0.0028999999999994586,0.0024426181662997593,0.0004,1.04902,37.0299,199104.0,199104.0,2954112.0,21780076953600.0,130680461721600.0
E26,10.0,1960.0,8028160.0,13757075.064824397,4.67165,5.13588,5.13588,2.7262156735552225,2.9984576118115465,3.933097832631885,4.325859926876283,0.464228,5.13588,4.325859926876283,0.0,0.0,0.0004,1.06165,40.5132,198161.0,198161.0,2954112.0,23716083793920.0,142296502763520.0
E27,0.0,0.0,0.0,0.0,8.05605,8.05737,8.05737,4.701236132189816,4.704097916556072,6.782450053958259,6.78657873607155,0.00132154,8.05737,6.78657873607155,0.0,0.0,0.0004,,0.0,0.0,0.0,2954112.0,0.0,0.0
E27,1.0,196.0,802816.0,1375707.5064824396,6.59902,6.62188,6.62188,3.8509630974290427,3.866022276708693,5.555765363307282,5.577491166573891,0.0228542,6.62188,5.577491166573891,0.0,0.0,0.0004,0.51662,4.75923,168686.0,168686.0,2954112.0,2371608379392.0,14229650276352.0
E27,2.0,200.0,819200.0,1403783.1698800405,6.57055,6.58733,6.58733,3.8343489760316527,3.8458511063370935,5.53179625275854,5.548390319109858,0.0167807,6.58733,5.548390319109858,0.0,0.0,0.0004,0.473926,5.01148,163465.0,163465.0,2954112.0,2420008550400.0,14520051302400.0
E27,2.0,392.0,1605632.0,2751415.012964879,5.75918,5.82128,5.82128,3.360861105353733,3.398611596549436,4.848697649810431,4.903160096249594,0.0621008,5.82128,4.903160096249594,0.0,0.0,0.0004,0.621051,8.95898,179220.0,179220.0,2954112.0,4743216758784.0,28459300552704.0
E27,3.0,400.0,1638400.0,2807566.339760081,5.73952,5.80782,5.80782,3.3493881996047805,3.3907533055739885,4.832145745581831,4.891822978829453,0.0683002,5.80782,4.891822978829453,0.0,0.0,0.0004,0.631585,9.28269,176501.0,176501.0,2954112.0,4840017100800.0,29040102604800.0
E27,3.0,588.0,2408448.0,4127122.5194473187,5.47646,5.57917,5.57917,3.1958753518774388,3.257261609323159,4.610673521452852,4.699235170648525,0.102709,5.57917,4.699235170648525,0.0,0.0,0.0004,0.629782,13.1994,182467.0,182467.0,2954112.0,7114825138176.0,42688950829056.0
E27,4.0,600.0,2457600.0,4211349.509640121,5.46615,5.57401,5.57401,3.189858787367179,3.2542490698407436,4.601993453670712,4.694888994876763,0.107865,5.57401,4.694888994876763,0.0,0.0,0.0004,0.679519,13.7114,179238.0,179238.0,2954112.0,7260025651200.0,43560153907200.0
E27,4.0,784.0,3211264.0,5502830.025929758,5.31385,5.47045,5.47045,3.1009816995968067,3.1937881030192434,4.473770919895743,4.607662257876032,0.156595,5.47045,4.607662257876032,0.0,0.0,0.0004,0.678126,18.5239,173357.0,173357.0,2954112.0,9486433517568.0,56918601105408.0
E27,5.0,800.0,3276800.0,5615132.679520162,5.31426,5.4669,5.4669,3.101220961619038,3.1917155225613802,4.474116102028688,4.60467215632763,0.15264,5.4669,4.60467215632763,0.0,0.0,0.0004,0.71157,19.0608,171913.0,171913.0,2954112.0,9680034201600.0,58080205209600.0
E27,5.0,980.0,4014080.0,6878537.532412198,5.2195,5.4023,5.4023,3.0459222561881747,3.154000396483079,4.394336933936002,4.550260730967963,0.182804,5.4023,4.550260730967963,0.0,0.0,0.0004,0.732529,23.0703,173994.0,173994.0,2954112.0,11858041896960.0,71148251381760.0
E27,6.0,1000.0,4096000.0,7018915.849400202,5.21578,5.40479,5.40479,3.0437513910108547,3.155454121930989,4.391205037510244,4.552358013462476,0.189017,5.4023,4.550260730967963,0.002489999999999881,0.0020972824945131308,0.0004,0.742991,23.6765,172999.0,172999.0,2954112.0,12100042752000.0,72600256512000.0
E27,6.0,1176.0,4816896.0,8254245.0388946375,5.14172,5.35991,5.35991,3.0005324998731417,3.129252034339748,4.328853357593146,4.514556391633655,0.218197,5.35991,4.514556391633655,0.0,0.0,0.0004,0.737965,27.4434,175521.0,175521.0,2954112.0,14229650276352.0,85377901658112.0
E27,7.0,1200.0,4915200.0,8422699.019280242,5.13422,5.35933,5.35933,2.996155755564029,3.128913415560717,4.32253905028315,4.514067868000395,0.22511,5.35933,4.514067868000395,0.0,0.0,0.0004,0.748181,28.1289,174738.0,174738.0,2954112.0,14520051302400.0,87120307814400.0
E27,7.0,1372.0,5619712.0,9629952.545377078,5.06172,5.31713,5.31713,2.953847227242611,3.1042759802587923,4.26150074628653,4.478523562270086,0.255413,5.31713,4.478523562270086,0.0,0.0,0.0004,0.792413,32.1021,175058.0,175058.0,2954112.0,16601258655744.0,99607551934464.0
E27,8.0,1400.0,5734400.0,9826482.189160284,5.04971,5.31679,5.31679,2.9468386006889524,3.1040774795952224,4.251389435514124,4.47823718634714,0.267076,5.31679,4.47823718634714,0.0,0.0,0.0004,0.828577,32.8522,174551.0,174551.0,2954112.0,16940059852800.0,101640359116800.0
E27,8.0,1568.0,6422528.0,11005660.051859517,4.97766,5.27518,5.27518,2.904792677026081,3.07978450132714,4.190729989956104,4.443189827071354,0.297517,5.27518,4.443189827071354,0.0,0.0,0.0004,0.877248,36.457,176167.0,176167.0,2954112.0,18972867035136.0,113837202210816.0
E27,9.0,1600.0,6553600.0,11230265.359040324,4.96821,5.27646,5.27646,2.8992779791965995,3.080531797942933,4.182773962745509,4.4442679481930325,0.308249,5.27518,4.443189827071354,0.001280000000000392,0.001078121121678599,0.0004,0.896943,37.2807,175791.0,175791.0,2954112.0,19360068403200.0,116160410419200.0
E27,9.0,1764.0,7225344.0,12381367.558341956,4.92124,5.23689,5.23689,2.8718678885033992,3.0574298236562707,4.143229560832113,4.41093884445492,0.315648,5.23689,4.41093884445492,0.0,0.0,0.0004,0.902101,40.9667,176371.0,176371.0,2954112.0,21344475414528.0,128066852487168.0
E27,10.0,1800.0,7372800.0,12634048.528920364,4.89329,5.23847,5.23847,2.855557221378108,3.0583522679163906,4.119698242256864,4.412269650214491,0.345179,5.23689,4.41093884445492,0.001580000000000581,0.0013308057595713407,0.0004,0.937191,41.8755,176065.0,176065.0,2954112.0,21780076953600.0,130680461721600.0
E27,10.0,1960.0,8028160.0,13757075.064824397,4.82886,5.20749,5.20749,2.8179580699332942,3.040265354512276,4.065454132925798,4.386175749941387,0.378632,5.20749,4.386175749941387,0.0,0.0,0.0004,0.942129,45.3656,176966.0,176966.0,2954112.0,23716083793920.0,142296502763520.0
E28,0.0,0.0,0.0,0.0,8.04498,8.04569,8.04569,4.694776057589567,4.697278834936961,6.773130136368707,6.7767408808362415,0.00070653,8.04569,6.7767408808362415,0.0,0.0,0.0004,,0.0,0.0,0.0,2954112.0,0.0,0.0
E28,1.0,196.0,802816.0,1375707.5064824396,6.66866,6.69404,6.69404,3.8916026272539197,3.9081511234240214,5.6143958114496915,5.638270244808467,0.025375,6.69404,5.638270244808467,0.0,0.0,0.0004,0.644256,4.55041,176427.0,176427.0,2954112.0,2371608379392.0,14229650276352.0
E28,2.0,200.0,819200.0,1403783.1698800405,6.62465,6.64577,6.64577,3.865919891648049,3.879969867451891,5.577343456154639,5.597613286571453,0.0211139,6.64577,5.597613286571453,0.0,0.0,0.0004,0.567957,4.81452,170152.0,170152.0,2954112.0,2420008550400.0,14520051302400.0
E28,2.0,392.0,1605632.0,2751415.012964879,5.61214,5.69304,5.69304,3.2750535742588185,3.323741816854678,4.724903550228872,4.795145836371518,0.0809039,5.69304,4.795145836371518,0.0,0.0,0.0004,0.590515,8.74818,183539.0,183539.0,2954112.0,4743216758784.0,28459300552704.0
E28,3.0,400.0,1638400.0,2807566.339760081,5.59241,5.67856,5.67856,3.263539818896314,3.3152880238885203,4.708292712465378,4.78294959118254,0.0861465,5.67856,4.78294959118254,0.0,0.0,0.0004,0.648438,9.07695,180501.0,180501.0,2954112.0,4840017100800.0,29040102604800.0
E28,3.0,588.0,2408448.0,4127122.5194473187,5.33574,5.47155,5.47155,3.1137559573203357,3.1944303110484404,4.492200278164515,4.608588768214974,0.135811,5.47155,4.608588768214974,0.0,0.0,0.0004,0.680393,12.9588,185855.0,185855.0,2954112.0,7114825138176.0,42688950829056.0
E28,4.0,600.0,2457600.0,4211349.509640121,5.32712,5.46715,5.46715,3.108725619194396,3.1918614789316524,4.4849430342962275,4.604882726859207,0.140033,5.46715,4.604882726859207,0.0,0.0,0.0004,0.715096,13.3793,183687.0,183687.0,2954112.0,7260025651200.0,43560153907200.0
E28,4.0,784.0,3211264.0,5502830.025929758,5.17621,5.3742,5.3742,3.020659688035979,3.137594900464499,4.35789075214271,4.526592603218633,0.197986,5.3742,4.526592603218633,0.0,0.0,0.0004,0.69883,17.3986,184570.0,184570.0,2954112.0,9486433517568.0,56918601105408.0
E28,5.0,800.0,3276800.0,5615132.679520162,5.17758,5.37053,5.37053,3.0214591733297764,3.135452260948905,4.359044165611335,4.523501427815074,0.192955,5.37053,4.523501427815074,0.0,0.0,0.0004,0.771061,17.9273,182783.0,182783.0,2954112.0,9680034201600.0,58080205209600.0
E28,5.0,980.0,4014080.0,6878537.532412198,5.06575,5.29856,5.29856,2.956198997851374,3.0934343410749836,4.264893634081101,4.462882383184497,0.232812,5.29856,4.462882383184497,0.0,0.0,0.0004,0.798364,21.7522,184536.0,184536.0,2954112.0,11858041896960.0,71148251381760.0
E28,6.0,1000.0,4096000.0,7018915.849400202,5.06435,5.29989,5.29989,2.9553820055803395,3.0942108289648314,4.263714963383235,4.464002618412491,0.235543,5.29856,4.462882383184497,0.0013300000000002754,0.00112023522799376,0.0004,0.852839,22.3406,183343.0,183343.0,2954112.0,12100042752000.0,72600256512000.0
E28,6.0,1176.0,4816896.0,8254245.0388946375,4.96729,5.2428,5.2428,2.8987410985613487,3.0608802322495023,4.181999407715484,4.415916731821416,0.275502,5.2428,4.415916731821416,0.0,0.0,0.0004,0.879931,25.8717,186184.0,186184.0,2954112.0,14229650276352.0,85377901658112.0
E28,7.0,1200.0,4915200.0,8422699.019280242,4.95932,5.24279,5.24279,2.8940900782755317,3.0608743939946916,4.1752894038140616,4.4159083090001525,0.283472,5.24279,4.4159083090001525,0.0,0.0,0.0004,0.891667,26.5254,185302.0,185302.0,2954112.0,14520051302400.0,87120307814400.0
E28,7.0,1372.0,5619712.0,9629952.545377078,4.87015,5.19552,5.19552,2.8420535062697265,3.0332769635036496,4.100216499436425,4.376093632889448,0.325375,5.19552,4.376093632889448,0.0,0.0,0.0004,0.894661,30.2492,185781.0,185781.0,2954112.0,16601258655744.0,99607551934464.0
E28,8.0,1400.0,5734400.0,9826482.189160284,4.86207,5.19667,5.19667,2.8373382937340432,3.0339483628069015,4.093413885694457,4.377062257334707,0.334603,5.19552,4.376093632889448,0.0011499999999999844,0.0009686244452584702,0.0004,0.98295,31.0461,184706.0,184706.0,2954112.0,16940059852800.0,101640359116800.0
E28,8.0,1568.0,6422528.0,11005660.051859517,4.77963,5.15719,5.15719,2.7892291202882817,3.0108989328135367,4.0240070197429905,4.343808958987962,0.377556,5.15719,4.343808958987962,0.0,0.0,0.0004,0.983721,34.6193,185519.0,185519.0,2954112.0,18972867035136.0,113837202210816.0
E28,9.0,1600.0,6553600.0,11230265.359040324,4.77113,5.16419,5.16419,2.784268810071288,3.0149857111811547,4.0168508047916625,4.349704933872136,0.393055,5.15719,4.343808958987962,0.006999999999999673,0.005895974884174038,0.0004,1.04613,35.4225,185013.0,185013.0,2954112.0,19360068403200.0,116160410419200.0
E28,9.0,1764.0,7225344.0,12381367.558341956,4.72134,5.12793,5.12793,2.755213063517861,2.993816199236895,3.974932223329707,4.3191637839721135,0.40659,5.12793,4.3191637839721135,0.0,0.0,0.0004,1.04603,38.8648,185910.0,185910.0,2954112.0,21344475414528.0,128066852487168.0
E28,10.0,1800.0,7372800.0,12634048.528920364,4.69319,5.133,5.133,2.7387856832109936,2.996776194426012,3.9512325232261922,4.323434154352507,0.439812,5.12793,4.3191637839721135,0.005069999999999908,0.004270370380393906,0.0004,0.998681,39.7802,185338.0,185338.0,2954112.0,21780076953600.0,130680461721600.0
E28,10.0,1960.0,8028160.0,13757075.064824397,4.6197,5.10272,5.10272,2.695899424640772,2.9790979588586595,3.889360730664652,4.2979298515678215,0.483027,5.10272,4.2979298515678215,0.0,0.0,0.0004,1.10428,43.3339,185263.0,185263.0,2954112.0,23716083793920.0,142296502763520.0
E29,0.0,0.0,0.0,0.0,8.04313,8.04507,8.04507,4.693696460659985,4.696916863138687,6.77157260723224,6.77621866591793,0.00194144,8.04507,6.77621866591793,0.0,0.0,0.0004,,0.0,0.0,0.0,2954112.0,0.0,0.0
E29,1.0,200.0,819200.0,1403783.1698800405,6.61838,6.63474,6.63474,3.862260933405631,3.8735302723954876,5.572064695243483,5.588322914718246,0.0163606,6.63474,5.588322914718246,0.0,0.0,0.0004,0.457451,4.51063,181615.0,181615.0,2954112.0,2420008550400.0,14520051302400.0
E29,1.0,393.0,1609728.0,2758433.9288142794,5.61635,5.70054,5.70054,3.277510386731,3.3281205079628404,4.728447981398882,4.801462952318848,0.0841934,5.70054,4.801462952318848,0.0,0.0,0.0004,0.631922,8.33829,193053.0,193053.0,2954112.0,4755316801536.0,28531900809216.0
E29,2.0,400.0,1638400.0,2807566.339760081,5.60314,5.68888,5.68888,3.2698014810878835,3.321313102853351,4.7173263814568775,4.7916419427260655,0.0857491,5.68888,4.7916419427260655,0.0,0.0,0.0004,0.605343,8.64153,189596.0,189596.0,2954112.0,4840017100800.0,29040102604800.0
E29,2.0,600.0,2457600.0,4211349.509640121,5.34086,5.48498,5.48498,3.1167438147686894,3.202271087259456,4.496510845288138,4.619900617171327,0.144119,5.48498,4.619900617171327,0.0,0.0,0.0004,0.696039,12.4713,197060.0,197060.0,2954112.0,7260025651200.0,43560153907200.0
E29,2.0,786.0,3219456.0,5516867.857628559,5.20326,5.38668,5.38668,3.0364451458441772,3.1448810424684805,4.38066435384076,4.5371042841549905,0.183422,5.38668,4.5371042841549905,0.0,0.0,0.0004,0.722624,16.0359,200766.0,200766.0,2954112.0,9510633603072.0,57063801618432.0
E29,3.0,800.0,3276800.0,5615132.679520162,5.18017,5.38109,5.38109,3.0229706090311903,3.1416174580291973,4.361224706402388,4.532395927068914,0.200911,5.38109,4.532395927068914,0.0,0.0,0.0004,0.747154,16.5064,198517.0,198517.0,2954112.0,9680034201600.0,58080205209600.0
E29,3.0,1000.0,4096000.0,7018915.849400202,5.08514,5.30555,5.30555,2.9675143408051987,3.0975152811877904,4.281218223246541,4.468769935247408,0.22041,5.30555,4.468769935247408,0.0,0.0,0.0004,0.810957,20.5612,199210.0,199210.0,2954112.0,12100042752000.0,72600256512000.0
E29,3.0,1179.0,4829184.0,8275301.786442839,4.97502,5.2466,5.2466,2.9032520630292735,3.0630987690776377,4.1885073537829856,4.419117403901396,0.271577,5.2466,4.419117403901396,0.0,0.0,0.0004,0.867391,24.2055,199508.0,199508.0,2954112.0,14265950404608.0,85595702427648.0
E29,4.0,1200.0,4915200.0,8422699.019280242,4.97384,5.24397,5.24397,2.9025634552579733,3.0615633080623756,4.187513902766213,4.416902201909199,0.27013,5.24397,4.416902201909199,0.0,0.0,0.0004,0.90182,24.8613,197705.0,197705.0,2954112.0,14520051302400.0,87120307814400.0
E29,4.0,1400.0,5734400.0,9826482.189160284,4.88146,5.19581,5.19581,2.848653636687868,3.033446272893165,4.109738474859898,4.3763378947060785,0.314345,5.19581,4.3763378947060785,0.0,0.0,0.0004,0.936309,28.9833,197852.0,197852.0,2954112.0,16940059852800.0,101640359116800.0
E29,4.0,1572.0,6438912.0,11033735.715257118,4.80645,5.1535,5.1535,2.804880357937667,3.0087446167883214,4.046586982683532,4.340700937941876,0.347056,5.1535,4.340700937941876,0.0,0.0,0.0004,0.950336,32.502,198108.0,198108.0,2954112.0,19021267206144.0,114127603236864.0
E29,5.0,1600.0,6553600.0,11230265.359040324,4.79143,5.15255,5.15255,2.7961151980012846,3.0081899825812872,4.033941529910716,4.33990076992188,0.361119,5.15255,4.33990076992188,0.0,0.0,0.0004,1.02834,33.1521,197683.0,197683.0,2954112.0,19360068403200.0,116160410419200.0
E29,5.0,1800.0,7372800.0,12634048.528920364,4.72753,5.11944,5.11944,2.7588253364876483,2.988859520902455,3.980143631629556,4.312012808719735,0.391905,5.11944,4.312012808719735,0.0,0.0,0.0004,1.12327,36.9925,199305.0,199305.0,2954112.0,21780076953600.0,130680461721600.0
E29,5.0,1965.0,8048640.0,13792169.644071396,4.66786,5.0934,5.0934,2.7240039587643516,2.973656705374917,3.929907002671235,4.290079782150607,0.425531,5.0934,4.290079782150607,0.0,0.0,0.0004,1.26381,40.2355,200038.0,200038.0,2954112.0,23776584007680.0,142659504046080.0
E29,6.0,2000.0,8192000.0,14037831.698800404,4.66431,5.09895,5.09895,2.721932299791372,2.976896936794957,3.9269182305445036,4.294754447951631,0.434631,5.0934,4.290079782150607,0.005550000000000388,0.004674665801023714,0.0004,1.03582,41.0191,199712.0,199712.0,2954112.0,24200085504000.0,145200513024000.0
E29,6.0,2200.0,9011200.0,15441614.868680445,4.58618,5.07164,5.07164,2.6763382954085797,2.960952662906437,3.8611399865271796,4.271751723082088,0.485455,5.07164,4.271751723082088,0.0,0.0,0.0004,1.09296,44.8036,201127.0,201127.0,2954112.0,26620094054400.0,159720564326400.0
E29,6.0,2358.0,9658368.0,16550603.572885677,4.52959,5.05192,5.05192,2.6433143006815585,2.949439624419376,3.813496433104163,4.2551419195512405,0.522326,5.05192,4.2551419195512405,0.0,0.0,0.0004,1.18066,48.0422,201039.0,201039.0,2954112.0,28531900809216.0,171191404855296.0
E29,7.0,2400.0,9830400.0,16845398.038560484,4.49785,5.05509,5.05509,2.6247919187653954,2.951290351194426,3.786774284568263,4.257811953891646,0.557234,5.05192,4.2551419195512405,0.003169999999999895,0.0026700343404053584,0.0004,1.08658,49.0719,200326.0,200326.0,2954112.0,29040102604800.0,174240615628800.0
E29,7.0,2600.0,10649600.0,18249181.208440527,4.4715,5.03761,5.03761,2.6094149570927145,2.9410850817850034,3.7645900182191467,4.243088862323736,0.566107,5.03761,4.243088862323736,0.0,0.0,0.0004,1.26268,53.0963,200571.0,200571.0,2954112.0,31460111155200.0,188760666931200.0
E29,7.0,2751.0,11268096.0,19309037.501699958,4.41782,5.02104,5.02104,2.5780891391576284,2.931411093563371,3.7193964160324073,4.229132247490769,0.603219,5.02104,4.229132247490769,0.0,0.0,0.0004,1.20966,56.1843,200556.0,200556.0,2954112.0,33287217610752.0,199723305664512.0
E29,8.0,2800.0,11468800.0,19652964.378320567,4.41495,5.03326,5.03326,2.5764143050020083,2.9385454409422698,3.7169801411017827,4.239424935074285,0.618309,5.02104,4.229132247490769,0.01222000000000012,0.010292687583516091,0.0004,1.29341,57.3126,200110.0,200110.0,2954112.0,33880119705600.0,203280718233600.0
E29,8.0,3000.0,12288000.0,21056747.548200607,4.34871,5.02063,5.02063,2.537758899263929,2.9311717251161244,3.6612121789399046,4.228786911818981,0.671929,5.02063,4.228786911818981,0.0,0.0,0.0004,1.21751,61.1666,200894.0,200894.0,2954112.0,36300128256000.0,217800769536000.0
E29,8.0,3144.0,12877824.0,22067471.430514235,4.31045,5.00583,5.00583,2.515431667628378,2.9225311079960186,3.629000792582516,4.216321136349584,0.695382,5.00583,4.216321136349584,0.0,0.0,0.0004,1.37024,64.2315,200491.0,200491.0,2954112.0,38042534412288.0,228255206473728.0
E29,9.0,3200.0,13107200.0,22460530.718080647,4.30467,5.02093,5.02093,2.512058656680822,2.931346872760451,3.624134566415613,4.229039596456874,0.716266,5.00583,4.216321136349584,0.015100000000000335,0.012718460107290497,0.0004,1.29452,65.4783,200176.0,200176.0,2954112.0,38720136806400.0,232320820838400.0
E29,9.0,3400.0,13926400.0,23864313.887960687,4.25049,5.00864,5.00864,2.480441055791795,2.9241716575978765,3.5785200104082073,4.218687949124517,0.758144,5.00583,4.216321136349584,0.0028100000000002012,0.0023668127749330026,0.0004,1.23818,69.3496,200814.0,200814.0,2954112.0,41140145356800.0,246840872140800.0
E29,9.0,3537.0,14487552.0,24825905.359328516,4.22974,5.00064,5.00064,2.468332063203251,2.9195010537491703,3.5610504268505534,4.211949692114032,0.770893,5.00064,4.211949692114032,0.0,0.0,0.0004,1.27102,72.6563,199399.0,199399.0,2954112.0,42797851213824.0,256787107282944.0
E29,10.0,3600.0,14745600.0,25268097.057840727,4.20392,5.01212,5.01212,2.453264391461748,2.926203370272064,3.539312371551344,4.221619090924078,0.808205,5.00064,4.211949692114032,0.0114800000000006,0.009669398810046026,0.0004,1.39499,74.2628,198560.0,198560.0,2954112.0,43560153907200.0,261360923443200.0
E29,10.0,3800.0,15564800.0,26671880.227720767,4.17684,5.00583,5.00583,2.4374614266763133,2.9225311079960186,3.516513512624055,4.216321136349584,0.828986,5.00064,4.211949692114032,0.005189999999999806,0.0043714442355522465,0.0004,1.38413,78.8382,197427.0,197427.0,2954112.0,45980162457600.0,275880974745600.0
E29,10.0,3930.0,16097280.0,27584339.288142793,4.13953,5.00408,5.00408,2.415688582653249,2.9215094134041144,3.4851019385259314,4.214847142628541,0.86455,5.00064,4.211949692114032,0.0034400000000003317,0.002897450514509181,0.0004,1.34727,81.5712,197340.0,197340.0,2954112.0,47553168015360.0,285319008092160.0
E31,0.0,0.0,0.0,0.0,8.04498,8.04568,8.04568,4.694776057589567,4.697272996682151,6.773130136368707,6.77673245801498,0.00070467,8.04568,6.77673245801498,0.0,0.0,0.0004,,0.0,0.0,0.0,2954112.0,0.0,0.0
E31,1.0,196.0,802816.0,1375707.5064824396,6.66685,6.69226,6.69226,3.890546372960654,3.907111914067684,5.6128719586188796,5.636770982623634,0.0254131,6.69226,5.636770982623634,0.0,0.0,0.0004,0.530475,4.20924,190727.0,190727.0,2954112.0,2371608379392.0,14229650276352.0
E31,2.0,200.0,819200.0,1403783.1698800405,6.62208,6.64338,6.64338,3.8644201272647933,3.87857452455209,5.575179753516414,5.59560023228957,0.0212989,6.64338,5.59560023228957,0.0,0.0,0.0004,0.574888,4.45633,183828.0,183828.0,2954112.0,2420008550400.0,14520051302400.0
E31,2.0,392.0,1605632.0,2751415.012964879,5.60967,5.69054,5.69054,3.273612166466351,3.322282253151958,4.72282403835478,4.793040131055742,0.0808699,5.69054,4.793040131055742,0.0,0.0,0.0004,0.59249,8.16508,196646.0,196646.0,2954112.0,4743216758784.0,28459300552704.0
E31,3.0,400.0,1638400.0,2807566.339760081,5.58914,5.67603,5.67603,3.261631558377541,3.313810945421367,4.70553967447822,4.780818617402974,0.0868921,5.67603,4.780818617402974,0.0,0.0,0.0004,0.642084,8.48831,193018.0,193018.0,2954112.0,4840017100800.0,29040102604800.0
E31,3.0,588.0,2408448.0,4127122.5194473187,5.33173,5.4677,5.4677,3.1114158580297304,3.1921825829462507,4.4888242285227715,4.605345982028678,0.135964,5.4677,4.605345982028678,0.0,0.0,0.0004,0.692541,12.3396,195180.0,195180.0,2954112.0,7114825138176.0,42688950829056.0
E31,4.0,600.0,2457600.0,4211349.509640121,5.32292,5.46208,5.46208,3.106274642381293,3.188901483742535,4.48140702220263,4.600612356478813,0.139163,5.46208,4.600612356478813,0.0,0.0,0.0004,0.757463,12.7348,192983.0,192983.0,2954112.0,7260025651200.0,43560153907200.0
E31,4.0,784.0,3211264.0,5502830.025929758,5.16658,5.36309,5.36309,3.0150399483430785,3.1311085993696084,4.349783181556676,4.517234848795322,0.196514,5.36309,4.517234848795322,0.0,0.0,0.0004,0.734723,16.4792,194868.0,194868.0,2954112.0,9486433517568.0,56918601105408.0
E31,5.0,800.0,3276800.0,5615132.679520162,5.16715,5.35758,5.35758,3.0153725809105714,3.127891720968812,4.350263068912236,4.512593874279351,0.190429,5.35758,4.512593874279351,0.0,0.0,0.0004,0.829137,16.9621,193184.0,193184.0,2954112.0,9680034201600.0,58080205209600.0
E31,5.0,980.0,4014080.0,6878537.532412198,5.05771,5.29012,5.29012,2.9515071279520058,3.088506854014599,4.258124696644786,4.455773522038435,0.232407,5.29012,4.455773522038435,0.0,0.0,0.0004,0.82912,20.6151,194715.0,194715.0,2954112.0,11858041896960.0,71148251381760.0
E31,6.0,1000.0,4096000.0,7018915.849400202,5.05718,5.29126,5.29126,2.9511978380208284,3.0891724150630395,4.257678485594879,4.456733723662429,0.234086,5.29012,4.455773522038435,0.001140000000000363,0.000960201623994017,0.0004,0.919468,21.1337,193814.0,193814.0,2954112.0,12100042752000.0,72600256512000.0
E31,6.0,1176.0,4816896.0,8254245.0388946375,4.96503,5.23701,5.23701,2.897422239609536,3.0574998827140014,4.180096696446071,4.4110399183100775,0.271977,5.23701,4.4110399183100775,0.0,0.0,0.0004,0.871585,24.6789,195182.0,195182.0,2954112.0,14229650276352.0,85377901658112.0
E31,7.0,1200.0,4915200.0,8422699.019280242,4.95727,5.23693,5.23693,2.8928937681643747,3.0574531766755144,4.17356349314933,4.4109725357399725,0.279661,5.23693,4.4109725357399725,0.0,0.0,0.0004,0.895644,25.3111,194191.0,194191.0,2954112.0,14520051302400.0,87120307814400.0
E31,7.0,1372.0,5619712.0,9629952.545377078,4.87349,5.19262,5.19262,2.8440026164020518,3.0315838696084936,4.103028470958477,4.373651014723148,0.319139,5.19262,4.373651014723148,0.0,0.0,0.0004,0.905363,28.7717,195321.0,195321.0,2954112.0,16601258655744.0,99607551934464.0
E31,8.0,1400.0,5734400.0,9826482.189160284,4.86123,5.19156,5.19156,2.8368480983714224,3.0309650145985403,4.092706683275737,4.372758195669259,0.330328,5.19156,4.372758195669259,0.0,0.0,0.0004,0.965345,29.5275,194205.0,194205.0,2954112.0,16940059852800.0,101640359116800.0
E31,8.0,1568.0,6422528.0,11005660.051859517,4.78469,5.15763,5.15763,2.7921819637821628,3.011155816025216,4.028267072408133,4.344179563123539,0.372935,5.15763,4.344179563123539,0.0,0.0,0.0004,1.03895,32.8415,195561.0,195561.0,2954112.0,18972867035136.0,113837202210816.0
E31,9.0,1600.0,6553600.0,11230265.359040324,4.77775,5.16142,5.16142,2.7881320163814642,3.01336851459854,4.022424233377285,4.347371812382256,0.383674,5.15763,4.344179563123539,0.003789999999999516,0.0031922492587161955,0.0004,1.04705,33.6082,195000.0,195000.0,2954112.0,19360068403200.0,116160410419200.0
E31,9.0,1764.0,7225344.0,12381367.558341956,4.73108,5.13229,5.13229,2.7608969954606284,2.9963616783344396,3.9831324037562874,4.322836134042827,0.401212,5.13229,4.322836134042827,0.0,0.0,0.0004,1.08252,37.0655,194934.0,194934.0,2954112.0,21344475414528.0,128066852487168.0
E31,10.0,1800.0,7372800.0,12634048.528920364,4.7059,5.13405,5.13405,2.7462028059001686,2.997389211181155,3.96193316934753,4.324318550585134,0.428155,5.13229,4.322836134042827,0.0017599999999999838,0.0014824165423066304,0.0004,0.994902,37.9487,194283.0,194283.0,2954112.0,21780076953600.0,130680461721600.0
E31,10.0,1960.0,8028160.0,13757075.064824397,4.63914,5.10989,5.10989,2.7072439458899913,2.9832839875580626,3.90572741521216,4.303969014413469,0.470751,5.10989,4.303969014413469,0.0,0.0,0.0004,1.10275,41.2507,194619.0,194619.0,2954112.0,23716083793920.0,142296502763520.0
E32,0.0,0.0,0.0,0.0,8.04498,8.04569,8.04569,4.694776057589567,4.697278834936961,6.773130136368707,6.7767408808362415,0.000707419,8.04569,6.7767408808362415,0.0,0.0,0.0004,,0.0,0.0,0.0,2954112.0,0.0,0.0
E32,1.0,196.0,802816.0,1375707.5064824396,6.68729,6.71226,6.71226,3.9024744601177543,3.918788423689449,5.630080550807719,5.653616625149846,0.0249738,6.71226,5.653616625149846,0.0,0.0,0.0004,0.709792,4.14448,193707.0,193707.0,2954112.0,2371608379392.0,14229650276352.0
E32,2.0,200.0,819200.0,1403783.1698800405,6.64229,6.663,6.663,3.876213994263081,3.890029180491042,5.5921947069477485,5.612125807607785,0.0207073,6.663,5.612125807607785,0.0,0.0,0.0004,0.606045,4.36812,187541.0,187541.0,2954112.0,2420008550400.0,14520051302400.0
E32,2.0,392.0,1605632.0,2751415.012964879,5.613,5.69364,5.69364,3.275555440939597,3.3240921121433313,4.725627590800419,4.795651205647304,0.0806445,5.69364,4.795651205647304,0.0,0.0,0.0004,0.610741,8.07509,198838.0,198838.0,2954112.0,4743216758784.0,28459300552704.0
E32,3.0,400.0,1638400.0,2807566.339760081,5.59269,5.67922,5.67922,3.2637032173505207,3.3156733487060386,4.708528446604951,4.783505497385905,0.0865363,5.67922,4.783505497385905,0.0,0.0,0.0004,0.656367,8.36441,195877.0,195877.0,2954112.0,4840017100800.0,29040102604800.0
E32,3.0,588.0,2408448.0,4127122.5194473187,5.33276,5.46904,5.46904,3.1120169309148484,3.192964909090909,4.489691393393344,4.606474640077935,0.136279,5.46904,4.606474640077935,0.0,0.0,0.0004,0.675981,11.762,204765.0,204765.0,2954112.0,7114825138176.0,42688950829056.0
E32,4.0,600.0,2457600.0,4211349.509640121,5.32457,5.46372,5.46372,3.1072375261292975,3.18985895753152,4.482796169810828,4.601993699165963,0.139148,5.46372,4.601993699165963,0.0,0.0,0.0004,0.741066,12.1416,202411.0,202411.0,2954112.0,7260025651200.0,43560153907200.0
E32,4.0,784.0,3211264.0,5502830.025929758,5.16792,5.36397,5.36397,3.01582192665964,3.1316223657929663,4.350911337796062,4.517976057066476,0.196047,5.36397,4.517976057066476,0.0,0.0,0.0004,0.711629,15.8915,202074.0,202074.0,2954112.0,9486433517568.0,56918601105408.0
E32,5.0,800.0,3276800.0,5615132.679520162,5.16912,5.3602,5.3602,3.0165222057490984,3.1294213437292635,4.3519216269656615,4.514800653450285,0.191081,5.3602,4.514800653450285,0.0,0.0,0.0004,0.812485,16.3749,200111.0,200111.0,2954112.0,9680034201600.0,58080205209600.0
E32,5.0,980.0,4014080.0,6878537.532412198,5.05537,5.28753,5.28753,2.9501415837275626,3.08699474601858,4.256154632764067,4.453592011331291,0.232168,5.28753,4.453592011331291,0.0,0.0,0.0004,0.820849,19.8352,202371.0,202371.0,2954112.0,11858041896960.0,71148251381760.0
E32,6.0,1000.0,4096000.0,7018915.849400202,5.05507,5.2893,5.2893,2.949966513955198,3.088028117120106,4.2559020604716675,4.45508285069486,0.234226,5.28753,4.453592011331291,0.0017699999999996052,0.0014908393635693074,0.0004,0.847624,20.2985,201788.0,201788.0,2954112.0,12100042752000.0,72600256512000.0
E32,6.0,1176.0,4816896.0,8254245.0388946375,4.96166,5.23279,5.23279,2.895455622499975,3.055036139183809,4.17725946769478,4.407485487737046,0.271133,5.23279,4.407485487737046,0.0,0.0,0.0004,0.890234,23.6761,203449.0,203449.0,2954112.0,14229650276352.0,85377901658112.0
E32,7.0,1200.0,4915200.0,8422699.019280242,4.95297,5.23282,5.23282,2.8903844347604832,3.055053653948242,4.169943290291599,4.4075107562008355,0.279857,5.23279,4.407485487737046,3.0000000000640625e-05,2.5268463789807072e-05,0.0004,0.904736,24.2998,202273.0,202273.0,2954112.0,14520051302400.0,87120307814400.0
E32,7.0,1372.0,5619712.0,9629952.545377078,4.8676,5.18575,5.18575,2.840565413204629,3.027572988553417,4.0980696349510275,4.367864536515393,0.318151,5.18575,4.367864536515393,0.0,0.0,0.0004,0.90995,27.3962,205128.0,205128.0,2954112.0,16601258655744.0,99607551934464.0
E32,8.0,1400.0,5734400.0,9826482.189160284,4.8526,5.18628,5.18628,2.831811924586404,3.0278824160583944,4.085441020331037,4.368310946042339,0.333685,5.18575,4.367864536515393,0.0005300000000003635,0.0004464095269458568,0.0004,0.995059,28.0438,204480.0,204480.0,2954112.0,16940059852800.0,101640359116800.0
E32,8.0,1568.0,6422528.0,11005660.051859517,4.77215,5.14698,5.14698,2.7848640472973267,3.004938074651626,4.017709550585821,4.33520925847833,0.374821,5.14698,4.33520925847833,0.0,0.0,0.0004,0.973755,31.0817,206633.0,206633.0,2954112.0,18972867035136.0,113837202210816.0
E32,9.0,1600.0,6553600.0,11230265.359040324,4.76653,5.15156,5.15156,2.7815844068950324,3.00761199535501,4.012978029641532,4.3390669106168325,0.385025,5.14698,4.33520925847833,0.0045799999999998064,0.00385765213850231,0.0004,1.14144,31.8452,205795.0,205795.0,2954112.0,19360068403200.0,116160410419200.0
E32,9.0,1764.0,7225344.0,12381367.558341956,4.71912,5.12221,5.12221,2.7539175472023643,2.9904767174850697,3.973063188365949,4.314345930209615,0.403089,5.12221,4.314345930209615,0.0,0.0,0.0004,1.01861,35.0093,206384.0,206384.0,2954112.0,21344475414528.0,128066852487168.0
E32,10.0,1800.0,7372800.0,12634048.528920364,4.69047,5.12562,5.12562,2.7371983839415557,2.9924675623755803,3.9489425344417675,4.317218112260335,0.435158,5.12221,4.314345930209615,0.003409999999999691,0.002872182050719374,0.0004,1.04342,35.7822,206046.0,206046.0,2954112.0,21780076953600.0,130680461721600.0
E32,10.0,1960.0,8028160.0,13757075.064824397,4.6212,5.09708,5.09708,2.6967747735025944,2.975805183145322,3.8906235921266505,4.293179380375429,0.475874,5.09708,4.293179380375429,0.0,0.0,0.0004,1.20314,38.7753,207043.0,207043.0,2954112.0,23716083793920.0,142296502763520.0
E33,0.0,0.0,0.0,0.0,8.04498,8.04569,8.04569,4.694776057589567,4.697278834936961,6.773130136368707,6.7767408808362415,0.000707528,8.04569,6.7767408808362415,0.0,0.0,0.0004,,0.0,0.0,0.0,2954112.0,0.0,0.0
E33,1.0,196.0,802816.0,1375707.5064824396,6.70043,6.72497,6.72497,3.9101425161473187,3.926208845554081,5.641143217214831,5.664322030975255,0.0245381,6.72497,5.664322030975255,0.0,0.0,0.0004,0.562823,4.62193,173697.0,173697.0,2954112.0,2371608379392.0,14229650276352.0
E33,2.0,200.0,819200.0,1403783.1698800405,6.65567,6.67605,6.67605,3.884022106110537,3.8976481030192436,5.603459431188779,5.623117589356139,0.0203733,6.67605,5.623117589356139,0.0,0.0,0.0004,0.482307,4.87447,168059.0,168059.0,2954112.0,2420008550400.0,14520051302400.0
E33,2.0,392.0,1605632.0,2751415.012964879,5.61728,5.69757,5.69757,3.27805310302533,3.326386546284008,4.729230955505322,4.798961374403705,0.0802875,5.69757,4.798961374403705,0.0,0.0,0.0004,0.586275,8.92745,179853.0,179853.0,2954112.0,4743216758784.0,28459300552704.0
E33,3.0,400.0,1638400.0,2807566.339760081,5.59684,5.68316,5.68316,3.2661250158682296,3.3179736211015265,4.712022363316482,4.786824088963569,0.0863193,5.68316,4.786824088963569,0.0,0.0,0.0004,0.632858,9.26495,176839.0,176839.0,2954112.0,4840017100800.0,29040102604800.0
E33,3.0,588.0,2408448.0,4127122.5194473187,5.33868,5.4748,5.4748,3.1154716410895076,3.1963277438619775,4.494675486630033,4.611326185125484,0.136114,5.4748,4.611326185125484,0.0,0.0,0.0004,0.674735,13.1313,183413.0,183413.0,2954112.0,7114825138176.0,42688950829056.0
E33,4.0,600.0,2457600.0,4211349.509640121,5.33102,5.4703,5.4703,3.111001526235134,3.19370052919708,4.4882264740974245,4.607535915557086,0.139284,5.4703,4.607535915557086,0.0,0.0,0.0004,0.714932,13.5674,181141.0,181141.0,2954112.0,7260025651200.0,43560153907200.0
E33,4.0,784.0,3211264.0,5502830.025929758,5.18243,5.38237,5.38237,3.0242894679830026,3.14236475464499,4.3631274176718,4.533474048190592,0.199937,5.38237,4.533474048190592,0.0,0.0,0.0004,0.693265,17.2377,186293.0,186293.0,2954112.0,9486433517568.0,56918601105408.0
E33,5.0,800.0,3276800.0,5615132.679520162,5.18424,5.37908,5.37908,3.0253457222762683,3.14044396881221,4.364651270502612,4.53070293999503,0.194842,5.37908,4.53070293999503,0.0,0.0,0.0004,0.771047,17.7242,184878.0,184878.0,2954112.0,9680034201600.0,58080205209600.0
E33,5.0,980.0,4014080.0,6878537.532412198,5.07416,5.30947,5.30947,2.9611067871366585,3.0998038770736565,4.271974077344709,4.4720716811825465,0.235309,5.30947,4.4720716811825465,0.0,0.0,0.0004,0.800045,21.2995,188459.0,188459.0,2954112.0,11858041896960.0,71148251381760.0
E33,6.0,1000.0,4096000.0,7018915.849400202,5.07161,5.3109,5.3109,2.95961869407156,3.1006387475116126,4.26982721285931,4.473276144623171,0.239297,5.30947,4.4720716811825465,0.0014300000000000423,0.0012044634406240817,0.0004,0.873307,21.8564,187405.0,187405.0,2954112.0,12100042752000.0,72600256512000.0
E33,6.0,1176.0,4816896.0,8254245.0388946375,4.97562,5.25122,5.25122,2.9036022025740027,3.0657960428002653,4.189012498367785,4.4230087473249515,0.275593,5.25122,4.4230087473249515,0.0,0.0,0.0004,0.855587,25.2333,190894.0,190894.0,2954112.0,14229650276352.0,85377901658112.0
E33,7.0,1200.0,4915200.0,8422699.019280242,4.9677,5.25129,5.25129,2.8989803605835798,3.0658369105839416,4.182344589848429,4.423067707073793,0.283589,5.25122,4.4230087473249515,7.00000000000145e-05,5.895974884140287e-05,0.0004,0.855626,25.8736,189970.0,189970.0,2954112.0,14520051302400.0,87120307814400.0
E33,7.0,1372.0,5619712.0,9629952.545377078,4.8809,5.20413,5.20413,2.848326839779454,3.0383037008958196,4.109267006580752,4.383345681996984,0.323228,5.20413,4.383345681996984,0.0,0.0,0.0004,0.873225,29.3003,191797.0,191797.0,2954112.0,16601258655744.0,99607551934464.0
E33,8.0,1400.0,5734400.0,9826482.189160284,4.86829,5.20574,5.20574,2.8409680736810667,3.0392436599203716,4.098650551223546,4.384701756220344,0.337455,5.20413,4.383345681996984,0.0016099999999994452,0.0013560742233602596,0.0004,0.937048,30.0311,190949.0,190949.0,2954112.0,16940059852800.0,101640359116800.0
E33,8.0,1568.0,6422528.0,11005660.051859517,4.78952,5.16703,5.16703,2.795000587117231,3.016643775547445,4.032333486315771,4.352097015110858,0.377516,5.16703,4.352097015110858,0.0,0.0,0.0004,1.02122,33.6642,190782.0,190782.0,2954112.0,18972867035136.0,113837202210816.0
E33,9.0,1600.0,6553600.0,11230265.359040324,4.78089,5.17314,5.17314,2.7899644133322123,3.0202109492368945,4.025067823371069,4.3572433589026165,0.392254,5.16703,4.352097015110858,0.006110000000000504,0.00514634379175849,0.0004,1.05352,34.5192,189854.0,189854.0,2954112.0,19360068403200.0,116160410419200.0
E33,9.0,1764.0,7225344.0,12381367.558341956,4.72686,5.13916,5.13916,2.7584343473293678,3.000372559389516,3.9795795535098635,4.328622612250582,0.412296,5.13916,4.328622612250582,0.0,0.0,0.0004,1.02923,38.0683,189800.0,189800.0,2954112.0,21344475414528.0,128066852487168.0
E33,10.0,1800.0,7372800.0,12634048.528920364,4.69584,5.14156,5.14156,2.7403321328668793,3.0017737405441274,3.9534635784757226,4.330644089353727,0.445716,5.13916,4.328622612250582,0.0023999999999997357,0.0020214771031445977,0.0004,0.978694,38.9608,189236.0,189236.0,2954112.0,21780076953600.0,130680461721600.0
E33,10.0,1960.0,8028160.0,13757075.064824397,4.6249,5.11329,5.11329,2.6989339673617567,2.9852689941937625,3.893738650399582,4.306832773642925,0.488385,5.11329,4.306832773642925,0.0,0.0,0.0004,1.13665,42.4077,189309.0,189309.0,2954112.0,23716083793920.0,142296502763520.0
E34,0.0,0.0,0.0,0.0,8.04498,8.04568,8.04568,4.694776057589567,4.697272996682151,6.773130136368707,6.77673245801498,0.000702922,8.04568,6.77673245801498,0.0,0.0,0.0004,,0.0,0.0,0.0,2954112.0,0.0,0.0
E34,1.0,196.0,802816.0,1375707.5064824396,6.66666,6.69147,6.69147,3.8904354954381564,3.9066506919376245,5.612711996167026,5.636105579743848,0.0248078,6.69147,5.636105579743848,0.0,0.0,0.0004,0.609824,4.59672,174650.0,174650.0,2954112.0,2371608379392.0,14229650276352.0
E34,2.0,200.0,819200.0,1403783.1698800405,6.6229,6.64388,6.64388,3.8648986513092556,3.8788664372926345,5.575870117782306,5.596021373352725,0.0209784,6.64388,5.596021373352725,0.0,0.0,0.0004,0.557117,4.85084,168878.0,168878.0,2954112.0,2420008550400.0,14520051302400.0
E34,2.0,392.0,1605632.0,2751415.012964879,5.6143,5.69544,5.69544,3.2763140766198426,3.32514299800929,4.726722070734151,4.797167313474663,0.0811428,5.69544,4.797167313474663,0.0,0.0,0.0004,0.592849,8.55381,187710.0,187710.0,2954112.0,4743216758784.0,28459300552704.0
E34,3.0,400.0,1638400.0,2807566.339760081,5.59455,5.6814,5.6814,3.2647886499391805,3.316946088254811,4.71009439481783,4.7853416724212625,0.0868517,5.6814,4.7853416724212625,0.0,0.0,0.0004,0.644064,8.85153,185098.0,185098.0,2954112.0,4840017100800.0,29040102604800.0
E34,3.0,588.0,2408448.0,4127122.5194473187,5.33854,5.47523,5.47523,3.115389941862404,3.1965787888188455,4.494557619560246,4.611688366439798,0.136684,5.47523,4.611688366439798,0.0,0.0,0.0004,0.682168,12.3821,194511.0,194511.0,2954112.0,7114825138176.0,42688950829056.0
E34,4.0,600.0,2457600.0,4211349.509640121,5.33093,5.4711,5.4711,3.110949005303425,3.194167589581951,4.488150702409705,4.608209741258134,0.140172,5.4711,4.608209741258134,0.0,0.0,0.0004,0.733781,12.8278,191584.0,191584.0,2954112.0,7260025651200.0,43560153907200.0
E34,4.0,784.0,3211264.0,5502830.025929758,5.1841,5.38396,5.38396,3.0252640230491648,3.1432930371599204,4.364533403432825,4.534813276771425,0.199857,5.38396,4.534813276771425,0.0,0.0,0.0004,0.690625,16.6391,192995.0,192995.0,2954112.0,9486433517568.0,56918601105408.0
E34,5.0,800.0,3276800.0,5615132.679520162,5.18625,5.38151,5.38151,3.0265186897511107,3.141862664731254,4.366343504861691,4.5327496855619644,0.19526,5.38151,4.5327496855619644,0.0,0.0,0.0004,0.771125,17.1464,191107.0,191107.0,2954112.0,9680034201600.0,58080205209600.0
E34,5.0,980.0,4014080.0,6878537.532412198,5.0835,5.32082,5.32082,2.966557292716273,3.1064302962840085,4.279837494714756,4.481631583316172,0.237317,5.32082,4.481631583316172,0.0,0.0,0.0004,0.792959,20.5481,195350.0,195350.0,2954112.0,11858041896960.0,71148251381760.0
E34,6.0,1000.0,4096000.0,7018915.849400202,5.08241,5.32157,5.32157,2.965921205876682,3.1068681653948245,4.278919815385704,4.482263294910905,0.23916,5.32082,4.481631583316172,0.0007500000000000284,0.0006317115947327423,0.0004,0.836476,21.1159,193977.0,193977.0,2954112.0,12100042752000.0,72600256512000.0
E34,6.0,1176.0,4816896.0,8254245.0388946375,4.98436,5.26118,5.26118,2.908702568608888,3.071610944591905,4.196370771153033,4.431397877303006,0.276823,5.26118,4.431397877303006,0.0,0.0,0.0004,0.851987,24.7319,194765.0,194765.0,2954112.0,14229650276352.0,85377901658112.0
E34,7.0,1200.0,4915200.0,8422699.019280242,4.97716,5.26253,5.26253,2.90450089407214,3.0723991089913736,4.190309036135437,4.432534958173525,0.285372,5.26118,4.431397877303006,0.0013499999999995183,0.0011370808705191138,0.0004,0.81103,25.3632,193793.0,193793.0,2954112.0,14520051302400.0,87120307814400.0
E34,7.0,1372.0,5619712.0,9629952.545377078,4.89037,5.21321,5.21321,2.8538532089270934,3.043604836264101,4.1172398719441725,4.390993603703884,0.322844,5.21321,4.390993603703884,0.0,0.0,0.0004,0.893975,28.9183,194331.0,194331.0,2954112.0,16601258655744.0,99607551934464.0
E34,8.0,1400.0,5734400.0,9826482.189160284,4.87502,5.21248,5.21248,2.8448954722411104,3.0431786436629067,4.104316589649716,4.390378737751678,0.337456,5.21248,4.390378737751678,0.0,0.0,0.0004,0.956775,29.6845,193179.0,193179.0,2954112.0,16940059852800.0,101640359116800.0
E34,8.0,1568.0,6422528.0,11005660.051859517,4.79395,5.17456,5.17456,2.7975857840891463,3.0210399814200395,4.036063137166874,4.358439399521977,0.380616,5.17456,4.358439399521977,0.0,0.0,0.0004,0.995678,33.2186,193341.0,193341.0,2954112.0,18972867035136.0,113837202210816.0
E34,9.0,1600.0,6553600.0,11230265.359040324,4.7879,5.18234,5.18234,2.794055210346462,3.0255821436629065,4.030969595936811,4.3649923544646745,0.394448,5.17456,4.358439399521977,0.007780000000000342,0.006552954942697475,0.0004,1.02531,34.032,192572.0,192572.0,2954112.0,19360068403200.0,116160410419200.0
E34,9.0,1764.0,7225344.0,12381367.558341956,4.73622,5.1482,5.1482,2.7638965242271403,3.0056503417385536,3.987459809032738,4.336236842672429,0.411981,5.1482,4.336236842672429,0.0,0.0,0.0004,1.0528,37.4335,193018.0,193018.0,2954112.0,21344475414528.0,128066852487168.0
E34,10.0,1800.0,7372800.0,12634048.528920364,4.70758,5.15164,5.15164,2.74718319662541,3.0076587013934972,3.963347574184969,4.339134293186938,0.444062,5.1482,4.336236842672429,0.0034400000000003317,0.002897450514509181,0.0004,1.00709,38.2223,192893.0,192893.0,2954112.0,21780076953600.0,130680461721600.0
E34,10.0,1960.0,8028160.0,13757075.064824397,4.63304,5.12254,5.12254,2.703684193851913,2.990669379893829,3.90059177860003,4.314623883311298,0.489507,5.12254,4.314623883311298,0.0,0.0,0.0004,1.16065,41.1085,195292.0,195292.0,2954112.0,23716083793920.0,142296502763520.0
E35,0.0,0.0,0.0,0.0,8.04565,8.04546,8.04546,4.695167046747847,4.697144555076311,6.773694214488399,6.77654715594719,-0.000185361,8.04546,6.77654715594719,0.0,0.0,0.0004,,0.0,0.0,0.0,2362752.0,0.0,0.0
E35,1.0,196.0,802816.0,1375707.5064824396,6.81054,6.83553,6.83553,3.9743989582641652,3.9907565907431986,5.733845667601973,5.75744474286016,0.0249891,6.83553,5.75744474286016,0.0,0.0,0.0004,0.448973,4.5687,175721.0,175721.0,2362752.0,1896855109632.0,11381130657792.0
E35,2.0,200.0,819200.0,1403783.1698800405,6.75417,6.77804,6.77804,3.941503348036878,3.9571924638354345,5.68638733386005,5.70902194341856,0.0238692,6.77804,5.70902194341856,0.0,0.0,0.0004,0.427221,4.82377,169826.0,169826.0,2362752.0,1935566438400.0,11613398630400.0
E35,2.0,392.0,1605632.0,2751415.012964879,5.60793,5.68765,5.68765,3.2725967617866365,3.3205949975116122,4.721359119058861,4.790605935710703,0.0797195,5.68765,4.790605935710703,0.0,0.0,0.0004,0.5907,8.73739,183766.0,183766.0,2362752.0,3793710219264.0,22762261315584.0
E35,3.0,400.0,1638400.0,2807566.339760081,5.58426,5.67228,5.67228,3.258783756747078,3.3116215998672858,4.701431165188516,4.777660059429309,0.0880231,5.67228,4.777660059429309,0.0,0.0,0.0004,0.628325,9.0713,180614.0,180614.0,2362752.0,3871132876800.0,23226797260800.0
E35,3.0,588.0,2408448.0,4127122.5194473187,5.32733,5.46292,5.46292,3.108848168035051,3.1893918971466495,4.485119834900907,4.601319873464914,0.135593,5.46292,4.601319873464914,0.0,0.0,0.0004,0.682707,12.927,186311.0,186311.0,2362752.0,5690565328896.0,34143391973376.0
E35,4.0,600.0,2457600.0,4211349.509640121,5.31697,5.45704,5.45704,3.1028024252293975,3.18595900331785,4.4763976717367004,4.596367254562207,0.140068,5.45704,4.596367254562207,0.0,0.0,0.0004,0.680726,13.3383,184251.0,184251.0,2362752.0,5806699315200.0,34840195891200.0
E35,4.0,784.0,3211264.0,5502830.025929758,5.16383,5.36642,5.36642,3.0134351420964043,3.1330527382216324,4.347467935543011,4.520039648275937,0.202591,5.36642,4.520039648275937,0.0,0.0,0.0004,0.733128,17.2336,186338.0,186338.0,2362752.0,7587420438528.0,45524522631168.0
E35,5.0,800.0,3276800.0,5615132.679520162,5.16196,5.36075,5.36075,3.0123438738486654,3.1297424477438622,4.345893568253719,4.5152639086197555,0.198792,5.36075,4.5152639086197555,0.0,0.0,0.0004,0.785614,17.7014,185116.0,185116.0,2362752.0,7742265753600.0,46453594521600.0
E35,5.0,980.0,4014080.0,6878537.532412198,5.05021,5.28877,5.28877,2.947130383642893,3.0877186896151296,4.25181038933479,4.454636441167916,0.238562,5.28877,4.454636441167916,0.0,0.0,0.0004,0.803071,21.5132,186587.0,186587.0,2362752.0,9484275548160.0,56905653288960.0
E35,6.0,1000.0,4096000.0,7018915.849400202,5.04422,5.28988,5.28988,2.9436348238546826,3.0883667358991373,4.246767362563208,4.4555713743281204,0.245666,5.28877,4.454636441167916,0.0011099999999997223,0.0009349331602042099,0.0004,0.85462,22.0346,185889.0,185889.0,2362752.0,9677832192000.0,58066993152000.0
E35,6.0,1176.0,4816896.0,8254245.0388946375,4.9524,5.23517,5.23517,2.890051802192991,3.056425643828799,4.16946340293604,4.409490119197666,0.282763,5.23517,4.409490119197666,0.0,0.0,0.0004,0.853089,25.6499,187794.0,187794.0,2362752.0,11381130657792.0,68286783946752.0
E35,7.0,1200.0,4915200.0,8422699.019280242,4.94804,5.23842,5.23842,2.8875074548346267,3.0583230766423357,4.165792685619828,4.412227536108175,0.290381,5.23517,4.409490119197666,0.003249999999999531,0.002737416910509438,0.0004,0.903158,26.3011,186882.0,186882.0,2362752.0,11613398630400.0,69680391782400.0
E35,7.0,1372.0,5619712.0,9629952.545377078,4.8571,5.19287,5.19287,2.8344379711718712,3.0317298259787657,4.089229604717033,4.373861585254725,0.335767,5.19287,4.373861585254725,0.0,0.0,0.0004,0.939645,29.9929,187368.0,187368.0,2362752.0,13277985767424.0,79667914604544.0
E35,8.0,1400.0,5734400.0,9826482.189160284,4.84949,5.19385,5.19385,2.8299970346128926,3.0323019749502325,4.082822687566493,4.37468702173851,0.344364,5.19287,4.373861585254725,0.000980000000000203,0.0008254364837849693,0.0004,0.949057,30.7425,186530.0,186530.0,2362752.0,13548965068800.0,81293790412800.0
E35,8.0,1568.0,6422528.0,11005660.051859517,4.77018,5.15659,5.15659,2.7837144224588,3.0105486375248836,4.016050992532396,4.343303589712175,0.386407,5.15659,4.343303589712175,0.0,0.0,0.0004,1.04007,34.4085,186655.0,186655.0,2362752.0,15174840877056.0,91049045262336.0
E35,9.0,1600.0,6553600.0,11230265.359040324,4.76591,5.1648,5.1648,2.7812225960321455,3.0153418447246185,4.012456046903905,4.350218725969186,0.398881,5.15659,4.343303589712175,0.00821000000000005,0.006915136257011234,0.0004,1.05232,35.182,186277.0,186277.0,2362752.0,15484531507200.0,92907189043200.0
E35,9.0,1764.0,7225344.0,12381367.558341956,4.71497,5.13189,5.13189,2.7514957486846554,2.996128148142004,3.969569271654418,4.322499221192303,0.416927,5.13189,4.322499221192303,0.0,0.0,0.0004,1.01748,38.5312,187519.0,187519.0,2362752.0,17071695986688.0,102430175920128.0
E35,10.0,1800.0,7372800.0,12634048.528920364,4.69142,5.13728,5.13728,2.737752771554043,2.9992749674850696,3.949742346701033,4.327039121853117,0.445854,5.13189,4.322499221192303,0.00538999999999934,0.004539900660813778,0.0004,1.07076,39.4052,187102.0,187102.0,2362752.0,17420097945600.0,104520587673600.0
E35,10.0,1960.0,8028160.0,13757075.064824397,4.61679,5.11043,5.11043,2.6942012478488366,2.98359925331785,3.8869107794283737,4.304423846761677,0.493636,5.11043,4.304423846761677,0.0,0.0,0.0004,1.05153,42.7337,187865.0,187865.0,2362752.0,18968551096320.0,113811306577920.0
E36,0.0,0.0,0.0,0.0,8.04503,8.0422,8.0422,4.694805235884961,4.695241284007962,6.773172231750774,6.773801316215416,-0.00282569,8.0422,6.773801316215416,0.0,0.0,0.0004,,0.0,0.0,0.0,3545472.0,0.0,0.0
E36,1.0,196.0,802816.0,1375707.5064824396,6.84926,6.86775,6.86775,3.9969946302173422,4.009567447743862,5.766444331474376,5.784583072969888,0.0184857,6.86775,5.784583072969888,0.0,0.0,0.0004,0.444878,4.74394,169230.0,169230.0,3545472.0,2846361649152.0,17078169894912.0
E36,2.0,200.0,819200.0,1403783.1698800405,6.7921,6.81068,6.81068,3.9636380029228278,3.9762485275381554,5.718320890695798,5.73651403202134,0.0185864,6.81068,5.73651403202134,0.0,0.0,0.0004,0.466406,5.00665,163623.0,163623.0,3545472.0,2904450662400.0,17426703974400.0
E36,2.0,392.0,1605632.0,2751415.012964879,5.64229,5.7127,5.7127,3.29264808638145,3.335219825812873,4.750287065615053,4.811705102974784,0.0704121,5.7127,4.811705102974784,0.0,0.0,0.0004,0.60748,8.86319,181157.0,181157.0,3545472.0,5692723298304.0,34156339789824.0
E36,3.0,400.0,1638400.0,2807566.339760081,5.61867,5.69782,5.69782,3.2788642596372854,3.3265325026542802,4.730401207126774,4.799171944935283,0.0791479,5.69782,4.799171944935283,0.0,0.0,0.0004,0.633186,9.20848,177923.0,177923.0,3545472.0,5808901324800.0,34853407948800.0
E36,3.0,588.0,2408448.0,4127122.5194473187,5.3568,5.48019,5.48019,3.1260458553403225,3.1994745632050434,4.509930853090982,4.6158660857862985,0.12339,5.48019,4.6158660857862985,0.0,0.0,0.0004,0.651029,13.228,182072.0,182072.0,3545472.0,8539084947456.0,51234509684736.0
E36,4.0,600.0,2457600.0,4211349.509640121,5.34585,5.47376,5.47376,3.119655808649019,3.195720565361646,4.500711964418389,4.610450211714121,0.127916,5.47376,4.610450211714121,0.0,0.0,0.0004,0.710094,13.7406,178857.0,178857.0,3545472.0,8713351987200.0,52280111923200.0
E36,4.0,784.0,3211264.0,5502830.025929758,5.19599,5.38064,5.38064,3.0322026216938776,3.141354736562707,4.374543685288271,4.532016900112073,0.18465,5.38064,4.532016900112073,0.0,0.0,0.0004,0.70927,17.7203,181219.0,181219.0,3545472.0,11385446596608.0,68312679579648.0
E36,5.0,800.0,3276800.0,5615132.679520162,5.1932,5.37645,5.37645,3.030574472810888,3.138908507796948,4.372194762968952,4.528487738002833,0.183256,5.37645,4.528487738002833,0.0,0.0,0.0004,0.762209,18.1299,180740.0,180740.0,3545472.0,11617802649600.0,69706815897600.0
E36,5.0,980.0,4014080.0,6878537.532412198,5.0783,5.29998,5.29998,2.9635227499952883,3.0942633732581286,4.275459574979826,4.4640784238038576,0.221685,5.29998,4.4640784238038576,0.0,0.0,0.0004,0.835164,21.5707,186089.0,186089.0,3545472.0,14231808245760.0,85390849474560.0
E36,6.0,1000.0,4096000.0,7018915.849400202,5.0767,5.3006,5.3006,2.9625890445426775,3.0946253450564036,4.274112522753693,4.464600638722171,0.223902,5.29998,4.4640784238038576,0.000620000000000509,0.0005222149183135016,0.0004,0.757551,22.0752,185547.0,185547.0,3545472.0,14522253312000.0,87133519872000.0
E36,6.0,1176.0,4816896.0,8254245.0388946375,4.97869,5.24314,5.24314,2.905393749911199,3.0610787329130726,4.191597154826676,4.416203107744362,0.264454,5.24314,4.416203107744362,0.0,0.0,0.0004,0.784974,25.3914,189706.0,189706.0,3545472.0,17078169894912.0,102469019369472.0
E36,7.0,1200.0,4915200.0,8422699.019280242,4.97117,5.24157,5.24157,2.901005334283929,3.060162126907764,4.185266009363854,4.4148807248060535,0.2704,5.24157,4.4148807248060535,0.0,0.0,0.0004,0.929576,26.0065,188999.0,188999.0,3545472.0,17426703974400.0,104560223846400.0
E36,7.0,1372.0,5619712.0,9629952.545377078,4.88279,5.19272,5.19272,2.8494297793453507,3.0316422521566024,4.110858212022871,4.373735242935779,0.309929,5.19272,4.373735242935779,0.0,0.0,0.0004,0.918787,29.429,190958.0,190958.0,3545472.0,19924531544064.0,119547189264384.0
E36,8.0,1400.0,5734400.0,9826482.189160284,4.87019,5.19211,5.19211,2.842076848906042,3.0312861186131386,4.100250175742079,4.373221450838729,0.321919,5.19211,4.373221450838729,0.0,0.0,0.0004,0.976189,30.114,190423.0,190423.0,3545472.0,20331154636800.0,121986927820800.0
E36,8.0,1568.0,6422528.0,11005660.051859517,4.79269,5.15775,5.15775,2.7968504910452157,3.0112258750829466,4.035002333538795,4.344280636978697,0.365063,5.15775,4.344280636978697,0.0,0.0,0.0004,1.00055,33.227,193292.0,193292.0,3545472.0,22770893193216.0,136625359159296.0
E36,9.0,1600.0,6553600.0,11230265.359040324,4.78073,5.15687,5.15687,2.7898710427869515,3.0107121086595883,4.024933118148456,4.343539428707542,0.37614,5.15687,4.343539428707542,0.0,0.0,0.0004,1.08859,33.9576,192994.0,192994.0,3545472.0,23235605299200.0,139413631795200.0
E36,9.0,1764.0,7225344.0,12381367.558341956,4.73096,5.12772,5.12772,2.760826967551682,2.993693595885866,3.983031374839327,4.3189869047255876,0.396762,5.12772,4.3189869047255876,0.0,0.0,0.0004,1.09024,37.0699,194912.0,194912.0,3545472.0,25617254842368.0,153703529054208.0
E36,10.0,1800.0,7372800.0,12634048.528920364,4.70072,5.12634,5.12634,2.7431799344973418,2.992887916721964,3.957572087765427,4.317824555391279,0.425618,5.12634,4.317824555391279,0.0,0.0,0.0004,0.97296,37.8851,194610.0,194610.0,3545472.0,26140055961600.0,156840335769600.0
E36,10.0,1960.0,8028160.0,13757075.064824397,4.62413,5.09563,5.09563,2.6984846216126877,2.974958636197744,3.8930903815157554,4.291958071292279,0.471503,5.09563,4.291958071292279,0.0,0.0,0.0004,1.06754,41.1971,194872.0,194872.0,3545472.0,28463616491520.0,170781698949120.0
E37,0.0,0.0,0.0,0.0,8.04265,8.04382,8.04382,4.6934163490242025,4.696187081287326,6.771168491564401,6.775165813260041,0.00117648,8.04382,6.775165813260041,0.0,0.0,0.0004,,0.0,0.0,0.0,4731264.0,0.0,0.0
E37,1.0,196.0,802816.0,1375707.5064824396,7.30047,7.29875,7.29875,4.260305403512612,4.2611962300929,6.1463214783201,6.1476066694097735,-0.00171715,7.29875,6.1476066694097735,0.0,0.0,0.0004,0.237963,7.97423,100676.0,100676.0,4731264.0,3798334439424.0,22790006636544.0
E37,2.0,200.0,819200.0,1403783.1698800405,7.29937,7.29918,7.29918,4.259663481013943,4.261447275049767,6.1453953799146355,6.147968850724086,-0.00019156,7.29875,6.1476066694097735,0.0004299999999997084,0.0003621813143128705,0.0004,0.225429,8.46552,96769.0,96769.0,4731264.0,3875851468800.0,23255108812800.0
E37,2.0,392.0,1605632.0,2751415.012964879,5.85144,5.8995,5.8995,3.414700896014893,3.4442784256801593,4.926372048799786,4.969043404169612,0.0480616,5.8995,4.969043404169612,0.0,0.0,0.0004,0.541384,15.6608,102525.0,102525.0,4731264.0,7596668878848.0,45580013273088.0
E37,3.0,400.0,1638400.0,2807566.339760081,5.81672,5.87196,5.87196,3.3944394876932424,3.4281998719309885,4.897141015492714,4.945846954411016,0.0552387,5.87196,4.945846954411016,0.0,0.0,0.0004,0.535455,16.2979,100528.0,100528.0,4731264.0,7751702937600.0,46510217625600.0
E37,3.0,588.0,2408448.0,4127122.5194473187,5.43325,5.53941,5.53941,3.1706594689978735,3.2340487081950897,4.5742946922708665,4.665746033306414,0.106154,5.53941,4.665746033306414,0.0,0.0,0.0004,0.628458,23.2462,103606.0,103606.0,4731264.0,11395003318272.0,68370019909632.0
E37,4.0,600.0,2457600.0,4211349.509640121,5.41724,5.52855,5.52855,3.1613165788126882,3.2277083634704713,4.56081575093313,4.656598849414681,0.111308,5.52855,4.656598849414681,0.0,0.0,0.0004,0.64511,23.9429,102644.0,102644.0,4731264.0,11627554406400.0,69765326438400.0
E37,4.0,784.0,3211264.0,5502830.025929758,5.23858,5.41028,5.41028,3.057056693710556,3.1586593238221634,4.41040053173263,4.556982142335921,0.171707,5.41028,4.556982142335921,0.0,0.0,0.0004,0.714764,30.7372,104475.0,104475.0,4731264.0,15193337757696.0,91160026546176.0
E37,5.0,800.0,3276800.0,5615132.679520162,5.23464,5.406,5.406,3.0547574440335024,3.156160550763105,4.407083415625779,4.553377174835312,0.171357,5.406,4.553377174835312,0.0,0.0,0.0004,0.771647,31.6648,103484.0,103484.0,4731264.0,15503405875200.0,93020435251200.0
E37,5.0,980.0,4014080.0,6878537.532412198,5.10434,5.31284,5.31284,2.9787188062365257,3.1017713689449233,4.297382849960129,4.4749101719482125,0.208498,5.31284,4.4749101719482125,0.0,0.0,0.0004,0.849665,38.6053,103978.0,103978.0,4731264.0,18991672197120.0,113950033182720.0
E37,6.0,1000.0,4096000.0,7018915.849400202,5.10184,5.31449,5.31449,2.977259891466822,3.1027346809887195,4.295278080856797,4.476299937456625,0.212655,5.31284,4.4749101719482125,0.0016500000000005954,0.0013897655084127436,0.0004,0.77206,39.6192,103384.0,103384.0,4731264.0,19379257344000.0,116275544064000.0
E37,6.0,1176.0,4816896.0,8254245.0388946375,4.9799,5.23772,5.23772,2.9060998646597356,3.057914398805574,4.192615863072688,4.411637938619758,0.25782,5.23772,4.411637938619758,0.0,0.0,0.0004,0.817229,46.1982,104266.0,104266.0,4731264.0,22790006636544.0,136740039819264.0
E37,7.0,1200.0,4915200.0,8422699.019280242,4.97116,5.24019,5.24019,2.9009994986248504,3.059356447743862,4.185257590287441,4.4137183754717455,0.269029,5.23772,4.411637938619758,0.00246999999999975,0.002080436851987777,0.0004,1.0348,47.4108,103673.0,103673.0,4731264.0,23255108812800.0,139530652876800.0
E37,7.0,1372.0,5619712.0,9629952.545377078,4.87015,5.18388,5.18388,2.8420535062697265,3.0264812349037826,4.100216499436425,4.366289468939193,0.313728,5.18388,4.366289468939193,0.0,0.0,0.0004,0.928326,53.7297,104592.0,104592.0,4731264.0,26588341075968.0,159530046455808.0
E37,8.0,1400.0,5734400.0,9826482.189160284,4.853,5.18032,5.18032,2.8320453509495565,3.0244028161911083,4.085777783387569,4.363290944569528,0.327317,5.18032,4.363290944569528,0.0,0.0,0.0004,0.924006,55.0223,104220.0,104220.0,4731264.0,27130960281600.0,162785761689600.0
E37,8.0,1568.0,6422528.0,11005660.051859517,4.76328,5.13521,5.13521,2.7796878176944166,2.998066448739217,4.0102418298072005,4.325295597851654,0.371937,5.13521,4.325295597851654,0.0,0.0,0.0004,1.00099,61.5678,104316.0,104316.0,4731264.0,30386675515392.0,182320053092352.0
E37,9.0,1600.0,6553600.0,11230265.359040324,4.74294,5.13217,5.13217,2.7678180871281044,2.996291619276709,3.9931174283824933,4.32273506018767,0.38923,5.13217,4.32273506018767,0.0,0.0,0.0004,1.02851,63.05,103943.0,103943.0,4731264.0,31006811750400.0,186040870502400.0
E37,9.0,1764.0,7225344.0,12381367.558341956,4.68604,5.10334,5.10334,2.7346131869696397,2.9794599306569345,3.945212883590663,4.298452066486134,0.417302,5.10334,4.298452066486134,0.0,0.0,0.0004,1.09957,69.5937,103822.0,103822.0,4731264.0,34185009954816.0,205110059728896.0
E37,10.0,1800.0,7372800.0,12634048.528920364,4.65302,5.10322,5.10322,2.715343840691388,2.9793898715992038,3.917413093273857,4.298350992630977,0.450195,5.10322,4.298350992630977,0.0,0.0,0.0004,1.05131,71.2341,103501.0,103501.0,4731264.0,34882663219200.0,209295979315200.0
E37,10.0,1960.0,8028160.0,13757075.064824397,4.56435,5.07091,5.07091,2.663599051639524,2.960526470305242,3.842761142716887,4.27113685712988,0.506557,5.07091,4.27113685712988,0.0,0.0,0.0004,1.11574,77.2308,103950.0,103950.0,4731264.0,37983344394240.0,227900066365440.0
E38,0.0,0.0,0.0,0.0,8.04045,8.04233,8.04233,4.692132504026863,4.695317181320505,6.7693162947534695,6.773910812891838,0.00188423,8.04233,6.773910812891838,0.0,0.0,0.0004,,0.0,0.0,0.0,4731264.0,0.0,0.0
E38,1.0,196.0,802816.0,1375707.5064824396,6.97982,6.98982,6.98982,4.073184995150368,4.080835024220305,5.876363793126773,5.887400452128627,0.00999939,6.98982,5.887400452128627,0.0,0.0,0.0004,0.459554,7.55644,106243.0,106243.0,4731264.0,3798334439424.0,22790006636544.0
E38,2.0,200.0,819200.0,1403783.1698800405,6.9529,6.95939,6.95939,4.057475400910194,4.06306921483079,5.8536996394220955,5.861769807024995,0.00649043,6.95939,5.861769807024995,0.0,0.0,0.0004,0.438654,7.98181,102633.0,102633.0,4731264.0,3875851468800.0,23255108812800.0
E38,2.0,392.0,1605632.0,2751415.012964879,6.02677,6.06085,6.06085,3.517017506643779,3.5384786670537496,5.073983715554647,5.104945625249834,0.0340773,6.06085,5.104945625249834,0.0,0.0,0.0004,0.602958,15.1224,106176.0,106176.0,4731264.0,7596668878848.0,45580013273088.0
E38,3.0,400.0,1638400.0,2807566.339760081,5.9969,6.03732,6.03732,3.499586392975355,3.5247412534837426,5.048835934308039,5.0851267268177445,0.0404175,6.03732,5.0851267268177445,0.0,0.0,0.0004,0.623903,15.6891,104430.0,104430.0,4731264.0,7751702937600.0,46510217625600.0
E38,3.0,588.0,2408448.0,4127122.5194473187,5.64294,5.71411,5.71411,3.2930274042215726,3.336043019741208,4.750834305581919,4.812892720772883,0.0711701,5.71411,4.812892720772883,0.0,0.0,0.0004,0.617625,22.6341,106408.0,106408.0,4731264.0,11395003318272.0,68370019909632.0
E38,4.0,600.0,2457600.0,4211349.509640121,5.62677,5.70361,5.70361,3.2835911434911265,3.329912852189781,4.737220659021569,4.804048758446621,0.0768456,5.70361,4.804048758446621,0.0,0.0,0.0004,0.706551,23.3999,105026.0,105026.0,4731264.0,11627554406400.0,69765326438400.0
E38,4.0,784.0,3211264.0,5502830.025929758,5.4372,5.55666,5.55666,3.1729645543340057,3.244119697743862,4.57762022745413,4.680275399985273,0.119453,5.55666,4.680275399985273,0.0,0.0,0.0004,0.690151,30.3786,105708.0,105708.0,4731264.0,15193337757696.0,91160026546176.0
E38,5.0,800.0,3276800.0,5615132.679520162,5.42912,5.54666,5.54666,3.1682493417983224,3.23828144293298,4.570817613712162,4.6718525787221665,0.117541,5.54666,4.6718525787221665,0.0,0.0,0.0004,0.696588,31.251,104854.0,104854.0,4731264.0,15503405875200.0,93020435251200.0
E38,5.0,980.0,4014080.0,6878537.532412198,5.32223,5.465,5.465,3.105871981904855,3.1906062541473124,4.48082610593011,4.6030718202876395,0.142775,5.465,4.6030718202876395,0.0,0.0,0.0004,0.728631,38.0281,105556.0,105556.0,4731264.0,18991672197120.0,113950033182720.0
E38,6.0,1000.0,4096000.0,7018915.849400202,5.32238,5.46785,5.46785,3.105959516791037,3.1922701567684144,4.48095239207631,4.605472324347625,0.145472,5.465,4.6030718202876395,0.0028500000000004633,0.0024005040599854865,0.0004,0.711814,39.0765,104820.0,104820.0,4731264.0,19379257344000.0,116275544064000.0
E38,6.0,1176.0,4816896.0,8254245.0388946375,5.23421,5.40793,5.40793,3.0545065106931135,3.157287333941606,4.406721395340006,4.555002779339092,0.173721,5.40793,4.555002779339092,0.0,0.0,0.0004,0.734955,45.6256,105574.0,105574.0,4731264.0,22790006636544.0,136740039819264.0
E38,7.0,1200.0,4915200.0,8422699.019280242,5.22961,5.41033,5.41033,3.051822107516858,3.158688515096218,4.402848620189876,4.557024256442237,0.180719,5.40793,4.555002779339092,0.0023999999999997357,0.002021477103145486,0.0004,0.727922,46.7291,105185.0,105185.0,4731264.0,23255108812800.0,139530652876800.0
E38,7.0,1372.0,5619712.0,9629952.545377078,5.16016,5.36667,5.36667,3.0112934552144788,3.1331986945919046,4.344378134499321,4.520250218807515,0.206513,5.36667,4.520250218807515,0.0,0.0,0.0004,0.762283,53.3914,105255.0,105255.0,4731264.0,26588341075968.0,159530046455808.0
E38,8.0,1400.0,5734400.0,9826482.189160284,5.1473,5.36514,5.36514,3.003788797639121,3.1323054416058396,4.333551202231782,4.51896152715426,0.217847,5.36514,4.51896152715426,0.0,0.0,0.0004,0.828188,54.6767,104878.0,104878.0,4731264.0,27130960281600.0,162785761689600.0
E38,8.0,1568.0,6422528.0,11005660.051859517,5.07818,5.32624,5.32624,2.9634527220863425,3.1095946303915065,4.275358546062866,4.486196752440776,0.248055,5.32624,4.486196752440776,0.0,0.0,0.0004,0.840218,60.7971,105639.0,105639.0,4731264.0,30386675515392.0,182320053092352.0
E38,9.0,1600.0,6553600.0,11230265.359040324,5.06513,5.32351,5.32351,2.955837186988487,3.108000786828135,4.264371651343474,4.483897322235947,0.258378,5.32351,4.483897322235947,0.0,0.0,0.0004,0.846234,62.1517,105445.0,105445.0,4731264.0,31006811750400.0,186040870502400.0
E38,9.0,1764.0,7225344.0,12381367.558341956,5.02188,5.28157,5.28157,2.930597961472607,3.0835151461512944,4.227959145855836,4.44857200985848,0.259687,5.28157,4.44857200985848,0.0,0.0,0.0004,0.836615,68.0364,106198.0,106198.0,4731264.0,34185009954816.0,205110059728896.0
E38,10.0,1800.0,7372800.0,12634048.528920364,4.99349,5.28511,5.28511,2.9140305253478473,3.085581888354347,4.2040573879184,4.451553688585619,0.291615,5.28157,4.44857200985848,0.0035400000000000986,0.002981678727139503,0.0004,0.864812,69.6073,105920.0,105920.0,4731264.0,34882663219200.0,209295979315200.0
E38,10.0,1960.0,8028160.0,13757075.064824397,4.92439,5.24246,5.24246,2.8737061211132264,3.0606817315859325,4.14588156990231,4.41563035589847,0.318076,5.24246,4.41563035589847,0.0,0.0,0.0004,0.904726,75.7178,106027.0,106027.0,4731264.0,37983344394240.0,227900066365440.0
E39,0.0,0.0,0.0,0.0,8.04273,8.04404,8.04404,4.693463034296833,4.6963155228931655,6.771235844175709,6.775351115327829,0.00131661,8.04404,6.775351115327829,0.0,0.0,0.0004,,0.0,0.0,0.0,2956416.0,0.0,0.0
E39,1.0,196.0,802816.0,1375707.5064824396,6.69181,6.71766,6.71766,3.9051121780213793,3.921941081287326,5.633885973346543,5.658164948631924,0.0258588,6.71766,5.658164948631924,0.0,0.0,0.0004,0.449179,4.86818,164911.0,164911.0,2956416.0,2373458067456.0,14240748404736.0
E39,2.0,200.0,819200.0,1403783.1698800405,6.6395,6.66393,6.66393,3.874585845380091,3.8905721381884537,5.589845784628429,5.612909129985253,0.0244204,6.66393,5.612909129985253,0.0,0.0,0.0004,0.472743,5.13839,159427.0,159427.0,2956416.0,2421895987200.0,14531375923200.0
E39,2.0,392.0,1605632.0,2751415.012964879,5.60866,5.685,5.685,3.2730227648993906,3.3190478599867284,4.721973711637035,4.78837388807598,0.0763377,5.685,4.78837388807598,0.0,0.0,0.0004,0.601598,9.21917,174162.0,174162.0,2956416.0,4746916134912.0,28481496809472.0
E39,3.0,400.0,1638400.0,2807566.339760081,5.58969,5.6702,5.6702,3.2619525196268757,3.310407242866623,4.706002723680953,4.775908112606583,0.0805177,5.6702,4.775908112606583,0.0,0.0,0.0004,0.635855,9.53261,171873.0,171873.0,2956416.0,4843791974400.0,29062751846400.0
E39,3.0,588.0,2408448.0,4127122.5194473187,5.33429,5.46602,5.46602,3.112909786753907,3.191201756138023,4.490979512084582,4.603930948056477,0.131728,5.46602,4.603930948056477,0.0,0.0,0.0004,0.689568,13.7829,174742.0,174742.0,2956416.0,7120374202368.0,42722245214208.0
E39,4.0,600.0,2457600.0,4211349.509640121,5.32666,5.46164,5.46164,3.1084571788767703,3.188644600530856,4.484555756781214,4.600241752343236,0.134979,5.46164,4.600241752343236,0.0,0.0,0.0004,0.731599,14.2243,172775.0,172775.0,2956416.0,7265687961600.0,43594127769600.0
E39,4.0,784.0,3211264.0,5502830.025929758,5.17662,5.37136,5.37136,3.02089895005821,3.1359368360982085,4.3582359342756565,4.524200521979911,0.194748,5.37136,4.524200521979911,0.0,0.0,0.0004,0.698062,18.5011,173572.0,173572.0,2956416.0,9493832269824.0,56962993618944.0
E39,5.0,800.0,3276800.0,5615132.679520162,5.17493,5.36684,5.36684,3.0199127236738903,3.1332979449236893,4.356813110361804,4.520393406768987,0.191909,5.36684,4.520393406768987,0.0,0.0,0.0004,0.907165,19.0785,171754.0,171754.0,2956416.0,9687583948800.0,58125503692800.0
E39,5.0,980.0,4014080.0,6878537.532412198,5.06075,5.29122,5.29122,2.9532811683119653,3.089149062043796,4.260684095874437,4.456700032377377,0.230471,5.29122,4.456700032377377,0.0,0.0,0.0004,0.841672,23.077,173943.0,173943.0,2956416.0,11867290337280.0,71203742023680.0
E39,6.0,1000.0,4096000.0,7018915.849400202,5.05806,5.29015,5.29015,2.951711376019764,3.088524368779031,4.258419364319252,4.455798790502224,0.232098,5.29015,4.455798790502224,0.0,0.0,0.0004,0.902959,23.6721,173030.0,173030.0,2956416.0,12109479936000.0,72656879616000.0
E39,6.0,1176.0,4816896.0,8254245.0388946375,4.96001,5.23368,5.23368,2.89449273875197,3.0555557438619774,4.175870320086581,4.408235118829462,0.273672,5.23368,4.408235118829462,0.0,0.0,0.0004,0.839831,27.5896,174591.0,174591.0,2956416.0,14240748404736.0,85444490428416.0
E39,7.0,1200.0,4915200.0,8422699.019280242,4.95514,5.23482,5.23482,2.8916507727805865,3.056221304910418,4.171770229873291,4.409195320453457,0.279674,5.23368,4.408235118829462,0.001140000000000363,0.0009602016239949052,0.0004,0.955454,28.2673,173883.0,173883.0,2956416.0,14531375923200.0,87188255539200.0
E39,7.0,1372.0,5619712.0,9629952.545377078,4.86737,5.18844,5.18844,2.840431193045816,3.0291434790975447,4.097875996193521,4.370130275435169,0.321065,5.18844,4.370130275435169,0.0,0.0,0.0004,0.963989,32.2386,174316.0,174316.0,2956416.0,16614206472192.0,99685238833152.0
E39,8.0,1400.0,5734400.0,9826482.189160284,4.85771,5.19035,5.19035,2.834793946375679,3.0302585857664233,4.089743168378247,4.371739034296422,0.332639,5.18844,4.370130275435169,0.0019099999999996342,0.0016087588612530013,0.0004,1.03401,33.0544,173484.0,173484.0,2956416.0,16953271910400.0,101719631462400.0
E39,8.0,1568.0,6422528.0,11005660.051859517,4.77841,5.15503,5.15503,2.788517169880666,3.0096378697743864,4.022979892420564,4.3419896295951315,0.376623,5.15503,4.3419896295951315,0.0,0.0,0.0004,1.07644,36.8962,174070.0,174070.0,2956416.0,18987664539648.0,113925987237888.0
E39,9.0,1600.0,6553600.0,11230265.359040324,4.76713,5.15821,5.15821,2.781934546439761,3.011494434804247,4.013483174226331,4.3446680867567995,0.391083,5.15503,4.3419896295951315,0.0031800000000004047,0.0026784571616680353,0.0004,1.1035,37.7362,173669.0,173669.0,2956416.0,19375167897600.0,116251007385600.0
E39,9.0,1764.0,7225344.0,12381367.558341956,4.71483,5.12469,5.12469,2.751414049457552,2.991924604678169,3.9694514045846314,4.316434789882867,0.409861,5.12469,4.316434789882867,0.0,0.0,0.0004,1.20284,41.4383,174364.0,174364.0,2956416.0,21361122607104.0,128166735642624.0
E39,10.0,1800.0,7372800.0,12634048.528920364,4.69133,5.13127,5.13127,2.7377002506223334,2.995766176343729,3.9496665750133126,4.32197700627399,0.43994,5.12469,4.316434789882867,0.006579999999999586,0.005542216391122956,0.0004,1.02116,42.3607,174048.0,174048.0,2956416.0,21797063884800.0,130782383308800.0
E39,10.0,1960.0,8028160.0,13757075.064824397,4.62043,5.10172,5.10172,2.696325427753526,2.9785141333775718,3.8899753232428247,4.297087569441511,0.481286,5.10172,4.297087569441511,0.0,0.0,0.0004,1.10659,45.8134,175236.0,175236.0,2956416.0,23734580674560.0,142407484047360.0
E40,0.0,0.0,0.0,0.0,8.04379,8.04414,8.04414,4.694081614159187,4.696373905441274,6.77212826627552,6.77543534354046,0.0003479,8.04414,6.77543534354046,0.0,0.0,0.0004,,0.0,0.0,0.0,4735872.0,0.0,0.0
E40,1.0,196.0,802816.0,1375707.5064824396,7.30016,7.29897,7.29897,4.260124498081169,4.261324671698739,6.146060486951288,6.147791971477561,-0.00119159,7.29897,6.147791971477561,0.0,0.0,0.0004,0.238187,8.1843,98092.3,98092.3,4735872.0,3802033815552.0,22812202893312.0
E40,2.0,200.0,819200.0,1403783.1698800405,7.29953,7.29924,7.29924,4.259756851559204,4.261482304578633,6.145530085137248,6.148019387651666,-0.000288517,7.29897,6.147791971477561,0.00027000000000043656,0.00022741617410471093,0.0004,0.225542,8.61405,95100.4,95100.4,4735872.0,3879626342400.0,23277758054400.0
E40,2.0,392.0,1605632.0,2751415.012964879,6.10313,6.13674,6.13674,3.5615785993696205,3.5827851828135366,5.138271783046812,5.168866415815548,0.033608,6.13674,5.168866415815548,0.0,0.0,0.0004,0.555104,16.4184,97794.9,97794.9,4735872.0,7604067631104.0,45624405786624.0
E40,3.0,400.0,1638400.0,2807566.339760081,6.0493,6.09066,6.09066,3.530165246548352,3.55588250464499,5.092951894713873,5.130054055435154,0.0413617,6.09066,5.130054055435154,0.0,0.0,0.0004,0.540226,17.0361,96172.3,96172.3,4735872.0,7759252684800.0,46555516108800.0
E40,3.0,588.0,2408448.0,4127122.5194473187,5.49956,5.5946,5.5946,3.2093557243495043,3.2662700364963504,4.630121587967637,4.712231583857498,0.0950479,5.5946,4.712231583857498,0.0,0.0,0.0004,0.632836,24.8974,96734.8,96734.8,4735872.0,11406101446656.0,68436608679936.0
E40,4.0,600.0,2457600.0,4211349.509640121,5.48339,5.58416,5.58416,3.199919463619058,3.260174898473789,4.616507941407288,4.703438158458815,0.10077,5.58416,4.703438158458815,0.0,0.0,0.0004,0.66382,25.6662,95752.3,95752.3,4735872.0,11638879027200.0,69833274163200.0
E40,4.0,784.0,3211264.0,5502830.025929758,5.28396,5.44507,5.44507,3.083538914610225,3.178970612309224,4.448606300496309,4.586285137510269,0.161104,5.44507,4.586285137510269,0.0,0.0,0.0004,0.66888,32.9915,97336.0,97336.0,4735872.0,15208135262208.0,91248811573248.0
E40,5.0,800.0,3276800.0,5615132.679520162,5.28345,5.43918,5.43918,3.083241295997205,3.175531880225614,4.448176927599229,4.581324095786299,0.155729,5.43918,4.581324095786299,0.0,0.0,0.0004,0.728354,33.8732,96737.3,96737.3,4735872.0,15518505369600.0,93111032217600.0
E40,5.0,980.0,4014080.0,6878537.532412198,5.17156,5.366,5.366,3.0179461065643296,3.132807531519575,4.353975881610514,4.519685889782886,0.194439,5.366,4.519685889782886,0.0,0.0,0.0004,0.740002,41.0917,97686.0,97686.0,4735872.0,19010169077760.0,114061014466560.0
E40,6.0,1000.0,4096000.0,7018915.849400202,5.16843,5.36736,5.36736,3.0161195452726597,3.1336015341738555,4.351340710693141,4.520831393474669,0.198924,5.366,4.519685889782886,0.0013600000000000279,0.0011455036917826789,0.0004,0.789485,42.1043,97282.2,97282.2,4735872.0,19398131712000.0,116388790272000.0
E40,6.0,1176.0,4816896.0,8254245.0388946375,5.06148,5.2999,5.2999,2.9537071714247194,3.0942166672196416,4.2612986884526105,4.4640110412337535,0.238416,5.2999,4.4640110412337535,0.0,0.0,0.0004,0.763455,49.2467,97811.5,97811.5,4735872.0,22812202893312.0,136873217359872.0
E40,7.0,1200.0,4915200.0,8422699.019280242,5.05265,5.29744,5.29744,2.9485542844581243,3.0927804565361647,4.253864643979642,4.461939027203029,0.244787,5.29744,4.461939027203029,0.0,0.0,0.0004,0.840146,50.4874,97355.0,97355.0,4735872.0,23277758054400.0,139666548326400.0
E40,7.0,1372.0,5619712.0,9629952.545377078,4.95428,5.23875,5.23875,2.8911489060998083,3.058515739051095,4.1710461893017445,4.412505489209858,0.284464,5.23875,4.412505489209858,0.0,0.0,0.0004,0.968924,57.5687,97617.4,97617.4,4735872.0,26614236708864.0,159685420253184.0
E40,8.0,1400.0,5734400.0,9826482.189160284,4.93637,5.23357,5.23357,2.8806972406896483,3.055491523059058,4.155967623445476,4.408142467795568,0.297201,5.23357,4.408142467795568,0.0,0.0,0.0004,0.951821,58.9835,97220.4,97220.4,4735872.0,27157384396800.0,162944306380800.0
E40,8.0,1568.0,6422528.0,11005660.051859517,4.84377,5.18606,5.18606,2.8266590376198093,3.0277539744525552,4.078006975858069,4.368125643974551,0.342291,5.18606,4.368125643974551,0.0,0.0,0.0004,0.960652,65.5349,98001.6,98001.6,4735872.0,30416270524416.0,182497623146496.0
E40,9.0,1600.0,6553600.0,11230265.359040324,4.8336,5.18591,5.18591,2.8207241723366527,3.0276664006303915,4.069444775145715,4.367999301655604,0.352314,5.18591,4.367999301655604,0.0,0.0,0.0004,1.06181,66.9703,97858.3,97858.3,4735872.0,31037010739200.0,186222064435200.0
E40,9.0,1764.0,7225344.0,12381367.558341956,4.77803,5.15152,5.15152,2.788295414835671,3.0075886423357665,4.022659967516858,4.339033219331781,0.373498,5.15152,4.339033219331781,0.0,0.0,0.0004,1.1938,73.802,97901.7,97901.7,4735872.0,34218304339968.0,205309826039808.0
E40,10.0,1800.0,7372800.0,12634048.528920364,4.74027,5.14637,5.14637,2.7662599661540606,3.004581941108162,3.990869534980135,4.334695466381281,0.406104,5.14637,4.334695466381281,0.0,0.0,0.0004,0.950501,75.4778,97681.7,97681.7,4735872.0,34916637081600.0,209499822489600.0
E40,10.0,1960.0,8028160.0,13757075.064824397,4.65565,5.11298,5.11298,2.7168786190291168,2.985088008294625,3.9196273103705623,4.3065716661837685,0.457322,5.11298,4.3065716661837685,0.0,0.0,0.0004,1.01405,81.9322,97985.3,97985.3,4735872.0,38020338155520.0,228122028933120.0
E41,0.0,0.0,0.0,0.0,8.04015,8.04252,8.04252,4.6919574342544985,4.695428108161911,6.76906372246107,6.774070846495837,0.00237047,8.04252,6.774070846495837,0.0,0.0,0.0004,,0.0,0.0,0.0,2378112.0,0.0,0.0
E41,1.0,196.0,802816.0,1375707.5064824396,7.28259,7.28518,7.28518,4.24987124507969,4.253273718314532,6.131268169693072,6.136176900955738,0.00258688,7.28518,6.136176900955738,0.0,0.0,0.0004,0.25372,4.29666,186847.0,186847.0,2378112.0,1909186363392.0,11455118180352.0
E41,2.0,200.0,819200.0,1403783.1698800405,7.27683,7.2812,7.2812,4.246509905450291,4.250950092899801,6.126418781678996,6.1328246180930215,0.00437473,7.2812,6.1328246180930215,0.0,0.0,0.0004,0.246635,4.54215,180355.0,180355.0,2378112.0,1948149350400.0,11688896102400.0
E41,2.0,392.0,1605632.0,2751415.012964879,6.0708,6.10728,6.10728,3.5427119135678073,3.565585684140677,5.111052909002526,5.144052784374437,0.036483,6.10728,5.144052784374437,0.0,0.0,0.0004,0.63755,8.44587,190109.0,190109.0,2378112.0,3818372726784.0,22910236360704.0
E41,3.0,400.0,1638400.0,2807566.339760081,6.03644,6.07702,6.07702,3.5226605889729945,3.5479191250829465,5.0821249624463345,5.118565327232277,0.0405841,6.07702,5.118565327232277,0.0,0.0,0.0004,0.575757,8.77547,186702.0,186702.0,2378112.0,3896298700800.0,23377792204800.0
E41,3.0,588.0,2408448.0,4127122.5194473187,5.65081,5.71625,5.71625,3.297620067916601,3.3372924062707363,4.757460118719207,4.814695204523187,0.0654355,5.71625,4.814695204523187,0.0,0.0,0.0004,0.578373,12.9319,186241.0,186241.0,2378112.0,5727559090176.0,34365354541056.0
E41,4.0,600.0,2457600.0,4211349.509640121,5.63603,5.706,5.706,3.2889949637981104,3.331308195089582,4.74501672378031,4.806061812728504,0.0699693,5.706,4.806061812728504,0.0,0.0,0.0004,0.672815,13.3753,183742.0,183742.0,2378112.0,5844448051200.0,35066688307200.0
E41,4.0,784.0,3211264.0,5502830.025929758,5.42759,5.54204,5.54204,3.1673564859592633,3.2355841692103517,4.569529495020923,4.667961235298611,0.114447,5.54204,4.667961235298611,0.0,0.0,0.0004,0.673213,17.2652,185996.0,185996.0,2378112.0,7636745453568.0,45820472721408.0
E41,5.0,800.0,3276800.0,5615132.679520162,5.42752,5.53177,5.53177,3.167315636345712,3.2295882815195753,4.56947056148603,4.659310997861401,0.104249,5.53177,4.659310997861401,0.0,0.0,0.0004,0.678585,17.7595,184510.0,184510.0,2378112.0,7792597401600.0,46755584409600.0
E41,5.0,980.0,4014080.0,6878537.532412198,5.28759,5.42103,5.42103,3.085657258855835,3.1649354477438623,4.451662425234345,4.566036675193761,0.133438,5.42103,4.566036675193761,0.0,0.0,0.0004,0.672799,21.602,185820.0,185820.0,2378112.0,9545931816960.0,57275590901760.0
E41,6.0,1000.0,4096000.0,7018915.849400202,5.29255,5.41807,5.41807,3.088551745758928,3.163207324319841,4.455838287135356,4.5635435200998815,0.125521,5.41807,4.5635435200998815,0.0,0.0,0.0004,0.699963,22.1837,184640.0,184640.0,2378112.0,9740746752000.0,58444480512000.0
E41,6.0,1176.0,4816896.0,8254245.0388946375,5.1823,5.34026,5.34026,3.0242136044149777,3.1177798636363634,4.363017969678426,4.49800554785165,0.157959,5.34026,4.49800554785165,0.0,0.0,0.0004,0.735106,25.9118,185896.0,185896.0,2378112.0,11455118180352.0,68730709082112.0
E41,7.0,1200.0,4915200.0,8422699.019280242,5.17192,5.33503,5.33503,3.0181561902911667,3.114726456370272,4.354278968361393,4.493600412331046,0.163114,5.33503,4.493600412331046,0.0,0.0,0.0004,0.778407,26.5262,185296.0,185296.0,2378112.0,11688896102400.0,70133376614400.0
E41,7.0,1372.0,5619712.0,9629952.545377078,5.08644,5.27059,5.27059,2.9682729764854447,3.0771047423689453,4.282312703180274,4.439323752111589,0.184157,5.27059,4.439323752111589,0.0,0.0,0.0004,0.742382,30.0292,187142.0,187142.0,2378112.0,13364304543744.0,80185827262464.0
E41,8.0,1400.0,5734400.0,9826482.189160284,5.07353,5.27025,5.27025,2.960739140614693,3.076906241705375,4.271443675530669,4.439037376188643,0.196714,5.27025,4.439037376188643,0.0,0.0,0.0004,0.741055,30.7554,186452.0,186452.0,2378112.0,13637045452800.0,81822272716800.0
E41,8.0,1568.0,6422528.0,11005660.051859517,4.99435,5.21914,5.21914,2.9145323920286255,3.0470669213669543,4.204781428489946,4.3959883367129065,0.224795,5.21914,4.3959883367129065,0.0,0.0,0.0004,0.75382,34.3261,187103.0,187103.0,2378112.0,15273490907136.0,91640945442816.0
E41,9.0,1600.0,6553600.0,11230265.359040324,4.98868,5.21819,5.21819,2.911223573330936,3.04651228715992,4.200007812163589,4.39518816869291,0.229511,5.21819,4.39518816869291,0.0,0.0,0.0004,0.77606,35.1845,186264.0,186264.0,2378112.0,15585194803200.0,93511168819200.0
E41,9.0,1764.0,7225344.0,12381367.558341956,4.94689,5.17648,5.17648,2.886836354040563,3.0221609263437292,4.164824491832296,4.3600565812044945,0.229583,5.17648,4.3600565812044945,0.0,0.0,0.0004,0.81067,38.8172,186138.0,186138.0,2378112.0,17182677270528.0,103096063623168.0
E41,10.0,1800.0,7372800.0,12634048.528920364,4.91634,5.1749,5.1749,2.8690084155547795,3.02123848208361,4.139104213389583,4.358725775444923,0.258562,5.1749,4.358725775444923,0.0,0.0,0.0004,0.811927,39.7064,185683.0,185683.0,2378112.0,17533344153600.0,105200064921600.0
E41,10.0,1960.0,8028160.0,13757075.064824397,4.85127,5.13774,5.13774,2.831035781928922,2.99954352720637,4.084321283168065,4.32742657163122,0.286472,5.13774,4.32742657163122,0.0,0.0,0.0004,0.777817,43.0234,186600.0,186600.0,2378112.0,19091863633920.0,114551181803520.0
E42,0.0,0.0,0.0,0.0,8.04015,8.04252,8.04252,4.6919574342544985,4.695428108161911,6.76906372246107,6.774070846495837,0.00237047,8.04252,6.774070846495837,0.0,0.0,0.0004,,0.0,0.0,0.0,2378112.0,0.0,0.0
E42,1.0,196.0,802816.0,1375707.5064824396,7.28259,7.28518,7.28518,4.24987124507969,4.253273718314532,6.131268169693072,6.136176900955738,0.00258688,7.28518,6.136176900955738,0.0,0.0,0.0004,0.25372,4.44037,180799.0,180799.0,2378112.0,1909186363392.0,11455118180352.0
E42,2.0,200.0,819200.0,1403783.1698800405,7.27683,7.2812,7.2812,4.246509905450291,4.250950092899801,6.126418781678996,6.1328246180930215,0.00437473,7.2812,6.1328246180930215,0.0,0.0,0.0004,0.246635,4.68258,174946.0,174946.0,2378112.0,1948149350400.0,11688896102400.0
E42,2.0,392.0,1605632.0,2751415.012964879,6.0708,6.10728,6.10728,3.5427119135678073,3.565585684140677,5.111052909002526,5.144052784374437,0.036483,6.10728,5.144052784374437,0.0,0.0,0.0004,0.63755,8.6637,185329.0,185329.0,2378112.0,3818372726784.0,22910236360704.0
E42,3.0,400.0,1638400.0,2807566.339760081,6.03644,6.07702,6.07702,3.5226605889729945,3.5479191250829465,5.0821249624463345,5.118565327232277,0.0405841,6.07702,5.118565327232277,0.0,0.0,0.0004,0.575757,9.02865,181467.0,181467.0,2378112.0,3896298700800.0,23377792204800.0
E42,3.0,588.0,2408448.0,4127122.5194473187,5.65081,5.71625,5.71625,3.297620067916601,3.3372924062707363,4.757460118719207,4.814695204523187,0.0654355,5.71625,4.814695204523187,0.0,0.0,0.0004,0.578373,13.2661,181549.0,181549.0,2378112.0,5727559090176.0,34365354541056.0
E42,4.0,600.0,2457600.0,4211349.509640121,5.63603,5.706,5.706,3.2889949637981104,3.331308195089582,4.74501672378031,4.806061812728504,0.0699693,5.706,4.806061812728504,0.0,0.0,0.0004,0.672815,13.6707,179772.0,179772.0,2378112.0,5844448051200.0,35066688307200.0
E42,4.0,784.0,3211264.0,5502830.025929758,5.42759,5.54204,5.54204,3.1673564859592633,3.2355841692103517,4.569529495020923,4.667961235298611,0.114447,5.54204,4.667961235298611,0.0,0.0,0.0004,0.673213,17.4945,183558.0,183558.0,2378112.0,7636745453568.0,45820472721408.0
E42,5.0,800.0,3276800.0,5615132.679520162,5.42752,5.53177,5.53177,3.167315636345712,3.2295882815195753,4.56947056148603,4.659310997861401,0.104249,5.53177,4.659310997861401,0.0,0.0,0.0004,0.678585,17.9691,182358.0,182358.0,2378112.0,7792597401600.0,46755584409600.0
E42,5.0,980.0,4014080.0,6878537.532412198,5.28759,5.42103,5.42103,3.085657258855835,3.1649354477438623,4.451662425234345,4.566036675193761,0.133438,5.42103,4.566036675193761,0.0,0.0,0.0004,0.672799,21.745,184598.0,184598.0,2378112.0,9545931816960.0,57275590901760.0
E42,6.0,1000.0,4096000.0,7018915.849400202,5.29255,5.41807,5.41807,3.088551745758928,3.163207324319841,4.455838287135356,4.5635435200998815,0.125521,5.41807,4.5635435200998815,0.0,0.0,0.0004,0.699963,22.326,183463.0,183463.0,2378112.0,9740746752000.0,58444480512000.0
E42,6.0,1176.0,4816896.0,8254245.0388946375,5.1823,5.34026,5.34026,3.0242136044149777,3.1177798636363634,4.363017969678426,4.49800554785165,0.157959,5.34026,4.49800554785165,0.0,0.0,0.0004,0.735106,26.0516,184898.0,184898.0,2378112.0,11455118180352.0,68730709082112.0
E42,7.0,1200.0,4915200.0,8422699.019280242,5.17192,5.33503,5.33503,3.0181561902911667,3.114726456370272,4.354278968361393,4.493600412331046,0.163114,5.33503,4.493600412331046,0.0,0.0,0.0004,0.778407,26.7339,183856.0,183856.0,2378112.0,11688896102400.0,70133376614400.0
E42,7.0,1372.0,5619712.0,9629952.545377078,5.08644,5.27059,5.27059,2.9682729764854447,3.0771047423689453,4.282312703180274,4.439323752111589,0.184157,5.27059,4.439323752111589,0.0,0.0,0.0004,0.742382,30.196,186108.0,186108.0,2378112.0,13364304543744.0,80185827262464.0
E42,8.0,1400.0,5734400.0,9826482.189160284,5.07353,5.27025,5.27025,2.960739140614693,3.076906241705375,4.271443675530669,4.439037376188643,0.196714,5.27025,4.439037376188643,0.0,0.0,0.0004,0.741055,30.9725,185145.0,185145.0,2378112.0,13637045452800.0,81822272716800.0
E42,8.0,1568.0,6422528.0,11005660.051859517,4.99435,5.21914,5.21914,2.9145323920286255,3.0470669213669543,4.204781428489946,4.3959883367129065,0.224795,5.21914,4.3959883367129065,0.0,0.0,0.0004,0.75382,34.62,185515.0,185515.0,2378112.0,15273490907136.0,91640945442816.0
E42,9.0,1600.0,6553600.0,11230265.359040324,4.98868,5.21819,5.21819,2.911223573330936,3.04651228715992,4.200007812163589,4.39518816869291,0.229511,5.21819,4.39518816869291,0.0,0.0,0.0004,0.77606,35.4141,185056.0,185056.0,2378112.0,15585194803200.0,93511168819200.0
E42,9.0,1764.0,7225344.0,12381367.558341956,4.94689,5.17648,5.17648,2.886836354040563,3.0221609263437292,4.164824491832296,4.3600565812044945,0.229583,5.17648,4.3600565812044945,0.0,0.0,0.0004,0.81067,38.9958,185285.0,185285.0,2378112.0,17182677270528.0,103096063623168.0
E42,10.0,1800.0,7372800.0,12634048.528920364,4.91634,5.1749,5.1749,2.8690084155547795,3.02123848208361,4.139104213389583,4.358725775444923,0.258562,5.1749,4.358725775444923,0.0,0.0,0.0004,0.811927,39.9525,184539.0,184539.0,2378112.0,17533344153600.0,105200064921600.0
E42,10.0,1960.0,8028160.0,13757075.064824397,4.85127,5.13774,5.13774,2.831035781928922,2.99954352720637,4.084321283168065,4.32742657163122,0.286472,5.13774,4.32742657163122,0.0,0.0,0.0004,0.777817,43.2249,185730.0,185730.0,2378112.0,19091863633920.0,114551181803520.0
E42,11.0,2000.0,8192000.0,14037831.698800404,4.85927,5.13775,5.13775,2.835704309191975,2.999549365461181,4.091056544298726,4.327434994452482,0.278482,5.13774,4.32742657163122,9.999999999621423e-06,8.422821262676905e-06,0.0004,0.819222,44.1867,185395.0,185395.0,2378112.0,19481493504000.0,116888961024000.0
E42,11.0,2156.0,8830976.0,15132782.571306836,4.79021,5.10911,5.10911,2.795403247593669,2.982828603682814,4.03291440258829,4.303312034354947,0.318905,5.10911,4.303312034354947,0.0,0.0,0.0004,0.838829,47.2896,186742.0,186742.0,2378112.0,21001049997312.0,126006299983872.0
E42,12.0,2200.0,9011200.0,15441614.868680445,4.7859,5.11212,5.11212,2.7928880785306993,2.984585918380889,4.0292857806541456,4.305847303555141,0.326216,5.10911,4.303312034354947,0.003009999999999735,0.002535269200193646,0.0004,0.86564,48.3526,186365.0,186365.0,2378112.0,21429642854400.0,128577857126400.0
E42,12.0,2352.0,9633792.0,16508490.077789275,4.73769,5.07857,5.07857,2.7647543661117258,2.9649985734903783,3.9886974132654966,4.277588738217419,0.340877,5.07857,4.277588738217419,0.0,0.0,0.0004,0.853063,51.6962,186354.0,186354.0,2378112.0,22910236360704.0,137461418164224.0
E42,13.0,2400.0,9830400.0,16845398.038560484,4.72357,5.08609,5.08609,2.756514415492437,2.9693889411081624,3.9768096773698787,4.283922699807277,0.362521,5.07857,4.277588738217419,0.007520000000000415,0.006333961589857218,0.0004,0.838495,52.8712,185931.0,185931.0,2378112.0,23377792204800.0,140266753228800.0
E42,13.0,2548.0,10436608.0,17884197.584271714,4.66995,5.06263,5.06263,2.725223611511824,2.9556923953218317,3.9316665896416194,4.2641627611240285,0.392676,5.06263,4.2641627611240285,0.0,0.0,0.0004,0.860622,55.9861,186414.0,186414.0,2378112.0,24819422724096.0,148916536344576.0
E42,14.0,2600.0,10649600.0,18249181.208440527,4.66009,5.06407,5.06407,2.7194696516601113,2.9565331040145986,3.9233653802980797,4.265375647385915,0.403974,5.06263,4.2641627611240285,0.0014399999999996638,0.0012128862618867586,0.0004,0.917875,57.2344,186070.0,186070.0,2378112.0,25325941555200.0,151955649331200.0
E42,14.0,2744.0,11239424.0,19259905.090754155,4.62163,5.04158,5.04158,2.6970257068429837,2.9434028689449234,3.890985612412424,4.2464327223651885,0.419953,5.04158,4.2464327223651885,0.0,0.0,0.0004,0.885657,60.2773,186462.0,186462.0,2378112.0,26728609087488.0,160371654524928.0
E42,15.0,2800.0,11468800.0,19652964.378320567,4.62114,5.048,5.048,2.6967397595481213,2.9471510285335105,3.8905730776681704,4.251840173616103,0.426853,5.04158,4.2464327223651885,0.006420000000000314,0.0054074512509147965,0.0004,0.88311,61.5713,186269.0,186269.0,2378112.0,27274090905600.0,163644545433600.0
E42,15.0,2940.0,12042240.0,20635612.597236596,4.57858,5.02741,5.02741,2.6719031945086793,2.935130061877903,3.854741488453051,4.234497584635367,0.448829,5.02741,4.234497584635367,0.0,0.0,0.0004,0.875464,64.5188,186647.0,186647.0,2378112.0,28637795450880.0,171826772705280.0
E42,16.0,3000.0,12288000.0,21056747.548200607,4.58489,5.03856,5.03856,2.6755854953874123,2.9416397159920376,3.8600539256698605,4.243889030343731,0.453672,5.02741,4.234497584635367,0.01115000000000066,0.009391445708364365,0.0004,0.945016,65.7851,186790.0,186790.0,2378112.0,29222240256000.0,175333441536000.0
E42,16.0,3136.0,12845056.0,22011320.103719033,4.52703,5.01539,5.01539,2.6418203719573814,2.9281124795952223,3.811341149542351,4.224373353477113,0.488361,5.01539,4.224373353477113,0.0,0.0,0.0004,0.925874,68.4337,187701.0,187701.0,2378112.0,30546981814272.0,183281890885632.0
E42,17.0,3200.0,13107200.0,22460530.718080647,4.52134,5.0192,5.0192,2.6384998819415353,2.9303368546781683,3.8065506950631685,4.227582448378357,0.497857,5.01539,4.224373353477113,0.003809999999999647,0.0032090949012433256,0.0004,0.907686,69.8021,187777.0,187777.0,2378112.0,31170389606400.0,187022337638400.0
E42,17.0,3332.0,13647872.0,23387027.610201474,4.48745,5.00523,5.00523,2.6187228333234263,2.922180812707366,3.7780184450984025,4.2158157670737975,0.517781,5.00523,4.2158157670737975,0.0,0.0,0.0004,0.913534,72.658,187837.0,187837.0,2378112.0,32456168177664.0,194737009065984.0
E42,18.0,3400.0,13926400.0,23864313.887960687,4.50674,5.01697,5.01697,2.6299798196864628,2.9290349238553417,3.79425884349971,4.225704159236684,0.510226,5.00523,4.2158157670737975,0.01173999999999964,0.009888392162886284,0.0004,0.993022,74.2132,187654.0,187654.0,2378112.0,33118538956800.0,198711233740800.0
E42,18.0,3528.0,14450688.0,24762735.11668391,4.46133,4.99975,4.99975,2.6034800918095584,2.9189814490710018,3.7560278175067934,4.211200061021614,0.538415,4.99975,4.211200061021614,0.0,0.0,0.0004,0.930996,77.0345,187587.0,187587.0,2378112.0,34365354541056.0,206192127246336.0
E42,19.0,3600.0,14745600.0,25268097.057840727,4.45788,5.00496,5.00496,2.601466789427367,2.922023179827472,3.7531232361441957,4.215588350899694,0.547079,4.99975,4.211200061021614,0.005209999999999937,0.004388289878079377,0.0004,0.993291,78.7214,187314.0,187314.0,2378112.0,35066688307200.0,210400129843200.0
E42,19.0,3724.0,15253504.0,26138442.623166353,4.42,4.99484,4.99484,2.5793613128368102,2.9161148659588587,3.7212317746905126,4.20706445578143,0.574838,4.99484,4.20706445578143,0.0,0.0,0.0004,0.966945,81.419,187346.0,187346.0,2378112.0,36274540904448.0,217647245426688.0
E42,20.0,3800.0,15564800.0,26671880.227720767,4.41897,5.00191,5.00191,2.5787602399516922,2.9202425121101525,3.72036460981994,4.213019390414446,0.582934,4.99484,4.20706445578143,0.007069999999999688,0.005954934633015441,0.0004,0.913193,82.9805,187572.0,187572.0,2378112.0,37014837657600.0,222089025945600.0
E42,20.0,3920.0,16056320.0,27514150.129648793,4.37352,4.98856,4.98856,2.5522371694384725,2.912448441937624,3.682099907521369,4.201774924028198,0.615043,4.98856,4.201774924028198,0.0,0.0,0.0004,1.01603,85.3775,188063.0,188063.0,2378112.0,38183727267840.0,229102363607040.0
E43,0.0,0.0,0.0,0.0,8.04498,8.04569,8.04569,4.694776057589567,4.697278834936961,6.773130136368707,6.7767408808362415,0.00070653,8.04569,6.7767408808362415,0.0,0.0,0.0004,,0.0,0.0,0.0,2954112.0,0.0,0.0
E43,1.0,196.0,802816.0,1375707.5064824396,6.66866,6.69404,6.69404,3.8916026272539197,3.9081511234240214,5.6143958114496915,5.638270244808467,0.025375,6.69404,5.638270244808467,0.0,0.0,0.0004,0.644256,4.39393,182710.0,182710.0,2954112.0,2371608379392.0,14229650276352.0
E43,2.0,200.0,819200.0,1403783.1698800405,6.62465,6.64577,6.64577,3.865919891648049,3.879969867451891,5.577343456154639,5.597613286571453,0.0211139,6.64577,5.597613286571453,0.0,0.0,0.0004,0.567957,4.64682,176293.0,176293.0,2954112.0,2420008550400.0,14520051302400.0
E43,2.0,392.0,1605632.0,2751415.012964879,5.61214,5.69304,5.69304,3.2750535742588185,3.323741816854678,4.724903550228872,4.795145836371518,0.0809039,5.69304,4.795145836371518,0.0,0.0,0.0004,0.590515,8.50503,188786.0,188786.0,2954112.0,4743216758784.0,28459300552704.0
E43,3.0,400.0,1638400.0,2807566.339760081,5.59241,5.67856,5.67856,3.263539818896314,3.3152880238885203,4.708292712465378,4.78294959118254,0.0861465,5.67856,4.78294959118254,0.0,0.0,0.0004,0.648438,8.83405,185464.0,185464.0,2954112.0,4840017100800.0,29040102604800.0
E43,3.0,588.0,2408448.0,4127122.5194473187,5.33574,5.47155,5.47155,3.1137559573203357,3.1944303110484404,4.492200278164515,4.608588768214974,0.135811,5.47155,4.608588768214974,0.0,0.0,0.0004,0.680393,12.7774,188493.0,188493.0,2954112.0,7114825138176.0,42688950829056.0
E43,4.0,600.0,2457600.0,4211349.509640121,5.32712,5.46715,5.46715,3.108725619194396,3.1918614789316524,4.4849430342962275,4.604882726859207,0.140033,5.46715,4.604882726859207,0.0,0.0,0.0004,0.715096,13.2045,186119.0,186119.0,2954112.0,7260025651200.0,43560153907200.0
E43,4.0,784.0,3211264.0,5502830.025929758,5.17621,5.3742,5.3742,3.020659688035979,3.137594900464499,4.35789075214271,4.526592603218633,0.197986,5.3742,4.526592603218633,0.0,0.0,0.0004,0.69883,17.1091,187693.0,187693.0,2954112.0,9486433517568.0,56918601105408.0
E43,5.0,800.0,3276800.0,5615132.679520162,5.17758,5.37053,5.37053,3.0214591733297764,3.135452260948905,4.359044165611335,4.523501427815074,0.192955,5.37053,4.523501427815074,0.0,0.0,0.0004,0.771061,17.6238,185930.0,185930.0,2954112.0,9680034201600.0,58080205209600.0
E43,5.0,980.0,4014080.0,6878537.532412198,5.06575,5.29856,5.29856,2.956198997851374,3.0934343410749836,4.264893634081101,4.462882383184497,0.232812,5.29856,4.462882383184497,0.0,0.0,0.0004,0.798364,21.5678,186115.0,186115.0,2954112.0,11858041896960.0,71148251381760.0
E43,6.0,1000.0,4096000.0,7018915.849400202,5.06435,5.29989,5.29989,2.9553820055803395,3.0942108289648314,4.263714963383235,4.464002618412491,0.235543,5.29856,4.462882383184497,0.0013300000000002754,0.00112023522799376,0.0004,0.852839,22.1683,184768.0,184768.0,2954112.0,12100042752000.0,72600256512000.0
E43,6.0,1176.0,4816896.0,8254245.0388946375,4.96729,5.2428,5.2428,2.8987410985613487,3.0608802322495023,4.181999407715484,4.415916731821416,0.275502,5.2428,4.415916731821416,0.0,0.0,0.0004,0.879931,25.7939,186745.0,186745.0,2954112.0,14229650276352.0,85377901658112.0
E43,7.0,1200.0,4915200.0,8422699.019280242,4.95932,5.24279,5.24279,2.8940900782755317,3.0608743939946916,4.1752894038140616,4.4159083090001525,0.283472,5.24279,4.4159083090001525,0.0,0.0,0.0004,0.891667,26.4281,185984.0,185984.0,2954112.0,14520051302400.0,87120307814400.0
E43,7.0,1372.0,5619712.0,9629952.545377078,4.87015,5.19552,5.19552,2.8420535062697265,3.0332769635036496,4.100216499436425,4.376093632889448,0.325375,5.19552,4.376093632889448,0.0,0.0,0.0004,0.894661,29.9128,187870.0,187870.0,2954112.0,16601258655744.0,99607551934464.0
E43,8.0,1400.0,5734400.0,9826482.189160284,4.86207,5.19667,5.19667,2.8373382937340432,3.0339483628069015,4.093413885694457,4.377062257334707,0.334603,5.19552,4.376093632889448,0.0011499999999999844,0.0009686244452584702,0.0004,0.98295,30.6318,187204.0,187204.0,2954112.0,16940059852800.0,101640359116800.0
E43,8.0,1568.0,6422528.0,11005660.051859517,4.77963,5.15719,5.15719,2.7892291202882817,3.0108989328135367,4.0240070197429905,4.343808958987962,0.377556,5.15719,4.343808958987962,0.0,0.0,0.0004,0.983721,34.209,187744.0,187744.0,2954112.0,18972867035136.0,113837202210816.0
E43,9.0,1600.0,6553600.0,11230265.359040324,4.77113,5.16419,5.16419,2.784268810071288,3.0149857111811547,4.0168508047916625,4.349704933872136,0.393055,5.15719,4.343808958987962,0.006999999999999673,0.005895974884174038,0.0004,1.04613,35.0066,187211.0,187211.0,2954112.0,19360068403200.0,116160410419200.0
E43,9.0,1764.0,7225344.0,12381367.558341956,4.72134,5.12793,5.12793,2.755213063517861,2.993816199236895,3.974932223329707,4.3191637839721135,0.40659,5.12793,4.3191637839721135,0.0,0.0,0.0004,1.04603,38.5797,187283.0,187283.0,2954112.0,21344475414528.0,128066852487168.0
E43,10.0,1800.0,7372800.0,12634048.528920364,4.69319,5.133,5.133,2.7387856832109936,2.996776194426012,3.9512325232261922,4.323434154352507,0.439812,5.12793,4.3191637839721135,0.005069999999999908,0.004270370380393906,0.0004,0.998681,39.4591,186847.0,186847.0,2954112.0,21780076953600.0,130680461721600.0
E43,10.0,1960.0,8028160.0,13757075.064824397,4.6197,5.10272,5.10272,2.695899424640772,2.9790979588586595,3.889360730664652,4.2979298515678215,0.483027,5.10272,4.2979298515678215,0.0,0.0,0.0004,1.10428,42.6999,188013.0,188013.0,2954112.0,23716083793920.0,142296502763520.0
E43,11.0,2000.0,8192000.0,14037831.698800404,4.62358,5.10925,5.10925,2.6981636603633525,2.982910339250166,3.892627332313022,4.30342995385263,0.48567,5.10272,4.2979298515678215,0.006530000000000591,0.005500102284808683,0.0004,1.05638,43.6313,187755.0,187755.0,2954112.0,24200085504000.0,145200513024000.0
E43,11.0,2156.0,8830976.0,15132782.571306836,4.54682,5.08421,5.08421,2.653369141274359,2.968291349203716,3.8280025017643253,4.282339209409812,0.537397,5.08421,4.282339209409812,0.0,0.0,0.0004,1.11355,46.9741,187997.0,187997.0,2954112.0,26087692173312.0,156526153039872.0
E43,12.0,2200.0,9011200.0,15441614.868680445,4.54431,5.09544,5.09544,2.6519043908455764,2.9748477093563372,3.8258893135845806,4.29179803768828,0.551131,5.08421,4.282339209409812,0.011230000000000295,0.009458828278468445,0.0004,1.18387,48.0807,187418.0,187418.0,2954112.0,26620094054400.0,159720564326400.0
E43,12.0,2352.0,9633792.0,16508490.077789275,4.48941,5.06444,5.06444,2.6198666225028746,2.9567491194426014,3.779668584075415,4.26568729177265,0.575028,5.06444,4.26568729177265,0.0,0.0,0.0004,1.16446,51.3794,187503.0,187503.0,2954112.0,28459300552704.0,170755803316224.0
E43,13.0,2400.0,9830400.0,16845398.038560484,4.46946,5.0799,5.0799,2.6082244826406358,2.965775061380226,3.7628725266308276,4.278708973445413,0.610435,5.06444,4.26568729177265,0.01546000000000003,0.013021681672762853,0.0004,1.15503,52.4885,187287.0,187287.0,2954112.0,29040102604800.0,174240615628800.0
E43,13.0,2548.0,10436608.0,17884197.584271714,4.40591,5.05689,5.05689,2.5711388691947583,2.952341237060385,3.709369296024135,4.259328061719005,0.650975,5.05689,4.259328061719005,0.0,0.0,0.0004,1.15781,55.5198,187980.0,187980.0,2954112.0,30830908932096.0,184985453592576.0
E43,14.0,2600.0,10649600.0,18249181.208440527,4.3944,5.06922,5.06922,2.5644220255950407,2.959539805242203,3.699678939072396,4.269713400336415,0.674829,5.05689,4.259328061719005,0.012329999999999508,0.010385338617409978,0.0004,1.27642,56.7438,187679.0,187679.0,2954112.0,31460111155200.0,188760666931200.0
E43,14.0,2744.0,11239424.0,19259905.090754155,4.3474,5.05105,5.05105,2.536994427924604,2.9489316962508294,3.660109279929759,4.25440913410135,0.703652,5.05105,4.25440913410135,0.0,0.0,0.0004,1.28067,59.8058,187932.0,187932.0,2954112.0,33202517311488.0,199215103868928.0
E43,15.0,2800.0,11468800.0,19652964.378320567,4.34848,5.06564,5.06564,2.5376246791051162,2.9574497100199073,3.6610185401823983,4.266698030324223,0.717152,5.05105,4.25440913410135,0.014590000000000103,0.012288896222872658,0.0004,1.1848,61.1321,187607.0,187607.0,2954112.0,33880119705600.0,203280718233600.0
E43,15.0,2940.0,12042240.0,20635612.597236596,4.29804,5.05092,5.05092,2.5081896147115668,2.948855798938288,3.6185527187535773,4.25429963742493,0.752879,5.05092,4.25429963742493,0.0,0.0,0.0004,1.33037,64.0647,187970.0,187970.0,2954112.0,35574125690880.0,213444754145280.0
E43,16.0,3000.0,12288000.0,21056747.548200607,4.30046,5.06774,5.06774,2.5096018442086403,2.9586757435301925,3.6205901352456022,4.268466822789476,0.767282,5.05092,4.25429963742493,0.016820000000000057,0.014167185364545531,0.0004,1.28131,65.3788,187951.0,187951.0,2954112.0,36300128256000.0,217800769536000.0
E43,16.0,3136.0,12845056.0,22011320.103719033,4.23304,5.04485,5.04485,2.4702578306992606,2.9453119782680823,3.563828722066952,4.249186984918225,0.811805,5.04485,4.249186984918225,0.0,0.0,0.0004,1.18459,68.0921,188642.0,188642.0,2954112.0,37945734070272.0,227674404421632.0
E43,17.0,3200.0,13107200.0,22460530.718080647,4.23567,5.06193,5.06193,2.471792609036989,2.95528371748507,3.5660429391636566,4.263573163635611,0.826262,5.04485,4.249186984918225,0.017079999999999984,0.014386178717385789,0.0004,1.40716,69.4363,188766.0,188766.0,2954112.0,38720136806400.0,232320820838400.0
E43,17.0,3332.0,13647872.0,23387027.610201474,4.18022,5.04847,5.04847,2.439433879444953,2.947425426509622,3.519359160451759,4.25223604621547,0.868251,5.04485,4.249186984918225,0.0036199999999997345,0.003049061297244471,0.0004,1.27504,72.2863,188803.0,188803.0,2954112.0,40317342449664.0,241904054697984.0
E43,18.0,3400.0,13926400.0,23864313.887960687,4.19958,5.068,5.068,2.4507317154215413,2.9588275381552753,3.53565849238796,4.268685816142316,0.868415,5.04485,4.249186984918225,0.023149999999999338,0.019498831224090907,0.0004,1.54369,73.9247,188386.0,188386.0,2954112.0,41140145356800.0,246840872140800.0
E43,18.0,3528.0,14450688.0,24762735.11668391,4.14858,5.05266,5.05266,2.420969854119578,2.949871655275382,3.4927212026799928,4.2557652083247115,0.904075,5.04485,4.249186984918225,0.007810000000000095,0.006578223406486394,0.0004,1.2109,76.8149,188124.0,188124.0,2954112.0,42688950829056.0,256133704974336.0
E43,19.0,3600.0,14745600.0,25268097.057840727,4.14185,5.06461,5.06461,2.4170424555595345,2.956848369774386,3.4870551642538232,4.265830479734123,0.922759,5.04485,4.249186984918225,0.019759999999999778,0.016643494815897775,0.0004,1.39138,78.4674,187920.0,187920.0,2954112.0,43560153907200.0,261360923443200.0
E43,19.0,3724.0,15253504.0,26138442.623166353,4.09244,5.05721,5.05721,2.388208464051103,2.9525280612143336,3.4454565076955745,4.259597591999425,0.964774,5.04485,4.249186984918225,0.012360000000000149,0.010410607081199785,0.0004,1.52366,81.103,188076.0,188076.0,2954112.0,45060559208448.0,270363355250688.0
E43,20.0,3800.0,15564800.0,26671880.227720767,4.08667,5.07742,5.07742,2.384841288762626,2.964327174187127,3.440598700605085,4.276620113772163,0.990748,5.04485,4.249186984918225,0.032569999999999766,0.02743312885393756,0.0004,1.43412,82.7272,188146.0,188146.0,2954112.0,45980162457600.0,275880974745600.0
E43,20.0,3920.0,16056320.0,27514150.129648793,4.04072,5.05971,5.05971,2.3580264352954656,2.953987624917054,3.4019130444858483,4.261703297315201,1.019,5.04485,4.249186984918225,0.014859999999999651,0.012516312396975593,0.0004,1.39675,85.1823,188494.0,188494.0,2954112.0,47432167587840.0,284593005527040.0
E43,21.0,4000.0,16384000.0,28075663.397600807,4.04163,5.08208,5.08208,2.3585574802716374,2.9670478009289982,3.4026791804394603,4.28054514848077,1.04044,5.04485,4.249186984918225,0.037230000000000096,0.03135816356254484,0.0004,1.45825,86.9099,188517.0,188517.0,2954112.0,48400171008000.0,290401026048000.0
E43,21.0,4116.0,16859136.0,28889857.63613123,4.00275,5.07063,5.07063,2.3358684377731995,2.960362999170538,3.3699458113444454,4.270901018134514,1.06789,5.04485,4.249186984918225,0.025780000000000136,0.02171403321628862,0.0004,1.46284,89.3051,188781.0,188781.0,2954112.0,49803775967232.0,298822655803392.0
E43,22.0,4200.0,17203200.0,29479446.56748085,3.98571,5.09061,5.09061,2.3259244747028966,2.9720278322826807,3.3555997051361364,4.287729815018199,1.1049,5.04485,4.249186984918225,0.04575999999999958,0.03854283009997417,0.0004,1.52089,91.0814,188877.0,188877.0,2954112.0,50820179558400.0,304921077350400.0
E43,22.0,4312.0,17661952.0,30265565.14261367,3.94733,5.0753,5.0753,2.3035272151584,2.96308946416722,3.323287289861788,4.274834475664384,1.12797,5.04485,4.249186984918225,0.030450000000000088,0.025647490746158574,0.0004,1.55545,93.6938,188507.0,188507.0,2954112.0,52175384346624.0,313052306079744.0
E43,23.0,4400.0,18022400.0,30883229.73736089,3.94723,5.09772,5.09772,2.3034688585676113,2.9761788314532183,3.323203099097654,4.293718440936268,1.15049,5.04485,4.249186984918225,0.05286999999999953,0.04453145601804298,0.0004,1.60763,95.5671,188584.0,188584.0,2954112.0,53240188108800.0,319441128652800.0
E43,23.0,4508.0,18464768.0,31641272.649096113,3.89119,5.09233,5.09233,2.2707658250899247,2.9730320121101523,3.27602259487737,4.289178540275453,1.20114,5.04485,4.249186984918225,0.0474799999999993,0.039991555357228314,0.0004,1.59672,97.8905,188627.0,188627.0,2954112.0,54546992726016.0,327281956356096.0
E43,24.0,4600.0,18841600.0,32287012.90724093,3.88392,5.1083,5.1083,2.2665233009396255,2.982355705043132,3.2699019263248816,4.302629785832635,1.22439,5.04485,4.249186984918225,0.06344999999999956,0.053442800914409894,0.0004,1.40803,99.9413,188527.0,188527.0,2954112.0,55660196659200.0,333961179955200.0
E43,24.0,4704.0,19267584.0,33016980.15557855,3.85437,5.09727,5.09727,2.2492789283617234,2.975916109986729,3.2450235555235003,4.293339413979429,1.2429,5.04485,4.249186984918225,0.05241999999999969,0.04415242906120387,0.0004,1.49076,102.269,188401.0,188401.0,2954112.0,56918601105408.0,341511606632448.0
E43,25.0,4800.0,19660800.0,33690796.07712097,3.8542,5.11889,5.11889,2.2491797221573835,2.988538416887857,3.2448804312244737,4.311549553550265,1.26469,5.04485,4.249186984918225,0.0740400000000001,0.06236256863203948,0.0004,1.58858,104.337,188436.0,188436.0,2954112.0,58080205209600.0,348481231257600.0
E43,25.0,4900.0,20070400.0,34392687.66206099,3.81748,5.10473,5.10473,2.2277511820199702,2.980271448075647,3.2139655826347377,4.299622838641706,1.28725,5.04485,4.249186984918225,0.05987999999999971,0.050435853723480584,0.0004,1.51586,106.419,188597.0,188597.0,2954112.0,59290209484800.0,355741256908800.0
E43,26.0,5000.0,20480000.0,35094579.247001015,3.8212,5.1309,5.1309,2.22992204719729,2.9955501609157262,3.217097479060495,4.321665361887255,1.3097,5.04485,4.249186984918225,0.0860499999999993,0.07247837696902959,0.0004,1.50752,108.403,188924.0,188924.0,2954112.0,60500213760000.0,363001282560000.0
E43,26.0,5096.0,20873216.0,35768395.16854343,3.78232,5.11946,5.11946,2.2072330046988515,2.988871197412077,3.1843641099654794,4.312029654362261,1.33713,5.04485,4.249186984918225,0.07460999999999984,0.06284266944403605,0.0004,1.59293,110.408,189056.0,189056.0,2954112.0,61661817864192.0,369970907185152.0
E43,27.0,5200.0,21299200.0,36498362.416881055,3.76709,5.14051,5.14051,2.1983452959218144,3.001160723788985,3.1715418565879823,4.3297596931211,1.37342,5.04485,4.249186984918225,0.09565999999999963,0.0805727082028751,0.0004,1.52333,112.638,189094.0,189094.0,2954112.0,62920222310400.0,377521333862400.0
E43,27.0,5292.0,21676032.0,37144102.67502587,3.75929,5.12845,5.12845,2.1937934818403377,2.9941197884870605,3.1649749769855875,4.319601770677794,1.36915,5.04485,4.249186984918225,0.08359999999999967,0.07041478575956894,0.0004,1.61278,114.676,189019.0,189019.0,2954112.0,64033426243584.0,384200557461504.0
E43,28.0,5400.0,22118400.0,37902145.586761095,3.73426,5.15616,5.15616,2.1791868271660606,3.010297592568016,3.1439020287230304,4.342941408397862,1.42189,5.04485,4.249186984918225,0.11130999999999958,0.0937544234796368,0.0004,1.63619,117.043,188977.0,188977.0,2954112.0,65340230860800.0,392041385164800.0
E43,28.0,5488.0,22478848.0,38519810.18150831,3.69987,5.13795,5.13795,2.1591179955940114,2.999666130557399,3.114948824937599,4.327603450877746,1.43808,5.04485,4.249186984918225,0.09309999999999974,0.07841646595952056,0.0004,1.62191,119.34,188359.0,188359.0,2954112.0,66405034622976.0,398430207737856.0
E43,29.0,5600.0,22937600.0,39305928.756641135,3.70122,5.1632,5.1632,2.1599058095696515,3.014407723954877,3.116085400253398,4.348871074567088,1.46199,5.04485,4.249186984918225,0.11834999999999951,0.09968408964886333,0.0004,1.67931,122.12,187829.0,187829.0,2954112.0,67760239411200.0,406561436467200.0
E43,29.0,5684.0,23281664.0,39895517.68799075,3.66711,5.15003,5.15003,2.140000376451809,3.006718742368945,3.08736793060754,4.337778218963578,1.48292,5.04485,4.249186984918225,0.10517999999999983,0.08859123404535296,0.0004,1.59248,123.998,187758.0,187758.0,2954112.0,68776643002368.0,412659858014208.0
E43,30.0,5800.0,23756800.0,40709711.926521175,3.64116,5.17184,5.17184,2.1248568411422806,3.01945197611148,3.065520427314956,4.356148392138413,1.53068,5.04485,4.249186984918225,0.12699000000000016,0.10696140722018832,0.0004,1.58617,126.522,187768.0,187768.0,2954112.0,70180247961600.0,421081487769600.0
E43,30.0,5880.0,24084480.0,41271225.19447319,3.63521,5.16111,5.16111,2.121384623990385,3.0131875286994028,3.060511076849027,4.347110704923099,1.5259,5.04485,4.249186984918225,0.11625999999999959,0.09792372000487415,0.0004,1.62512,128.323,187686.0,187686.0,2954112.0,71148251381760.0,426889508290560.0
E43,31.0,6000.0,24576000.0,42113495.096401215,3.6191,5.18656,5.18656,2.111983377214412,3.028045887193099,3.0469479447471572,4.368546785037705,1.56747,5.04485,4.249186984918225,0.14170999999999978,0.11935980011948022,0.0004,1.65321,130.971,187644.0,187644.0,2954112.0,72600256512000.0,435601539072000.0
E43,31.0,6076.0,24887296.0,42646932.70095563,3.61977,5.17619,5.17619,2.1123743663726926,3.021991616954214,3.04751202286685,4.359812319387864,1.55642,5.04485,4.249186984918225,0.1313399999999998,0.11062533446963929,0.0004,1.45921,132.686,187566.0,187566.0,2954112.0,73519859761152.0,441119158566912.0
E43,32.0,6200.0,25395200.0,43517278.266281255,3.59181,5.19864,5.19864,2.0960578635883222,3.0350984990046452,3.023972285215188,4.378721553123539,1.60683,5.04485,4.249186984918225,0.15378999999999987,0.1295345682053135,0.0004,1.65103,135.661,187196.0,187196.0,2954112.0,75020265062400.0,450121590374400.0
E43,32.0,6272.0,25690112.0,44022640.20743807,3.57367,5.18922,5.18922,2.085471978019349,3.0295988629727937,3.0087000806014124,4.370787255493692,1.61555,5.04485,4.249186984918225,0.14436999999999944,0.12160027057546685,0.0004,1.52771,137.358,187030.0,187030.0,2954112.0,75891468140544.0,455348808843264.0
E43,33.0,6400.0,26214400.0,44921061.436161295,3.56179,5.20894,5.20894,2.0785392150337154,3.041111901459854,2.99869821782238,4.387397059024538,1.64715,5.04485,4.249186984918225,0.16408999999999985,0.13821007410631303,0.0004,1.70447,140.329,186807.0,186807.0,2954112.0,77440273612800.0,464641641676800.0
E43,33.0,6468.0,26492928.0,45398347.71392051,3.54097,5.19849,5.19849,2.0663893728316203,3.0350109251824815,2.981169700729834,4.378595210804591,1.65752,5.04485,4.249186984918225,0.15363999999999933,0.12940822588636625,0.0004,1.60787,141.955,186630.0,186630.0,2954112.0,78263076519936.0,469578459119616.0
E43,34.0,6600.0,27033600.0,46324844.606041335,3.53629,5.21982,5.21982,2.063658284382734,3.0474639226940945,2.9772295729683966,4.396561088558798,1.68353,5.04485,4.249186984918225,0.17497000000000007,0.14737410364057268,0.0004,1.70117,144.884,186587.0,186587.0,2954112.0,79860282163200.0,479161692979200.0
E43,34.0,6664.0,27295744.0,46774055.22040295,3.50938,5.21258,5.21258,2.0479545258016394,3.0432370262110156,2.954573838340134,4.390462965964309,1.7032,5.04485,4.249186984918225,0.1677299999999997,0.14127598104608374,0.0004,1.66312,146.261,186623.0,186623.0,2954112.0,80634684899328.0,483808109395968.0
E43,35.0,6800.0,27852800.0,47728627.775921375,3.49845,5.23304,5.23304,2.0415761504284933,3.055182095554081,2.945371787820368,4.407696058268624,1.73459,5.04485,4.249186984918225,0.18818999999999964,0.1585090733503991,0.0004,1.75032,149.035,186888.0,186888.0,2954112.0,82280290713600.0,493681744281600.0
E43,35.0,6860.0,28098560.0,48149762.726885386,3.47501,5.22657,5.22657,2.027897365547748,3.05140474469144,2.9256374727075296,4.402246492911394,1.75156,5.04485,4.249186984918225,0.18171999999999944,0.15305950799316914,0.0004,1.82138,150.331,186911.0,186911.0,2954112.0,83006293278720.0,498037759672320.0
E43,36.0,7000.0,28672000.0,49132410.945801415,3.46165,5.24055,5.24055,2.020100925018449,3.059566624917054,2.9143895866193246,4.414021597037217,1.77891,5.04485,4.249186984918225,0.19569999999999954,0.16483461211899186,0.0004,1.64546,153.311,187019.0,187019.0,2954112.0,84700299264000.0,508201795584000.0
E43,36.0,7056.0,28901376.0,49525470.23336782,3.45512,5.23715,5.23715,2.0162902396399818,3.0575816182813536,2.9088919297214213,4.41115783780776,1.78203,5.04485,4.249186984918225,0.19229999999999947,0.16197085288953517,0.0004,1.69636,154.631,186905.0,186905.0,2954112.0,85377901658112.0,512267409948672.0
E43,37.0,7200.0,29491200.0,50536194.115681455,3.42865,5.2519,5.2519,2.0008432500583555,3.0661930441274055,2.8866066344553456,4.423581499170843,1.82325,5.04485,4.249186984918225,0.20704999999999973,0.17439451425261776,0.0004,1.87294,157.706,187001.0,187001.0,2954112.0,87120307814400.0,522721846886400.0
E43,37.0,7252.0,29704192.0,50901177.73985027,3.41419,5.2477,5.2477,1.9924048870303868,3.0637409771068347,2.8744326499616744,4.420043914240337,1.8335,5.04485,4.249186984918225,0.20284999999999975,0.17085692932211227,0.0004,1.75086,158.875,186966.0,186966.0,2954112.0,87749510037504.0,526497060225024.0
E43,38.0,7400.0,30310400.0,51939977.285561495,3.39035,5.2686,5.2686,1.978492675786489,3.0759429296615797,2.854361571792303,4.437647610680231,1.87825,5.04485,4.249186984918225,0.2237499999999999,0.18846062576200584,0.0004,1.95598,161.917,187197.0,187197.0,2954112.0,89540316364800.0,537241898188800.0
E43,38.0,7448.0,30507008.0,52276885.246332705,3.40415,5.25554,5.25554,1.9865458853152553,3.068318168878567,2.865979897242694,4.426647406110614,1.85139,5.04485,4.249186984918225,0.2106899999999996,0.17746042119238847,0.0004,1.66922,163.064,187086.0,187086.0,2954112.0,90121118416896.0,540726710501376.0
E43,39.0,7600.0,31129600.0,53343760.455441535,3.38717,5.27699,5.27699,1.976636936199425,3.0808412254479096,2.851684305492865,4.444714357719977,1.88982,5.04485,4.249186984918225,0.23213999999999935,0.19552737280175148,0.0004,1.76919,166.125,187386.0,187386.0,2954112.0,91960324915200.0,551761949491200.0
E43,39.0,7644.0,31309824.0,53652592.75281514,3.37596,5.27095,5.27095,1.9700951623720722,3.077314919542137,2.842246520833526,4.43962697367706,1.89499,5.04485,4.249186984918225,0.22609999999999975,0.19043998875883528,0.0004,1.70602,167.146,187321.0,187321.0,2954112.0,92492726796288.0,554956360777728.0
E43,40.0,7800.0,31948800.0,54747543.625321575,3.35318,5.29163,5.29163,1.9568015309905284,3.0893884304910415,2.8230678647639667,4.4570453680491635,1.93845,5.04485,4.249186984918225,0.24677999999999933,0.2078583831309384,0.0004,1.67275,170.27,187637.0,187637.0,2954112.0,94380333465600.0,566282000793600.0
E43,40.0,7840.0,32112640.0,55028300.25929759,3.33395,5.28274,5.28274,1.9455795585819649,3.0841982219641677,2.806877980821139,4.449557479946264,1.94879,5.04485,4.249186984918225,0.23789000000000016,0.2003704950280385,0.0004,1.78347,171.214,187559.0,187559.0,2954112.0,94864335175680.0,569186011054080.0
E43,41.0,8000.0,32768000.0,56151326.795201614,3.32958,5.30007,5.30007,1.943029375564522,3.0943159175514268,2.803198844428515,4.464154229195226,1.97049,5.04485,4.249186984918225,0.25521999999999956,0.21496724427700098,0.0004,1.91684,174.303,187995.0,187995.0,2954112.0,96800342016000.0,580802052096000.0
E43,41.0,8036.0,32915456.0,56404007.765780024,3.33228,5.29221,5.29221,1.9446050035158025,3.089727049270073,2.8054719950601137,4.457533891682424,1.95993,5.04485,4.249186984918225,0.24735999999999958,0.20834690676419854,0.0004,1.75831,175.136,187942.0,187942.0,2954112.0,97235943555072.0,583415661330432.0
E43,42.0,8200.0,33587200.0,57555109.965081654,3.2964,5.3091,5.3091,1.9236666587410096,3.0995878616456536,2.7752643488890967,4.471760036795811,2.0127,5.04485,4.249186984918225,0.26424999999999965,0.22257305187758547,0.0004,1.92596,178.449,188217.0,188217.0,2954112.0,99220350566400.0,595322103398400.0
E43,42.0,8232.0,33718272.0,57779715.27226246,3.28089,5.30365,5.30365,1.9146155515097654,3.096406012773723,2.7622063613720265,4.467169599207419,2.02276,5.04485,4.249186984918225,0.2587999999999999,0.21798261428919385,0.0004,1.69239,179.276,188081.0,188081.0,2954112.0,99607551934464.0,597645311606784.0
E43,43.0,8400.0,34406400.0,58958893.1349617,3.28005,5.31892,5.31892,1.914125356147145,3.1053210278699406,2.761499158953307,4.480031247276182,2.03888,5.04485,4.249186984918225,0.27407000000000004,0.23084426235795696,0.0004,1.81337,182.709,188312.0,188312.0,2954112.0,101640359116800.0,609842154700800.0
E43,43.0,8428.0,34521088.0,59155422.778744906,3.28085,5.31087,5.31087,1.9145922088734502,3.10062123274718,2.762172685066373,4.473250876159381,2.03003,5.04485,4.249186984918225,0.26602000000000015,0.22406389124115567,0.0004,1.83708,183.435,188192.0,188192.0,2954112.0,101979160313856.0,611874961883136.0
E43,44.0,8600.0,35225600.0,60362676.30484174,3.25498,5.329,5.329,1.8994953588365524,3.11120598871931,2.740392534385096,4.488521451109393,2.07401,5.04485,4.249186984918225,0.28414999999999946,0.23933446619116783,0.0004,1.96701,186.861,188512.0,188512.0,2954112.0,104060367667200.0,624362206003200.0
E43,44.0,8624.0,35323904.0,60531130.28522734,3.24837,5.32476,5.32476,1.8956379881854548,3.108730568679496,2.7348275248758873,4.484950174893836,2.07639,5.04485,4.249186984918225,0.2799100000000001,0.23576318997561074,0.0004,1.95786,187.493,188402.0,188402.0,2954112.0,104350768693248.0,626104612159488.0
E43,45.0,8800.0,36044800.0,61766459.47472178,3.24078,5.33662,5.33662,1.891208722944633,3.1156547388852025,2.7284374458781717,4.49493964091188,2.09583,5.04485,4.249186984918225,0.29176999999999964,0.24575265599365448,0.0004,1.73314,191.043,188673.0,188673.0,2954112.0,106480376217600.0,638882257305600.0
E43,45.0,8820.0,36126720.0,61906837.79170978,3.22372,5.33595,5.33595,1.8812530885561727,3.1152635758128735,2.7140745015170364,4.494375311887252,2.11223,5.04485,4.249186984918225,0.29110000000000014,0.2451883269690267,0.0004,1.75486,191.563,188590.0,188590.0,2954112.0,106722377072640.0,640334262435840.0
E43,46.0,9000.0,36864000.0,63170242.64460182,3.20709,5.34803,5.34803,1.871548387508101,3.122316187624419,2.7000735774416733,4.504550079973084,2.14094,5.04485,4.249186984918225,0.30317999999999934,0.2553630950548591,0.0004,1.85683,195.027,189020.0,189020.0,2954112.0,108900384768000.0,653402308608000.0
E43,46.0,9016.0,36929536.0,63282545.298192225,3.19654,5.34427,5.34427,1.8653917671799498,3.1201210038155276,2.6911914518256137,4.501383099178156,2.14772,5.04485,4.249186984918225,0.2994199999999996,0.25219611425993094,0.0004,1.83518,195.479,188918.0,188918.0,2954112.0,109093985452032.0,654563912712192.0
E43,47.0,9200.0,37683200.0,64574025.81448186,3.18238,5.36256,5.36256,1.857128473924346,3.130799171864632,2.6792700396243427,4.516788439268378,2.18019,5.04485,4.249186984918225,0.31770999999999994,0.26760145435015303,0.0004,1.85279,199.045,189320.0,189320.0,2954112.0,111320393318400.0,667922359910400.0
E43,47.0,9212.0,37732352.0,64658252.80467466,3.16689,5.35814,5.35814,1.8480890380112593,3.1282186632382216,2.666228890260099,4.513065552270085,2.19125,5.04485,4.249186984918225,0.3132899999999994,0.26387856735185977,0.0004,1.93013,199.424,189207.0,189207.0,2954112.0,111465593831424.0,668793562988544.0
E43,48.0,9400.0,38502400.0,65977808.9843619,3.16695,5.37061,5.37061,1.8481240519657323,3.1354989669873925,2.666279404718579,4.5235688103851786,2.20365,5.04485,4.249186984918225,0.3257599999999998,0.27438182546695344,0.0004,1.94619,203.036,189633.0,189633.0,2954112.0,113740401868800.0,682442411212800.0
E43,48.0,9408.0,38535168.0,66033960.3111571,3.16672,5.3715,5.3715,1.8479898318069197,3.136018571665561,2.6660857659610726,4.524318441477595,2.20478,5.04485,4.249186984918225,0.3266499999999999,0.2751314565593699,0.0004,1.77297,203.349,189503.0,189503.0,2954112.0,113837202210816.0,683023213264896.0
E43,49.0,9600.0,39321600.0,67381592.15424193,3.14511,5.38008,5.38008,1.8353789725375973,3.1410277942932985,2.6478921418318726,4.531545222121341,2.23497,5.04485,4.249186984918225,0.33523000000000014,0.28235823720311615,0.0004,1.94146,207.298,189686.0,189686.0,2954112.0,116160410419200.0,696962462515200.0
E43,49.0,9604.0,39337984.0,67409667.81763954,3.1584,5.37679,5.37679,1.8431345634533443,3.1391070084605177,2.659081094385184,4.528774113925778,2.2184,5.04485,4.249186984918225,0.33193999999999946,0.27958712900755334,0.0004,1.8366,207.565,189521.0,189521.0,2954112.0,116208810590208.0,697252863541248.0
E43,50.0,9800.0,40140800.0,68785375.32412198,3.11708,5.39057,5.39057,1.8190216201396754,3.147152123589914,2.6242934706453176,4.54038076162634,2.27349,5.04485,4.249186984918225,0.34572,0.2911937767081145,0.0004,2.06277,211.554,189742.0,189742.0,2954112.0,118580418969600.0,711482513817600.0
E44,0.0,0.0,0.0,0.0,8.04015,8.04252,8.04252,4.6919574342544985,4.695428108161911,6.76906372246107,6.774070846495837,0.00237047,8.04252,6.774070846495837,0.0,0.0,0.0004,,0.0,0.0,0.0,2378112.0,0.0,0.0
E44,1.0,196.0,802816.0,1375707.5064824396,7.28259,7.28518,7.28518,4.24987124507969,4.253273718314532,6.131268169693072,6.136176900955738,0.00258688,7.28518,6.136176900955738,0.0,0.0,0.0004,0.25372,4.67205,171834.0,171834.0,2378112.0,1909186363392.0,11455118180352.0
E44,2.0,200.0,819200.0,1403783.1698800405,7.27683,7.2812,7.2812,4.246509905450291,4.250950092899801,6.126418781678996,6.1328246180930215,0.00437473,7.2812,6.1328246180930215,0.0,0.0,0.0004,0.246635,4.97347,164714.0,164714.0,2378112.0,1948149350400.0,11688896102400.0
E44,2.0,392.0,1605632.0,2751415.012964879,6.0708,6.10728,6.10728,3.5427119135678073,3.565585684140677,5.111052909002526,5.144052784374437,0.036483,6.10728,5.144052784374437,0.0,0.0,0.0004,0.63755,8.95708,179258.0,179258.0,2378112.0,3818372726784.0,22910236360704.0
E44,3.0,400.0,1638400.0,2807566.339760081,6.03644,6.07702,6.07702,3.5226605889729945,3.5479191250829465,5.0821249624463345,5.118565327232277,0.0405841,6.07702,5.118565327232277,0.0,0.0,0.0004,0.575757,9.29125,176338.0,176338.0,2378112.0,3896298700800.0,23377792204800.0
E44,3.0,588.0,2408448.0,4127122.5194473187,5.65081,5.71625,5.71625,3.297620067916601,3.3372924062707363,4.757460118719207,4.814695204523187,0.0654355,5.71625,4.814695204523187,0.0,0.0,0.0004,0.578373,13.2614,181614.0,181614.0,2378112.0,5727559090176.0,34365354541056.0
E44,4.0,600.0,2457600.0,4211349.509640121,5.63603,5.706,5.706,3.2889949637981104,3.331308195089582,4.74501672378031,4.806061812728504,0.0699693,5.706,4.806061812728504,0.0,0.0,0.0004,0.672815,13.659,179925.0,179925.0,2378112.0,5844448051200.0,35066688307200.0
E44,4.0,784.0,3211264.0,5502830.025929758,5.42759,5.54204,5.54204,3.1673564859592633,3.2355841692103517,4.569529495020923,4.667961235298611,0.114447,5.54204,4.667961235298611,0.0,0.0,0.0004,0.673213,17.3191,185418.0,185418.0,2378112.0,7636745453568.0,45820472721408.0
E44,5.0,800.0,3276800.0,5615132.679520162,5.42752,5.53177,5.53177,3.167315636345712,3.2295882815195753,4.56947056148603,4.659310997861401,0.104249,5.53177,4.659310997861401,0.0,0.0,0.0004,0.678585,17.7966,184125.0,184125.0,2378112.0,7792597401600.0,46755584409600.0
E44,5.0,980.0,4014080.0,6878537.532412198,5.28759,5.42103,5.42103,3.085657258855835,3.1649354477438623,4.451662425234345,4.566036675193761,0.133438,5.42103,4.566036675193761,0.0,0.0,0.0004,0.672799,21.35,188013.0,188013.0,2378112.0,9545931816960.0,57275590901760.0
E44,6.0,1000.0,4096000.0,7018915.849400202,5.29255,5.41807,5.41807,3.088551745758928,3.163207324319841,4.455838287135356,4.5635435200998815,0.125521,5.41807,4.5635435200998815,0.0,0.0,0.0004,0.699963,21.924,186827.0,186827.0,2378112.0,9740746752000.0,58444480512000.0
E44,6.0,1176.0,4816896.0,8254245.0388946375,5.1823,5.34026,5.34026,3.0242136044149777,3.1177798636363634,4.363017969678426,4.49800554785165,0.157959,5.34026,4.49800554785165,0.0,0.0,0.0004,0.735106,25.3473,190036.0,190036.0,2378112.0,11455118180352.0,68730709082112.0
E44,7.0,1200.0,4915200.0,8422699.019280242,5.17192,5.33503,5.33503,3.0181561902911667,3.114726456370272,4.354278968361393,4.493600412331046,0.163114,5.33503,4.493600412331046,0.0,0.0,0.0004,0.778407,25.9602,189336.0,189336.0,2378112.0,11688896102400.0,70133376614400.0
E44,7.0,1372.0,5619712.0,9629952.545377078,5.08644,5.27059,5.27059,2.9682729764854447,3.0771047423689453,4.282312703180274,4.439323752111589,0.184157,5.27059,4.439323752111589,0.0,0.0,0.0004,0.742382,29.3807,191272.0,191272.0,2378112.0,13364304543744.0,80185827262464.0
E44,8.0,1400.0,5734400.0,9826482.189160284,5.07353,5.27025,5.27025,2.960739140614693,3.076906241705375,4.271443675530669,4.439037376188643,0.196714,5.27025,4.439037376188643,0.0,0.0,0.0004,0.741055,30.0545,190800.0,190800.0,2378112.0,13637045452800.0,81822272716800.0
E44,8.0,1568.0,6422528.0,11005660.051859517,4.99435,5.21914,5.21914,2.9145323920286255,3.0470669213669543,4.204781428489946,4.3959883367129065,0.224795,5.21914,4.3959883367129065,0.0,0.0,0.0004,0.75382,33.3802,192405.0,192405.0,2378112.0,15273490907136.0,91640945442816.0
E44,9.0,1600.0,6553600.0,11230265.359040324,4.98868,5.21819,5.21819,2.911223573330936,3.04651228715992,4.200007812163589,4.39518816869291,0.229511,5.21819,4.39518816869291,0.0,0.0,0.0004,0.77606,34.1505,191904.0,191904.0,2378112.0,15585194803200.0,93511168819200.0
E44,9.0,1764.0,7225344.0,12381367.558341956,4.94689,5.17648,5.17648,2.886836354040563,3.0221609263437292,4.164824491832296,4.3600565812044945,0.229583,5.17648,4.3600565812044945,0.0,0.0,0.0004,0.81067,37.4937,192708.0,192708.0,2378112.0,17182677270528.0,103096063623168.0
E44,10.0,1800.0,7372800.0,12634048.528920364,4.91634,5.1749,5.1749,2.8690084155547795,3.02123848208361,4.139104213389583,4.358725775444923,0.258562,5.1749,4.358725775444923,0.0,0.0,0.0004,0.811927,38.282,192592.0,192592.0,2378112.0,17533344153600.0,105200064921600.0
E44,10.0,1960.0,8028160.0,13757075.064824397,4.85127,5.13774,5.13774,2.831035781928922,2.99954352720637,4.084321283168065,4.32742657163122,0.286472,5.13774,4.32742657163122,0.0,0.0,0.0004,0.777817,41.4709,193585.0,193585.0,2378112.0,19091863633920.0,114551181803520.0
E44,11.0,2000.0,8192000.0,14037831.698800404,4.85927,5.13775,5.13775,2.835704309191975,2.999549365461181,4.091056544298726,4.327434994452482,0.278482,5.13774,4.32742657163122,9.999999999621423e-06,8.422821262676905e-06,0.0004,0.819222,42.3873,193265.0,193265.0,2378112.0,19481493504000.0,116888961024000.0
E44,11.0,2156.0,8830976.0,15132782.571306836,4.79021,5.10911,5.10911,2.795403247593669,2.982828603682814,4.03291440258829,4.303312034354947,0.318905,5.10911,4.303312034354947,0.0,0.0,0.0004,0.838829,45.4782,194181.0,194181.0,2378112.0,21001049997312.0,126006299983872.0
E44,12.0,2200.0,9011200.0,15441614.868680445,4.7859,5.11212,5.11212,2.7928880785306993,2.984585918380889,4.0292857806541456,4.305847303555141,0.326216,5.10911,4.303312034354947,0.003009999999999735,0.002535269200193646,0.0004,0.86564,46.4855,193850.0,193850.0,2378112.0,21429642854400.0,128577857126400.0
E44,12.0,2352.0,9633792.0,16508490.077789275,4.73769,5.07857,5.07857,2.7647543661117258,2.9649985734903783,3.9886974132654966,4.277588738217419,0.340877,5.07857,4.277588738217419,0.0,0.0,0.0004,0.853063,49.5006,194620.0,194620.0,2378112.0,22910236360704.0,137461418164224.0
E44,13.0,2400.0,9830400.0,16845398.038560484,4.72357,5.08609,5.08609,2.756514415492437,2.9693889411081624,3.9768096773698787,4.283922699807277,0.362521,5.07857,4.277588738217419,0.007520000000000415,0.006333961589857218,0.0004,0.838495,50.5615,194425.0,194425.0,2378112.0,23377792204800.0,140266753228800.0
E44,13.0,2548.0,10436608.0,17884197.584271714,4.66995,5.06263,5.06263,2.725223611511824,2.9556923953218317,3.9316665896416194,4.2641627611240285,0.392676,5.06263,4.2641627611240285,0.0,0.0,0.0004,0.860622,53.4793,195152.0,195152.0,2378112.0,24819422724096.0,148916536344576.0
E44,14.0,2600.0,10649600.0,18249181.208440527,4.66009,5.06407,5.06407,2.7194696516601113,2.9565331040145986,3.9233653802980797,4.265375647385915,0.403974,5.06263,4.2641627611240285,0.0014399999999996638,0.0012128862618867586,0.0004,0.917875,54.6049,195030.0,195030.0,2378112.0,25325941555200.0,151955649331200.0
E44,14.0,2744.0,11239424.0,19259905.090754155,4.62163,5.04158,5.04158,2.6970257068429837,2.9434028689449234,3.890985612412424,4.2464327223651885,0.419953,5.04158,4.2464327223651885,0.0,0.0,0.0004,0.885657,57.5291,195370.0,195370.0,2378112.0,26728609087488.0,160371654524928.0
E44,15.0,2800.0,11468800.0,19652964.378320567,4.62114,5.048,5.048,2.6967397595481213,2.9471510285335105,3.8905730776681704,4.251840173616103,0.426853,5.04158,4.2464327223651885,0.006420000000000314,0.0054074512509147965,0.0004,0.88311,58.7846,195099.0,195099.0,2378112.0,27274090905600.0,163644545433600.0
E44,15.0,2940.0,12042240.0,20635612.597236596,4.57858,5.02741,5.02741,2.6719031945086793,2.935130061877903,3.854741488453051,4.234497584635367,0.448829,5.02741,4.234497584635367,0.0,0.0,0.0004,0.875464,61.6059,195472.0,195472.0,2378112.0,28637795450880.0,171826772705280.0
E44,16.0,3000.0,12288000.0,21056747.548200607,4.58489,5.03856,5.03856,2.6755854953874123,2.9416397159920376,3.8600539256698605,4.243889030343731,0.453672,5.02741,4.234497584635367,0.01115000000000066,0.009391445708364365,0.0004,0.945016,62.9162,195307.0,195307.0,2378112.0,29222240256000.0,175333441536000.0
E44,16.0,3136.0,12845056.0,22011320.103719033,4.52703,5.01539,5.01539,2.6418203719573814,2.9281124795952223,3.811341149542351,4.224373353477113,0.488361,5.01539,4.224373353477113,0.0,0.0,0.0004,0.925874,65.6701,195600.0,195600.0,2378112.0,30546981814272.0,183281890885632.0
E44,17.0,3200.0,13107200.0,22460530.718080647,4.52134,5.0192,5.0192,2.6384998819415353,2.9303368546781683,3.8065506950631685,4.227582448378357,0.497857,5.01539,4.224373353477113,0.003809999999999647,0.0032090949012433256,0.0004,0.907686,67.0505,195483.0,195483.0,2378112.0,31170389606400.0,187022337638400.0
E44,17.0,3332.0,13647872.0,23387027.610201474,4.48745,5.00523,5.00523,2.6187228333234263,2.922180812707366,3.7780184450984025,4.2158157670737975,0.517781,5.00523,4.2158157670737975,0.0,0.0,0.0004,0.913534,69.7614,195637.0,195637.0,2378112.0,32456168177664.0,194737009065984.0
E44,18.0,3400.0,13926400.0,23864313.887960687,4.50674,5.01697,5.01697,2.6299798196864628,2.9290349238553417,3.79425884349971,4.225704159236684,0.510226,5.00523,4.2158157670737975,0.01173999999999964,0.009888392162886284,0.0004,0.993022,71.2224,195534.0,195534.0,2378112.0,33118538956800.0,198711233740800.0
E44,18.0,3528.0,14450688.0,24762735.11668391,4.46133,4.99975,4.99975,2.6034800918095584,2.9189814490710018,3.7560278175067934,4.211200061021614,0.538415,4.99975,4.211200061021614,0.0,0.0,0.0004,0.930996,73.816,195766.0,195766.0,2378112.0,34365354541056.0,206192127246336.0
E44,19.0,3600.0,14745600.0,25268097.057840727,4.45788,5.00496,5.00496,2.601466789427367,2.922023179827472,3.7531232361441957,4.215588350899694,0.547079,4.99975,4.211200061021614,0.005209999999999937,0.004388289878079377,0.0004,0.993291,75.4045,195553.0,195553.0,2378112.0,35066688307200.0,210400129843200.0
E44,19.0,3724.0,15253504.0,26138442.623166353,4.42,4.99484,4.99484,2.5793613128368102,2.9161148659588587,3.7212317746905126,4.20706445578143,0.574838,4.99484,4.20706445578143,0.0,0.0,0.0004,0.966945,77.937,195716.0,195716.0,2378112.0,36274540904448.0,217647245426688.0
E44,20.0,3800.0,15564800.0,26671880.227720767,4.41897,5.00191,5.00191,2.5787602399516922,2.9202425121101525,3.72036460981994,4.213019390414446,0.582934,4.99484,4.20706445578143,0.007069999999999688,0.005954934633015441,0.0004,0.913193,79.5087,195762.0,195762.0,2378112.0,37014837657600.0,222089025945600.0
E44,20.0,3920.0,16056320.0,27514150.129648793,4.37352,4.98856,4.98856,2.5522371694384725,2.912448441937624,3.682099907521369,4.201774924028198,0.615043,4.98856,4.201774924028198,0.0,0.0,0.0004,1.01603,81.9517,195924.0,195924.0,2378112.0,38183727267840.0,229102363607040.0
E44,21.0,4000.0,16384000.0,28075663.397600807,4.38189,4.99691,4.99691,2.5571216160874415,2.9173233847047113,3.6891466744793235,4.208807979782892,0.615019,4.98856,4.201774924028198,0.00835000000000008,0.00703305575469404,0.0004,0.961025,83.6566,195848.0,195848.0,2378112.0,38962987008000.0,233777922048000.0
E44,21.0,4116.0,16859136.0,28889857.63613123,4.34686,4.98098,4.98098,2.536679302334348,2.9080230447909754,3.6596546498034397,4.195390425510764,0.634118,4.98098,4.195390425510764,0.0,0.0,0.0004,1.03487,86.0584,195903.0,195903.0,2378112.0,40092913631232.0,240557481787392.0
E44,22.0,4200.0,17203200.0,29479446.56748085,4.33962,4.99167,4.99167,2.532454285161285,2.914264139183809,3.6535592384801903,4.204394421441025,0.652051,4.98098,4.195390425510764,0.01069000000000031,0.0090039959302608,0.0004,1.02462,87.8322,195864.0,195864.0,2378112.0,40911136358400.0,245466818150400.0
E44,22.0,4312.0,17661952.0,30265565.14261367,4.31277,4.98014,4.98014,2.5167855405346633,2.9075326313868612,3.630954018310408,4.194682908524663,0.667369,4.98014,4.194682908524663,0.0,0.0,0.0004,1.01601,90.1135,195997.0,195997.0,2378112.0,42002099994624.0,252012599967744.0
E44,23.0,4400.0,18022400.0,30883229.73736089,4.31302,4.99209,4.99209,2.5169314320116336,2.914509345885866,3.631164495220741,4.204748179934075,0.679071,4.98014,4.194682908524663,0.011950000000000571,0.010065271409412269,0.0004,1.01551,91.932,196041.0,196041.0,2378112.0,42859285708800.0,257155714252800.0
E44,23.0,4508.0,18464768.0,31641272.649096113,4.27051,4.98065,4.98065,2.4921240452675852,2.9078303823822162,3.595375001387688,4.195112472409082,0.71014,4.98014,4.194682908524663,0.0005100000000002325,0.0004295638844187266,0.0004,1.00704,94.1654,196089.0,196089.0,2378112.0,43911286358016.0,263467718148096.0
E44,24.0,4600.0,18841600.0,32287012.90724093,4.2645,4.98974,4.98974,2.4886168141612166,2.9131373560053087,3.5903151364632784,4.202768816937246,0.725242,4.98014,4.194682908524663,0.009600000000000719,0.008085908412582832,0.0004,1.12545,96.1225,196016.0,196016.0,2378112.0,44807435059200.0,268844610355200.0
E44,24.0,4704.0,19267584.0,33016980.15557855,4.24072,4.97969,4.97969,2.4747396168717914,2.9072699099203714,3.570294572752387,4.194303881567823,0.738978,4.97969,4.194303881567823,0.0,0.0,0.0004,0.976265,98.199,196210.0,196210.0,2378112.0,45820472721408.0,274922836328448.0
E44,25.0,4800.0,19660800.0,33690796.07712097,4.23741,4.99073,4.99073,2.472808013716703,2.913715343231586,3.5675078584595754,4.203602676242293,0.753326,4.97969,4.194303881567823,0.011040000000000383,0.009298794674470479,0.0004,1.07147,100.22,196177.0,196177.0,2378112.0,46755584409600.0,280533506457600.0
E44,25.0,4900.0,20070400.0,34392687.66206099,4.21033,4.97771,4.97771,2.457005048931269,2.906113935467817,3.5447089995322867,4.1926361629577285,0.767378,4.97771,4.1926361629577285,0.0,0.0,0.0004,1.05261,102.333,196128.0,196128.0,2378112.0,47729659084800.0,286377954508800.0
E44,26.0,5000.0,20480000.0,35094579.247001015,4.2137,4.99171,4.99171,2.45897166604083,2.914287492203053,3.547546228283578,4.204428112726078,0.778007,4.97771,4.1926361629577285,0.014000000000000234,0.011791949768349852,0.0004,1.0808,104.388,196190.0,196190.0,2378112.0,48703733760000.0,292222402560000.0
E44,26.0,5096.0,20873216.0,35768395.16854343,4.18046,4.97992,4.97992,2.4395739352628447,2.907404189781022,3.5195612182856792,4.194497606456875,0.799456,4.97771,4.1926361629577285,0.0022099999999998232,0.001861443499146631,0.0004,1.02135,106.363,196245.0,196245.0,2378112.0,49638845448192.0,297833072689152.0
E44,27.0,5200.0,21299200.0,36498362.416881055,4.16467,4.98673,4.98673,2.4303594295773934,2.9113800413072326,3.5062674966290355,4.20023354773705,0.822063,4.97771,4.1926361629577285,0.009019999999999584,0.007597384779321814,0.0004,1.02369,108.501,196304.0,196304.0,2378112.0,50651883110400.0,303911298662400.0
E44,27.0,5292.0,21676032.0,37144102.67502587,4.16674,4.97862,4.97862,2.4315674110067085,2.9066452166556074,3.5080102454465942,4.193402639692671,0.811885,4.97771,4.1926361629577285,0.0009100000000001884,0.0007664767349426782,0.0004,1.10706,110.395,196349.0,196349.0,2378112.0,51548031811584.0,309288190869504.0
E44,28.0,5400.0,22118400.0,37902145.586761095,4.14757,4.99268,4.99268,2.420380452552618,2.914853802919708,3.4918708759622468,4.205245126388599,0.845114,4.97771,4.1926361629577285,0.014969999999999928,0.012608963430870368,0.0004,1.08122,112.672,196308.0,196308.0,2378112.0,52600032460800.0,315600194764800.0
E44,28.0,5488.0,22478848.0,38519810.18150831,4.12409,4.98042,4.98042,2.406678325035557,2.907696102521566,3.472102884543755,4.19491874752003,0.856332,4.97771,4.1926361629577285,0.002709999999999546,0.0022825845623017926,0.0004,1.0643,114.566,196208.0,196208.0,2378112.0,53457218174976.0,320743309049856.0
E44,29.0,5600.0,22937600.0,39305928.756641135,4.13117,4.99013,4.99013,2.4108099716633586,2.913365047942933,3.47806359064439,4.203097306966507,0.858961,4.97771,4.1926361629577285,0.012419999999999654,0.010461144008778511,0.0004,1.08887,116.896,196222.0,196222.0,2378112.0,54548181811200.0,327289090867200.0
E44,29.0,5684.0,23281664.0,39895517.68799075,4.09611,4.98644,4.98644,2.390350150933029,2.911210731917717,3.448546308739266,4.19998928592042,0.89033,4.97771,4.1926361629577285,0.008729999999999905,0.007353122962691749,0.0004,1.08655,118.645,196230.0,196230.0,2378112.0,55366404538368.0,332198427230208.0
E44,30.0,5800.0,23756800.0,40709711.926521175,4.0694,4.99294,4.99294,2.3747631055335106,2.915005597544791,3.4260589556392698,4.205464119741439,0.923539,4.97771,4.1926361629577285,0.015229999999999855,0.012827956783710626,0.0004,1.10753,120.912,196480.0,196480.0,2378112.0,56496331161600.0,338977986969600.0
E44,30.0,5880.0,24084480.0,41271225.19447319,4.06646,4.98771,4.98771,2.3730474217643387,2.9119521902786993,3.423583747173752,4.201058984220835,0.921244,4.97771,4.1926361629577285,0.009999999999999787,0.008422821263106783,0.0004,1.0665,122.651,196366.0,196366.0,2378112.0,57275590901760.0,343653545410560.0
E44,31.0,6000.0,24576000.0,42113495.096401215,4.06327,4.99525,4.99525,2.371185846518196,2.9163542344061053,3.4208980617979003,4.207409791453218,0.931981,4.97771,4.1926361629577285,0.017540000000000333,0.014773628495489355,0.0004,1.16331,125.155,196365.0,196365.0,2378112.0,58444480512000.0,350666883072000.0
E44,31.0,6076.0,24887296.0,42646932.70095563,4.06586,4.98758,4.98758,2.3726972822196095,2.9118762929661584,3.423078602588952,4.200949487544415,0.921725,4.97771,4.1926361629577285,0.009870000000000267,0.008313324586686655,0.0004,1.08509,126.789,196290.0,196290.0,2378112.0,59184777265152.0,355108663590912.0
E44,32.0,6200.0,25395200.0,43517278.266281255,4.03142,4.99894,4.99894,2.352599272352166,2.9185085504313206,3.3940833034214535,4.210517812499304,0.967522,4.97771,4.1926361629577285,0.021230000000000082,0.01788164954157523,0.0004,1.09507,129.34,196345.0,196345.0,2378112.0,60392629862400.0,362355779174400.0
E44,32.0,6272.0,25690112.0,44022640.20743807,4.02303,4.9904,4.9904,2.3477031543850395,2.913522680822827,3.3870196983106733,4.203324723140611,0.967362,4.97771,4.1926361629577285,0.01269000000000009,0.010688560182882334,0.0004,1.09623,130.812,196389.0,196389.0,2378112.0,61093963628544.0,366563781771264.0
E44,33.0,6400.0,26214400.0,44921061.436161295,4.00838,5.00533,5.00533,2.3391539138345734,2.9222391952554743,3.3746857513651487,4.215899995286428,0.996953,4.97771,4.1926361629577285,0.027619999999999756,0.02326383232869933,0.0004,1.08594,133.315,196635.0,196635.0,2378112.0,62340779212800.0,374044675276800.0
E44,33.0,6468.0,26492928.0,45398347.71392051,4.00973,4.99747,4.99747,2.3399417278102135,2.9176503269741207,3.375822326680948,4.209279657773627,0.987739,4.97771,4.1926361629577285,0.019759999999999778,0.016643494815898663,0.0004,1.15248,134.788,196552.0,196552.0,2378112.0,63003149991936.0,378018899951616.0
E44,34.0,6600.0,27033600.0,46324844.606041335,3.99631,5.00914,5.00914,2.332110273326442,2.924463570338421,3.364523926134263,4.219109090187673,1.01283,4.97771,4.1926361629577285,0.03143000000000029,0.026472927229944432,0.0004,1.11304,137.485,196629.0,196629.0,2378112.0,64288928563200.0,385733571379200.0
E44,34.0,6664.0,27295744.0,46774055.22040295,3.97703,5.00171,5.00171,2.320859122622484,2.9201257470139352,3.348291946809369,4.212850933989184,1.02468,4.97771,4.1926361629577285,0.02400000000000002,0.020214771031455747,0.0004,1.12583,138.874,196551.0,196551.0,2378112.0,64912336355328.0,389474018131968.0
E44,35.0,6800.0,27852800.0,47728627.775921375,3.96352,5.01128,5.01128,2.3129751472070033,2.9257129568679496,3.336917774574964,4.220911573937976,1.04776,4.97771,4.1926361629577285,0.0335700000000001,0.028275410980247884,0.0004,1.11132,141.686,196581.0,196581.0,2378112.0,66237077913600.0,397422467481600.0
E44,35.0,6860.0,28098560.0,48149762.726885386,3.9471,5.00823,5.00823,2.303392994999587,2.9239322891506307,3.323093651104281,4.218342613452729,1.06112,4.97771,4.1926361629577285,0.030520000000000103,0.025706450495000865,0.0004,1.15586,142.986,196512.0,196512.0,2378112.0,66821522718720.0,400929136312320.0
E44,36.0,7000.0,28672000.0,49132410.945801415,3.93357,5.01837,5.01837,2.2954973482659486,2.9298522795288653,3.31170264071705,4.226883354213519,1.0848,4.97771,4.1926361629577285,0.04065999999999992,0.034247191255790455,0.0004,1.20029,145.856,196577.0,196577.0,2378112.0,68185227264000.0,409111363584000.0
E44,36.0,7056.0,28901376.0,49525470.23336782,3.94884,5.01061,5.01061,2.3044083996793012,2.92532179379562,3.3245585704002005,4.220347244913349,1.06176,4.97771,4.1926361629577285,0.03289999999999971,0.02771108195562011,0.0004,1.15542,147.11,196461.0,196461.0,2378112.0,68730709082112.0,412384254492672.0
E44,37.0,7200.0,29491200.0,50536194.115681455,3.92075,5.02201,5.02201,2.288016033326906,2.9319774042800266,3.3009093847551645,4.22994926115329,1.10125,4.97771,4.1926361629577285,0.044299999999999784,0.03731309819556117,0.0004,1.19539,149.974,196642.0,196642.0,2378112.0,70133376614400.0,420800259686400.0
E44,37.0,7252.0,29704192.0,50901177.73985027,3.91325,5.01589,5.01589,2.2836392890177937,2.9284043923357665,3.294595077445169,4.224794494540269,1.10264,4.97771,4.1926361629577285,0.03817999999999966,0.03215833158254089,0.0004,1.14104,151.17,196495.0,196495.0,2378112.0,70639895445504.0,423839372673024.0
E44,38.0,7400.0,30310400.0,51939977.285561495,3.88483,5.02728,5.02728,2.2670543459157977,2.935054164565362,3.270668062278494,4.234388087958947,1.14245,4.97771,4.1926361629577285,0.049570000000000114,0.04175192500121838,0.0004,1.16844,154.131,196654.0,196654.0,2378112.0,72081525964800.0,432489155788800.0
E44,38.0,7448.0,30507008.0,52276885.246332705,3.89886,5.02111,5.02111,2.275241775603377,2.9314519613470473,3.282480026486392,4.2291912072396105,1.12225,4.97771,4.1926361629577285,0.043400000000000105,0.036555044281882054,0.0004,1.19076,155.278,196468.0,196468.0,2378112.0,72549081808896.0,435294490853376.0
E44,39.0,7600.0,31129600.0,53343760.455441535,3.88767,5.03182,5.03182,2.2687116730941814,2.9377047322495025,3.2730590799798787,4.2382120488123975,1.14416,4.97771,4.1926361629577285,0.05410999999999966,0.045575885854669096,0.0004,1.19146,158.294,196657.0,196657.0,2378112.0,74029675315200.0,444178051891200.0
E44,39.0,7644.0,31309824.0,53652592.75281514,3.86979,5.02244,5.02244,2.258277514661258,2.932228449236894,3.2580057713528507,4.230311442467603,1.15264,4.97771,4.1926361629577285,0.04472999999999949,0.037675279509874926,0.0004,1.1747,159.311,196533.0,196533.0,2378112.0,74458268172288.0,446749609033728.0
E44,40.0,7800.0,31948800.0,54747543.625321575,3.85452,5.0337,5.0337,2.2493664632479056,2.938802324153948,3.2451498416697,4.239795539209861,1.17918,4.97771,4.1926361629577285,0.05598999999999954,0.04715937625213229,0.0004,1.18615,162.463,196653.0,196653.0,2378112.0,75977824665600.0,455866947993600.0
E44,40.0,7840.0,32112640.0,55028300.25929759,3.84108,5.03093,5.03093,2.2415233374459764,2.937185127571334,3.2338346029701888,4.237462417719981,1.18985,4.97771,4.1926361629577285,0.0532199999999996,0.04482625476225266,0.0004,1.23722,163.413,196512.0,196512.0,2378112.0,76367454535680.0,458204727214080.0
E44,41.0,8000.0,32768000.0,56151326.795201614,3.83875,5.03673,5.03673,2.2401636288806124,2.940571315361646,3.231872958165884,4.242347654052583,1.19798,4.97771,4.1926361629577285,0.059020000000000294,0.04971149109485484,0.0004,1.19896,166.653,196624.0,196624.0,2378112.0,77925974016000.0,467555844096000.0
E44,41.0,8036.0,32915456.0,56404007.765780024,3.84302,5.03335,5.03335,2.242655455307267,2.9385979852355675,3.2354679037943748,4.239500740465653,1.19033,4.97771,4.1926361629577285,0.055640000000000356,0.04686457750792439,0.0004,1.19644,167.54,196463.0,196463.0,2378112.0,78276640899072.0,469659845394432.0
E44,42.0,8200.0,33587200.0,57555109.965081654,3.79764,5.04276,5.04276,2.216173234407598,2.9440917830126083,3.1972621350306962,4.247426615274236,1.24512,4.97771,4.1926361629577285,0.06505000000000027,0.054790452316507476,0.0004,1.23542,170.903,196527.0,196527.0,2378112.0,79874123366400.0,479244740198400.0
E44,42.0,8232.0,33718272.0,57779715.27226246,3.80229,5.03806,5.03806,2.218886815879248,2.941347803251493,3.2011770055628936,4.243467889280575,1.23577,4.97771,4.1926361629577285,0.06034999999999968,0.050831726322846826,0.0004,1.17536,171.687,196394.0,196394.0,2378112.0,80185827262464.0,481114963574784.0
E44,43.0,8400.0,34406400.0,58958893.1349617,3.79412,5.04881,5.04881,2.214119082411855,2.9476239271731917,3.194298620133205,4.252522422138415,1.25469,4.97771,4.1926361629577285,0.0710999999999995,0.05988625918068635,0.0004,1.26216,174.97,196641.0,196641.0,2378112.0,81822272716800.0,490933636300800.0
E44,43.0,8428.0,34521088.0,59155422.778744906,3.79879,5.04514,5.04514,2.216844335201662,2.9454812876575978,3.1982303288182288,4.249431246734854,1.24634,4.97771,4.1926361629577285,0.06742999999999988,0.05679508377712583,0.0004,1.26969,175.66,196522.0,196522.0,2378112.0,82095013625856.0,492570081755136.0
E44,44.0,8600.0,35225600.0,60362676.30484174,3.77478,5.05057,5.05057,2.2028329177534243,2.948651460019907,3.178016126349831,4.254004838680721,1.27579,4.97771,4.1926361629577285,0.07285999999999948,0.06136867572299298,0.0004,1.16874,179.07,196714.0,196714.0,2378112.0,83770422067200.0,502622532403200.0
E44,44.0,8624.0,35323904.0,60531130.28522734,3.77515,5.05028,5.05028,2.2030488371393404,2.9484821506303915,3.178327632177124,4.253760576864091,1.27513,4.97771,4.1926361629577285,0.0725699999999998,0.06112441390636292,0.0004,1.27913,179.685,196588.0,196588.0,2378112.0,84004199989248.0,504025199935488.0
E44,45.0,8800.0,36044800.0,61766459.47472178,3.77633,5.05807,5.05807,2.203737444910641,2.953030151128069,3.179321083193897,4.2603219546280515,1.28174,4.97771,4.1926361629577285,0.08035999999999976,0.06768579167032307,0.0004,1.22659,183.207,196744.0,196744.0,2378112.0,85718571417600.0,514311428505600.0
E44,45.0,8820.0,36126720.0,61906837.79170978,3.75828,5.05833,5.05833,2.1932040802733774,2.953181945753152,3.164124650267842,4.260540947980893,1.30005,4.97771,4.1926361629577285,0.08061999999999969,0.06790478502316422,0.0004,1.2735,183.776,196580.0,196580.0,2378112.0,85913386352640.0,515480318115840.0
E44,46.0,9000.0,36864000.0,63170242.64460182,3.74456,5.05737,5.05737,2.185197556017241,2.952621473291307,3.152573677428757,4.259732357139634,1.31281,4.97771,4.1926361629577285,0.07965999999999962,0.06709619418190549,0.0004,1.19923,187.334,196782.0,196782.0,2378112.0,87666720768000.0,526000324608000.0
E44,46.0,9016.0,36929536.0,63282545.298192225,3.72865,5.05948,5.05948,2.1759130224228445,2.9538533450564035,3.1391789268551538,4.261509572426149,1.33083,4.97771,4.1926361629577285,0.08176999999999968,0.06887340946842091,0.0004,1.19249,187.858,196583.0,196583.0,2378112.0,87822572716032.0,526935436296192.0
E44,47.0,9200.0,37683200.0,64574025.81448186,3.72799,5.06748,5.06748,2.175527868923643,2.9585239489051096,3.138623267811875,4.268247829436635,1.33949,4.97771,4.1926361629577285,0.08976999999999968,0.07561166647890616,0.0004,1.27295,191.637,196638.0,196638.0,2378112.0,89614870118400.0,537689220710400.0
E44,47.0,9212.0,37732352.0,64658252.80467466,3.70675,5.06477,5.06477,2.163132929040237,2.9569417818513606,3.1207411495099677,4.265965244874333,1.35803,4.97771,4.1926361629577285,0.08706000000000014,0.07332908191660437,0.0004,1.33044,192.046,196476.0,196476.0,2378112.0,89731759079424.0,538390554476544.0
E44,48.0,9400.0,38502400.0,65977808.9843619,3.71231,5.06999,5.06999,2.166377555488059,2.959989350862641,3.125422155995778,4.270361957573674,1.35769,4.97771,4.1926361629577285,0.0922799999999997,0.07772579461594553,0.0004,1.31384,195.819,196622.0,196622.0,2378112.0,91563019468800.0,549378116812800.0
E44,48.0,9408.0,38535168.0,66033960.3111571,3.71473,5.06613,5.06613,2.1677897849851324,2.9577357845056405,3.127459572487803,4.2671107485661155,1.3514,4.97771,4.1926361629577285,0.08842000000000017,0.07447458560838704,0.0004,1.27217,196.134,196474.0,196474.0,2378112.0,91640945442816.0,549845672656896.0
E44,49.0,9600.0,39321600.0,67381592.15424193,3.6933,5.07516,5.07516,2.155283967579229,2.9630077285998677,3.1094174917340434,4.274716556166701,1.38186,4.97771,4.1926361629577285,0.09745000000000026,0.08208039320897242,0.0004,1.24749,199.875,196731.0,196731.0,2378112.0,93511168819200.0,561067012915200.0
E44,49.0,9604.0,39337984.0,67409667.81763954,3.71195,5.07177,5.07177,2.1661674717612214,2.961028560218978,3.125119069244898,4.271861219758507,1.35982,4.97771,4.1926361629577285,0.09405999999999981,0.0792250568007784,0.0004,1.27928,200.123,196569.0,196569.0,2378112.0,93550131806208.0,561300790837248.0
E44,50.0,9800.0,40140800.0,68785375.32412198,3.67226,5.07714,5.07714,2.1430057408773995,2.964163703052422,3.0917037549604034,4.276384274776795,1.40489,4.97771,4.1926361629577285,0.09942999999999991,0.08374811181906683,0.0004,1.25879,204.04,196730.0,196730.0,2378112.0,95459318169600.0,572755909017600.0
E45,0.0,0.0,0.0,0.0,8.04265,8.04382,8.04382,4.6934163490242025,4.696187081287326,6.771168491564401,6.775165813260041,0.00117648,8.04382,6.775165813260041,0.0,0.0,0.0004,,0.0,0.0,0.0,4731264.0,0.0,0.0
E45,1.0,196.0,802816.0,1375707.5064824396,7.30047,7.29875,7.29875,4.260305403512612,4.2611962300929,6.1463214783201,6.1476066694097735,-0.00171715,7.29875,6.1476066694097735,0.0,0.0,0.0004,0.237963,7.79794,102952.0,102952.0,4731264.0,3798334439424.0,22790006636544.0
E45,2.0,200.0,819200.0,1403783.1698800405,7.29937,7.29918,7.29918,4.259663481013943,4.261447275049767,6.1453953799146355,6.147968850724086,-0.00019156,7.29875,6.1476066694097735,0.0004299999999997084,0.0003621813143128705,0.0004,0.225429,8.2778,98963.5,98963.5,4731264.0,3875851468800.0,23255108812800.0
E45,2.0,392.0,1605632.0,2751415.012964879,5.85144,5.8995,5.8995,3.414700896014893,3.4442784256801593,4.926372048799786,4.969043404169612,0.0480616,5.8995,4.969043404169612,0.0,0.0,0.0004,0.541384,15.4076,104210.0,104210.0,4731264.0,7596668878848.0,45580013273088.0
E45,3.0,400.0,1638400.0,2807566.339760081,5.81672,5.87196,5.87196,3.3944394876932424,3.4281998719309885,4.897141015492714,4.945846954411016,0.0552387,5.87196,4.945846954411016,0.0,0.0,0.0004,0.535455,15.9933,102443.0,102443.0,4731264.0,7751702937600.0,46510217625600.0
E45,3.0,588.0,2408448.0,4127122.5194473187,5.43325,5.53941,5.53941,3.1706594689978735,3.2340487081950897,4.5742946922708665,4.665746033306414,0.106154,5.53941,4.665746033306414,0.0,0.0,0.0004,0.628458,22.7754,105748.0,105748.0,4731264.0,11395003318272.0,68370019909632.0
E45,4.0,600.0,2457600.0,4211349.509640121,5.41724,5.52855,5.52855,3.1613165788126882,3.2277083634704713,4.56081575093313,4.656598849414681,0.111308,5.52855,4.656598849414681,0.0,0.0,0.0004,0.64511,23.4547,104781.0,104781.0,4731264.0,11627554406400.0,69765326438400.0
E45,4.0,784.0,3211264.0,5502830.025929758,5.23858,5.41028,5.41028,3.057056693710556,3.1586593238221634,4.41040053173263,4.556982142335921,0.171707,5.41028,4.556982142335921,0.0,0.0,0.0004,0.714764,30.0944,106706.0,106706.0,4731264.0,15193337757696.0,91160026546176.0
E45,5.0,800.0,3276800.0,5615132.679520162,5.23464,5.406,5.406,3.0547574440335024,3.156160550763105,4.407083415625779,4.553377174835312,0.171357,5.406,4.553377174835312,0.0,0.0,0.0004,0.771647,31.0047,105687.0,105687.0,4731264.0,15503405875200.0,93020435251200.0
E45,5.0,980.0,4014080.0,6878537.532412198,5.10434,5.31284,5.31284,2.9787188062365257,3.1017713689449233,4.297382849960129,4.4749101719482125,0.208498,5.31284,4.4749101719482125,0.0,0.0,0.0004,0.849665,37.847,106061.0,106061.0,4731264.0,18991672197120.0,113950033182720.0
E45,6.0,1000.0,4096000.0,7018915.849400202,5.10184,5.31449,5.31449,2.977259891466822,3.1027346809887195,4.295278080856797,4.476299937456625,0.212655,5.31284,4.4749101719482125,0.0016500000000005954,0.0013897655084127436,0.0004,0.77206,38.837,105466.0,105466.0,4731264.0,19379257344000.0,116275544064000.0
E45,6.0,1176.0,4816896.0,8254245.0388946375,4.9799,5.23772,5.23772,2.9060998646597356,3.057914398805574,4.192615863072688,4.411637938619758,0.25782,5.23772,4.411637938619758,0.0,0.0,0.0004,0.817229,45.3387,106243.0,106243.0,4731264.0,22790006636544.0,136740039819264.0
E45,7.0,1200.0,4915200.0,8422699.019280242,4.97116,5.24019,5.24019,2.9009994986248504,3.059356447743862,4.185257590287441,4.4137183754717455,0.269029,5.23772,4.411637938619758,0.00246999999999975,0.002080436851987777,0.0004,1.0348,46.4773,105755.0,105755.0,4731264.0,23255108812800.0,139530652876800.0
E45,7.0,1372.0,5619712.0,9629952.545377078,4.87015,5.18388,5.18388,2.8420535062697265,3.0264812349037826,4.100216499436425,4.366289468939193,0.313728,5.18388,4.366289468939193,0.0,0.0,0.0004,0.928326,52.8372,106359.0,106359.0,4731264.0,26588341075968.0,159530046455808.0
E45,8.0,1400.0,5734400.0,9826482.189160284,4.853,5.18032,5.18032,2.8320453509495565,3.0244028161911083,4.085777783387569,4.363290944569528,0.327317,5.18032,4.363290944569528,0.0,0.0,0.0004,0.924006,54.1207,105956.0,105956.0,4731264.0,27130960281600.0,162785761689600.0
E45,8.0,1568.0,6422528.0,11005660.051859517,4.76328,5.13521,5.13521,2.7796878176944166,2.998066448739217,4.0102418298072005,4.325295597851654,0.371937,5.13521,4.325295597851654,0.0,0.0,0.0004,1.00099,60.4784,106195.0,106195.0,4731264.0,30386675515392.0,182320053092352.0
E45,9.0,1600.0,6553600.0,11230265.359040324,4.74294,5.13217,5.13217,2.7678180871281044,2.996291619276709,3.9931174283824933,4.32273506018767,0.38923,5.13217,4.32273506018767,0.0,0.0,0.0004,1.02851,61.9903,105720.0,105720.0,4731264.0,31006811750400.0,186040870502400.0
E45,9.0,1764.0,7225344.0,12381367.558341956,4.68604,5.10334,5.10334,2.7346131869696397,2.9794599306569345,3.945212883590663,4.298452066486134,0.417302,5.10334,4.298452066486134,0.0,0.0,0.0004,1.09957,68.2761,105825.0,105825.0,4731264.0,34185009954816.0,205110059728896.0
E45,10.0,1800.0,7372800.0,12634048.528920364,4.65302,5.10322,5.10322,2.715343840691388,2.9793898715992038,3.917413093273857,4.298350992630977,0.450195,5.10322,4.298350992630977,0.0,0.0,0.0004,1.05131,69.8767,105512.0,105512.0,4731264.0,34882663219200.0,209295979315200.0
E45,10.0,1960.0,8028160.0,13757075.064824397,4.56435,5.07091,5.07091,2.663599051639524,2.960526470305242,3.842761142716887,4.27113685712988,0.506557,5.07091,4.27113685712988,0.0,0.0,0.0004,1.11574,75.7057,106044.0,106044.0,4731264.0,37983344394240.0,227900066365440.0
E45,11.0,2000.0,8192000.0,14037831.698800404,4.57058,5.07842,5.07842,2.6672346672456264,2.9649109996682155,3.8480062273223896,4.277462395898474,0.507839,5.07091,4.27113685712988,0.007510000000000794,0.006325538768593653,0.0004,1.1677,77.3398,105922.0,105922.0,4731264.0,38758514688000.0,232551088128000.0
E45,11.0,2156.0,8830976.0,15132782.571306836,4.47778,5.05504,5.05504,2.613079750994211,2.9512611599203717,3.769877198206716,4.257769839785331,0.577258,5.05504,4.257769839785331,0.0,0.0,0.0004,1.26139,83.1043,106264.0,106264.0,4731264.0,41781678833664.0,250690073001984.0
E45,12.0,2200.0,9011200.0,15441614.868680445,4.47242,5.06134,5.06134,2.6099518377279654,2.954939260451228,3.7653645732491725,4.263076217181088,0.588913,5.05504,4.257769839785331,0.006300000000000416,0.005306377395757345,0.0004,1.23316,84.9915,106025.0,106025.0,4731264.0,42634366156800.0,255806196940800.0
E45,12.0,2352.0,9633792.0,16508490.077789275,4.40402,5.03714,5.03714,2.570035929628862,2.940810683808892,3.7077780905820164,4.24269298972437,0.633124,5.03714,4.24269298972437,0.0,0.0,0.0004,1.21204,90.8198,106076.0,106076.0,4731264.0,45580013273088.0,273480079638528.0
E45,13.0,2400.0,9830400.0,16845398.038560484,4.38096,5.05008,5.05008,2.5565788997931116,2.9483653855341743,3.6883637003728844,4.25359212043883,0.669116,5.03714,4.24269298972437,0.012940000000000396,0.010899130714459915,0.0004,1.19675,92.7989,105932.0,105932.0,4731264.0,46510217625600.0,279061305753600.0
E45,13.0,2548.0,10436608.0,17884197.584271714,4.30281,5.02937,5.02937,2.510973224092162,2.9362743598208363,3.622568618202734,4.236148457602936,0.72656,5.02937,4.236148457602936,0.0,0.0,0.0004,1.1417,98.2678,106206.0,106206.0,4731264.0,49378347712512.0,296270086275072.0
E45,14.0,2600.0,10649600.0,18249181.208440527,4.29246,5.05016,5.05016,2.5049333169455874,2.948412091572661,3.613854874114941,4.253659503008934,0.757699,5.02937,4.236148457602936,0.020789999999999864,0.017511045405997905,0.0004,1.19904,100.333,106142.0,106142.0,4731264.0,50386069094400.0,302316414566400.0
E45,14.0,2744.0,11239424.0,19259905.090754155,4.23404,5.02634,5.02634,2.4708413966071423,2.934505368613139,3.5646706297082846,4.233596342760215,0.792302,5.02634,4.233596342760215,0.0,0.0,0.0004,1.27039,105.509,106526.0,106526.0,4731264.0,53176682151936.0,319060092911616.0
E45,15.0,2800.0,11468800.0,19652964.378320567,4.22253,5.04025,5.04025,2.4641245530074247,2.9426263810550766,3.5549802727565454,4.2453124871371966,0.817726,5.02634,4.233596342760215,0.013910000000000089,0.011716144376981319,0.0004,1.26727,107.699,106490.0,106490.0,4731264.0,54261920563200.0,325571523379200.0
E45,15.0,2940.0,12042240.0,20635612.597236596,4.162,5.03003,5.03003,2.4288013086033495,2.9366596846383546,3.5040196032266775,4.236704363806301,0.868022,5.02634,4.233596342760215,0.003689999999999749,0.0031080210460858737,0.0004,1.33148,113.093,106480.0,106480.0,4731264.0,56975016591360.0,341850099548160.0
E45,16.0,3000.0,12288000.0,21056747.548200607,4.154,5.05188,5.05188,2.4241327813402966,2.9494162714001324,3.497284342096016,4.255108228266188,0.897878,5.02634,4.233596342760215,0.025539999999999452,0.021511885505972828,0.0004,1.41722,115.551,106342.0,106342.0,4731264.0,58137772032000.0,348826632192000.0
E45,16.0,3136.0,12845056.0,22011320.103719033,4.08142,5.03236,5.03236,2.3817775677462474,2.93801999800929,3.4361786854880885,4.238666881160605,0.950944,5.02634,4.233596342760215,0.00601999999999947,0.005070538400389957,0.0004,1.35775,120.631,106482.0,106482.0,4731264.0,60773351030784.0,364640106184704.0
E45,17.0,3200.0,13107200.0,22460530.718080647,4.07052,5.04841,5.04841,2.375416699350338,2.947390396980756,3.4270018921975627,4.25218550928789,0.977894,5.02634,4.233596342760215,0.022069999999999368,0.018589166527674728,0.0004,1.37445,123.101,106475.0,106475.0,4731264.0,62013623500800.0,372081741004800.0
E45,17.0,3332.0,13647872.0,23387027.610201474,4.01143,5.04445,5.04445,2.340933789853612,2.9450784480756473,3.377253569671213,4.248850072067701,1.03302,5.02634,4.233596342760215,0.01811000000000007,0.01525372930748592,0.0004,1.36412,127.939,106675.0,106675.0,4731264.0,64571685470208.0,387430112821248.0
E45,18.0,3400.0,13926400.0,23864313.887960687,4.01808,5.06232,5.06232,2.3448145031410252,2.955511409422694,3.382852255486076,4.263901653664871,1.04424,5.02634,4.233596342760215,0.03597999999999946,0.030305310904656046,0.0004,1.3741,130.564,106663.0,106663.0,4731264.0,65889474969600.0,395336849817600.0
E45,18.0,3528.0,14450688.0,24762735.11668391,3.95309,5.04915,5.04915,2.3068885547877978,2.947822427836762,3.3281366778758636,4.252808798061361,1.09606,5.02634,4.233596342760215,0.022809999999999775,0.01921245530114568,0.0004,1.41764,135.413,106716.0,106716.0,4731264.0,68370019909632.0,410220119457792.0
E45,19.0,3600.0,14745600.0,25268097.057840727,3.94975,5.0697,5.0697,2.3049394446554734,2.9598200414731255,3.325324706353813,4.270117695757044,1.11995,5.02634,4.233596342760215,0.04335999999999984,0.03652135299682868,0.0004,1.60036,138.298,106622.0,106622.0,4731264.0,69765326438400.0,418591958630400.0
E45,19.0,3724.0,15253504.0,26138442.623166353,3.88968,5.06883,5.06883,2.2698846405690234,2.9593121133045788,3.2747513143389573,4.269384910307154,1.17915,5.02634,4.233596342760215,0.04248999999999992,0.03578856754693849,0.0004,1.44899,143.076,106611.0,106611.0,4731264.0,72168354349056.0,433010126094336.0
E45,20.0,3800.0,15564800.0,26671880.227720767,3.86892,5.08646,5.08646,2.257769812321401,2.9696049565361644,3.257273311704891,4.28423434419401,1.21753,5.02634,4.233596342760215,0.06011999999999951,0.0506380014337946,0.0004,1.55828,146.073,106555.0,106555.0,4731264.0,73641177907200.0,441847067443200.0
E45,20.0,3920.0,16056320.0,27514150.129648793,3.81998,5.07744,5.07744,2.229210096789674,2.9643388506967487,3.216070351738069,4.276636959414689,1.25747,5.02634,4.233596342760215,0.05109999999999992,0.04304061665447367,0.0004,1.54315,150.717,106533.0,106533.0,4731264.0,75966688788480.0,455800132730880.0
E46,0.0,0.0,0.0,0.0,8.04045,8.04233,8.04233,4.692132504026863,4.695317181320505,6.7693162947534695,6.773910812891838,0.00188423,8.04233,6.773910812891838,0.0,0.0,0.0004,,0.0,0.0,0.0,4731264.0,0.0,0.0
E46,1.0,196.0,802816.0,1375707.5064824396,6.97982,6.98982,6.98982,4.073184995150368,4.080835024220305,5.876363793126773,5.887400452128627,0.00999939,6.98982,5.887400452128627,0.0,0.0,0.0004,0.459554,8.49396,94516.1,94516.1,4731264.0,3798334439424.0,22790006636544.0
E46,2.0,200.0,819200.0,1403783.1698800405,6.9529,6.95939,6.95939,4.057475400910194,4.06306921483079,5.8536996394220955,5.861769807024995,0.00649043,6.95939,5.861769807024995,0.0,0.0,0.0004,0.438654,8.98839,91139.8,91139.8,4731264.0,3875851468800.0,23255108812800.0
E46,2.0,392.0,1605632.0,2751415.012964879,6.02677,6.06085,6.06085,3.517017506643779,3.5384786670537496,5.073983715554647,5.104945625249834,0.0340773,6.06085,5.104945625249834,0.0,0.0,0.0004,0.602958,16.5021,97298.4,97298.4,4731264.0,7596668878848.0,45580013273088.0
E46,3.0,400.0,1638400.0,2807566.339760081,5.9969,6.03732,6.03732,3.499586392975355,3.5247412534837426,5.048835934308039,5.0851267268177445,0.0404175,6.03732,5.0851267268177445,0.0,0.0,0.0004,0.623903,17.0925,95854.7,95854.7,4731264.0,7751702937600.0,46510217625600.0
E46,3.0,588.0,2408448.0,4127122.5194473187,5.64294,5.71411,5.71411,3.2930274042215726,3.336043019741208,4.750834305581919,4.812892720772883,0.0711701,5.71411,4.812892720772883,0.0,0.0,0.0004,0.617625,23.9991,100356.0,100356.0,4731264.0,11395003318272.0,68370019909632.0
E46,4.0,600.0,2457600.0,4211349.509640121,5.62677,5.70361,5.70361,3.2835911434911265,3.329912852189781,4.737220659021569,4.804048758446621,0.0768456,5.70361,4.804048758446621,0.0,0.0,0.0004,0.706551,24.7246,99399.0,99399.0,4731264.0,11627554406400.0,69765326438400.0
E46,4.0,784.0,3211264.0,5502830.025929758,5.4372,5.55666,5.55666,3.1729645543340057,3.244119697743862,4.57762022745413,4.680275399985273,0.119453,5.55666,4.680275399985273,0.0,0.0,0.0004,0.690151,32.2017,99723.4,99723.4,4731264.0,15193337757696.0,91160026546176.0
E46,5.0,800.0,3276800.0,5615132.679520162,5.42912,5.54666,5.54666,3.1682493417983224,3.23828144293298,4.570817613712162,4.6718525787221665,0.117541,5.54666,4.6718525787221665,0.0,0.0,0.0004,0.696588,33.1504,98846.5,98846.5,4731264.0,15503405875200.0,93020435251200.0
E46,5.0,980.0,4014080.0,6878537.532412198,5.32223,5.465,5.465,3.105871981904855,3.1906062541473124,4.48082610593011,4.6030718202876395,0.142775,5.465,4.6030718202876395,0.0,0.0,0.0004,0.728631,40.4591,99213.2,99213.2,4731264.0,18991672197120.0,113950033182720.0
E46,6.0,1000.0,4096000.0,7018915.849400202,5.32238,5.46785,5.46785,3.105959516791037,3.1922701567684144,4.48095239207631,4.605472324347625,0.145472,5.465,4.6030718202876395,0.0028500000000004633,0.0024005040599854865,0.0004,0.711814,41.4796,98747.4,98747.4,4731264.0,19379257344000.0,116275544064000.0
E46,6.0,1176.0,4816896.0,8254245.0388946375,5.23421,5.40793,5.40793,3.0545065106931135,3.157287333941606,4.406721395340006,4.555002779339092,0.173721,5.40793,4.555002779339092,0.0,0.0,0.0004,0.734955,47.9532,100450.0,100450.0,4731264.0,22790006636544.0,136740039819264.0
E46,7.0,1200.0,4915200.0,8422699.019280242,5.22961,5.41033,5.41033,3.051822107516858,3.158688515096218,4.402848620189876,4.557024256442237,0.180719,5.40793,4.555002779339092,0.0023999999999997357,0.002021477103145486,0.0004,0.727922,49.0746,100158.0,100158.0,4731264.0,23255108812800.0,139530652876800.0
E46,7.0,1372.0,5619712.0,9629952.545377078,5.16016,5.36667,5.36667,3.0112934552144788,3.1331986945919046,4.344378134499321,4.520250218807515,0.206513,5.36667,4.520250218807515,0.0,0.0,0.0004,0.762283,55.5685,101131.0,101131.0,4731264.0,26588341075968.0,159530046455808.0
E46,8.0,1400.0,5734400.0,9826482.189160284,5.1473,5.36514,5.36514,3.003788797639121,3.1323054416058396,4.333551202231782,4.51896152715426,0.217847,5.36514,4.51896152715426,0.0,0.0,0.0004,0.828188,56.9329,100722.0,100722.0,4731264.0,27130960281600.0,162785761689600.0
E46,8.0,1568.0,6422528.0,11005660.051859517,5.07818,5.32624,5.32624,2.9634527220863425,3.1095946303915065,4.275358546062866,4.486196752440776,0.248055,5.32624,4.486196752440776,0.0,0.0,0.0004,0.840218,63.7035,100819.0,100819.0,4731264.0,30386675515392.0,182320053092352.0
E46,9.0,1600.0,6553600.0,11230265.359040324,5.06513,5.32351,5.32351,2.955837186988487,3.108000786828135,4.264371651343474,4.483897322235947,0.258378,5.32351,4.483897322235947,0.0,0.0,0.0004,0.846234,65.1109,100653.0,100653.0,4731264.0,31006811750400.0,186040870502400.0
E46,9.0,1764.0,7225344.0,12381367.558341956,5.02188,5.28157,5.28157,2.930597961472607,3.0835151461512944,4.227959145855836,4.44857200985848,0.259687,5.28157,4.44857200985848,0.0,0.0,0.0004,0.836615,71.3744,101232.0,101232.0,4731264.0,34185009954816.0,205110059728896.0
E46,10.0,1800.0,7372800.0,12634048.528920364,4.99349,5.28511,5.28511,2.9140305253478473,3.085581888354347,4.2040573879184,4.451553688585619,0.291615,5.28157,4.44857200985848,0.0035400000000000986,0.002981678727139503,0.0004,0.864812,73.0444,100936.0,100936.0,4731264.0,34882663219200.0,209295979315200.0
E46,10.0,1960.0,8028160.0,13757075.064824397,4.92439,5.24246,5.24246,2.8737061211132264,3.0606817315859325,4.14588156990231,4.41563035589847,0.318076,5.24246,4.41563035589847,0.0,0.0,0.0004,0.904726,79.285,101257.0,101257.0,4731264.0,37983344394240.0,227900066365440.0
E46,11.0,2000.0,8192000.0,14037831.698800404,4.92491,5.24437,5.24437,2.8740095753853248,3.061796838254811,4.146319361875803,4.417239114759724,0.319458,5.24246,4.41563035589847,0.0019099999999996342,0.0016087588612538894,0.0004,0.897633,81.2344,100844.0,100844.0,4731264.0,38758514688000.0,232551088128000.0
E46,11.0,2156.0,8830976.0,15132782.571306836,4.84521,5.20691,5.20691,2.827499372527159,3.039926735733245,4.079219322861588,4.385687226308127,0.3617,5.20691,4.385687226308127,0.0,0.0,0.0004,0.96183,87.7727,100612.0,100612.0,4731264.0,41781678833664.0,250690073001984.0
E46,12.0,2200.0,9011200.0,15441614.868680445,4.83378,5.21005,5.21005,2.8208292142000717,3.041759947743862,4.069596318521155,4.388331992184742,0.376272,5.20691,4.385687226308127,0.0031400000000001427,0.0026447658766155513,0.0004,0.955091,89.7564,100396.0,100396.0,4731264.0,42634366156800.0,255806196940800.0
E46,12.0,2352.0,9633792.0,16508490.077789275,4.77444,5.17016,5.17016,2.786200413226376,3.0184711493032514,4.0196375190844735,4.354733358166211,0.39572,5.17016,4.354733358166211,0.0,0.0,0.0004,0.995449,95.5937,100778.0,100778.0,4731264.0,45580013273088.0,273480079638528.0
E46,13.0,2400.0,9830400.0,16845398.038560484,4.74671,5.17243,5.17243,2.7700181306008185,3.019796433145322,3.996291420190318,4.356645338592936,0.425715,5.17016,4.354733358166211,0.0022700000000002163,0.001911980426725357,0.0004,0.992082,97.5614,100761.0,100761.0,4731264.0,46510217625600.0,279061305753600.0
E46,13.0,2548.0,10436608.0,17884197.584271714,4.68823,5.13497,5.13497,2.7358911963079002,2.997926330623756,3.947056661325181,4.32509345014134,0.44674,5.13497,4.32509345014134,0.0,0.0,0.0004,1.0327,102.916,101409.0,101409.0,4731264.0,49378347712512.0,296270086275072.0
E46,14.0,2600.0,10649600.0,18249181.208440527,4.66978,5.14248,5.14248,2.7251244053074846,3.0023108599867285,3.9315234653425937,4.331418988909932,0.472704,5.13497,4.32509345014134,0.007509999999999906,0.006325538768591876,0.0004,1.04963,105.028,101398.0,101398.0,4731264.0,50386069094400.0,302316414566400.0
E46,14.0,2744.0,11239424.0,19259905.090754155,4.62122,5.10581,5.10581,2.696786444820752,2.9809019795952225,3.8906404302794773,4.300532503338122,0.484594,5.10581,4.300532503338122,0.0,0.0,0.0004,1.02697,110.906,101342.0,101342.0,4731264.0,53176682151936.0,319060092911616.0
E46,15.0,2800.0,11468800.0,19652964.378320567,4.61142,5.11027,5.11027,2.691067498923512,2.9835058412408757,3.882389735394417,4.304289081621467,0.498849,5.10581,4.300532503338122,0.0044599999999999085,0.003756578283344858,0.0004,1.08857,113.409,101128.0,101128.0,4731264.0,54261920563200.0,325571523379200.0
E46,15.0,2940.0,12042240.0,20635612.597236596,4.55059,5.08458,5.08458,2.6555691847470726,2.968507364631719,3.831176493572149,4.282650853796547,0.533984,5.08458,4.282650853796547,0.0,0.0,0.0004,1.12048,119.064,101141.0,101141.0,4731264.0,56975016591360.0,341850099548160.0
E46,16.0,3000.0,12288000.0,21056747.548200607,4.54608,5.09304,5.09304,2.6529373025025262,2.9734465282017255,3.8273794901097387,4.289776560585135,0.546959,5.08458,4.282650853796547,0.008460000000000356,0.007125706788587927,0.0004,1.14591,121.533,101108.0,101108.0,4731264.0,58137772032000.0,348826632192000.0
E46,16.0,3136.0,12845056.0,22011320.103719033,4.48342,5.0635,5.0635,2.6163710627146632,2.9562003234903784,3.774625557303832,4.264895546573919,0.580076,5.0635,4.264895546573919,0.0,0.0,0.0004,1.05933,126.697,101384.0,101384.0,4731264.0,60773351030784.0,364640106184704.0
E46,17.0,3200.0,13107200.0,22460530.718080647,4.46858,5.06541,5.06541,2.6077109446417004,2.957315430159257,3.7621316479064553,4.266504305435172,0.596836,5.0635,4.264895546573919,0.0019099999999996342,0.0016087588612530013,0.0004,1.16234,129.228,101427.0,101427.0,4731264.0,62013623500800.0,372081741004800.0
E46,17.0,3332.0,13647872.0,23387027.610201474,4.41615,5.04332,5.04332,2.577114584091466,2.9444187252820173,3.717990430271382,4.24789829326497,0.627169,5.04332,4.24789829326497,0.0,0.0,0.0004,1.08523,134.392,101553.0,101553.0,4731264.0,64571685470208.0,387430112821248.0
E46,18.0,3400.0,13926400.0,23864313.887960687,4.42787,5.05564,5.05564,2.583953976531839,2.951611455209025,3.7278575878278013,4.258275209061117,0.627765,5.04332,4.24789829326497,0.012320000000000775,0.010376915796147301,0.0004,1.16524,137.392,101363.0,101363.0,4731264.0,65889474969600.0,395336849817600.0
E46,18.0,3528.0,14450688.0,24762735.11668391,4.37016,5.03464,5.03464,2.55027638798799,2.939351120106171,3.6792710978464913,4.240587284408593,0.664475,5.03464,4.240587284408593,0.0,0.0,0.0004,1.17423,142.499,101409.0,101409.0,4731264.0,68370019909632.0,410220119457792.0
E46,19.0,3600.0,14745600.0,25268097.057840727,4.3513,5.0405,5.0405,2.5392703349653423,2.9427723374253483,3.6633927197309566,4.245523057668773,0.689193,5.03464,4.240587284408593,0.005860000000000198,0.004935773260180021,0.0004,1.21092,145.287,101493.0,101493.0,4731264.0,69765326438400.0,418591958630400.0
E46,19.0,3724.0,15253504.0,26138442.623166353,4.30178,5.02721,5.02721,2.510372151207044,2.9350132967816855,3.6217014533321614,4.234329128210105,0.725427,5.02721,4.234329128210105,0.0,0.0,0.0004,1.22651,150.098,101624.0,101624.0,4731264.0,72168354349056.0,433010126094336.0
E46,20.0,3800.0,15564800.0,26671880.227720767,4.2785,5.03347,5.03347,2.4967867368715595,2.938668044293298,3.602101843441936,4.23960181432081,0.75497,5.02721,4.234329128210105,0.006260000000000154,0.005272686110704861,0.0004,1.27942,153.226,101581.0,101581.0,4731264.0,73641177907200.0,441847067443200.0
E46,20.0,3920.0,16056320.0,27514150.129648793,4.23948,5.01802,5.01802,2.4740159951460186,2.9296479406104843,3.569250607277135,4.22658855546931,0.778538,5.01802,4.22658855546931,0.0,0.0,0.0004,1.24926,157.938,101662.0,101662.0,4731264.0,75966688788480.0,455800132730880.0
E47,0.0,0.0,0.0,0.0,8.04336,8.04452,8.04452,4.693830680818798,4.696595759124088,6.771766245989747,6.7757554107484586,0.00115599,8.04452,6.7757554107484586,0.0,0.0,0.0004,,0.0,0.0,0.0,6508416.0,0.0,0.0
E47,1.0,196.0,802816.0,1375707.5064824396,7.30015,7.29894,7.29894,4.260118662422091,4.261307156934307,6.146052067874875,6.147766703013772,-0.00121273,7.29894,6.147766703013772,0.0,0.0,0.0004,0.236656,11.087,72410.7,72410.7,6508416.0,5225060499456.0,31350362996736.0
E47,2.0,200.0,819200.0,1403783.1698800405,7.29948,7.29915,7.29915,4.25972767326381,4.261429760285335,6.145487989755181,6.147943582260297,-0.000333075,7.29894,6.147766703013772,0.00021000000000004349,0.0001768792465242086,0.0004,0.225599,11.9723,68424.5,68424.5,6508416.0,5331694387200.0,31990166323200.0
E47,2.0,392.0,1605632.0,2751415.012964879,7.30003,7.29703,7.29703,4.2600486345131445,4.260192050265428,6.145951038957914,6.146157944152519,-0.00300661,7.29703,6.146157944152519,0.0,0.0,0.0004,0.247172,23.0107,69777.6,69777.6,6508416.0,10450120998912.0,62700725993472.0
E47,3.0,400.0,1638400.0,2807566.339760081,7.29488,7.29739,7.29739,4.2570432700875545,4.26040222743862,6.141615214605051,6.146461165717991,0.00250057,7.29703,6.146157944152519,0.0003599999999996939,0.0003032215654714676,0.0004,0.242909,23.8813,68605.9,68605.9,6508416.0,10663388774400.0,63980332646400.0
E47,3.0,588.0,2408448.0,4127122.5194473187,7.30601,7.29686,7.29686,4.263538358642277,4.260092799933643,6.150985646653084,6.146014756191046,-0.00914435,7.29686,6.146014756191046,0.0,0.0,0.0004,0.240818,34.2334,70353.7,70353.7,6508416.0,15675181498368.0,94051088990208.0
E47,4.0,600.0,2457600.0,4211349.509640121,7.29901,7.29722,7.29722,4.259453397287106,4.260302977106835,6.1450922931637555,6.146317977756518,-0.00179544,7.29686,6.146014756191046,0.0003600000000005821,0.0003032215654723558,0.0004,0.215476,35.2869,69646.2,69646.2,6508416.0,15995083161600.0,95970498969600.0
E47,4.0,784.0,3211264.0,5502830.025929758,7.29858,7.29442,7.29442,4.259202463946717,4.258668265759788,6.1447302728779825,6.143959587802848,-0.004162,7.29442,6.143959587802848,0.0,0.0,0.0004,0.230313,45.4212,70699.7,70699.7,6508416.0,20900241997824.0,125401451986944.0
E47,5.0,800.0,3276800.0,5615132.679520162,7.2859,7.29522,7.29522,4.251802848234777,4.2591353261446585,6.1340548839858835,6.144633413503897,0.00932058,7.29442,6.143959587802848,0.0007999999999999119,0.0006738257010487914,0.0004,0.236245,46.8076,70005.8,70005.8,6508416.0,21326777548800.0,127960665292800.0
E47,5.0,980.0,4014080.0,6878537.532412198,7.29267,7.29319,7.29319,4.255753589431136,4.25795016041805,6.1397545987177065,6.142923580787486,0.000517409,7.29319,6.142923580787486,0.0,0.0,0.0004,0.219418,56.7604,70719.7,70719.7,6508416.0,26125302497280.0,156751814983680.0
E47,6.0,1000.0,4096000.0,7018915.849400202,7.30368,7.29532,7.29532,4.262178650076913,4.259193708692767,6.149024001848779,6.144717641716528,-0.00836429,7.29319,6.142923580787486,0.0021300000000001873,0.0017940609290416631,0.0004,0.222523,58.2664,70297.8,70297.8,6508416.0,26658471936000.0,159950831616000.0
E47,6.0,1176.0,4816896.0,8254245.0388946375,7.29842,7.29383,7.29383,4.259109093401456,4.258323808725946,6.14459556765537,6.143462641348325,-0.00459402,7.29319,6.142923580787486,0.0006399999999997519,0.0005390605608388555,0.0004,0.212959,67.6788,71172.9,71172.9,6508416.0,31350362996736.0,188102177980416.0
E47,7.0,1200.0,4915200.0,8422699.019280242,7.29269,7.29498,7.29498,4.255765260749294,4.258995208029197,6.139771436870533,6.144431265793582,0.00229522,7.29319,6.142923580787486,0.0017899999999997362,0.0015076850060955493,0.0004,0.200263,69.3871,70837.4,70837.4,6508416.0,31990166323200.0,191940997939200.0
E47,7.0,1372.0,5619712.0,9629952.545377078,7.29546,7.29309,7.29309,4.257381738314126,4.257891777869941,6.142103521037024,6.142839352574856,-0.00237456,7.29309,6.142839352574856,0.0,0.0,0.0004,0.213723,79.289,70876.3,70876.3,6508416.0,36575423496192.0,219452540977152.0
E47,8.0,1400.0,5734400.0,9826482.189160284,7.29366,7.29449,7.29449,4.256331319679939,4.258709133543464,6.140588087282625,6.14401854755169,0.00083022,7.29309,6.142839352574856,0.0013999999999994017,0.0011791949768342747,0.0004,0.218553,81.1866,70632.4,70632.4,6508416.0,37321860710400.0,223931164262400.0
E47,8.0,1568.0,6422528.0,11005660.051859517,7.29626,7.29224,7.29224,4.257848591040432,4.257395526211015,6.1427770471500915,6.14212341276749,-0.00402663,7.29224,6.14212341276749,0.0,0.0,0.0004,0.218509,90.3607,71076.6,71076.6,6508416.0,41800483995648.0,250802903973888.0
E47,9.0,1600.0,6553600.0,11230265.359040324,7.29287,7.29187,7.29187,4.2558703026127125,4.257179510783013,6.139922980245973,6.141811768380756,-0.000996518,7.29187,6.141811768380756,0.0,0.0,0.0004,0.198846,92.4157,70914.4,70914.4,6508416.0,42653555097600.0,255921330585600.0
E47,9.0,1764.0,7225344.0,12381367.558341956,7.29115,7.29231,7.29231,4.254866569251156,4.257436393994691,6.138474899102881,6.1421823725163325,0.00115613,7.29187,6.141811768380756,0.0004399999999993298,0.00037060413557643557,0.0004,0.199136,101.658,71074.9,71074.9,6508416.0,47025544495104.0,282153266970624.0
E47,10.0,1800.0,7372800.0,12634048.528920364,7.29569,7.29366,7.29366,4.257515958472939,4.2582245583941605,6.1422971597945315,6.143319453386852,-0.00202732,7.29187,6.141811768380756,0.0017899999999997362,0.0015076850060955493,0.0004,0.205799,103.955,70923.1,70923.1,6508416.0,47985249484800.0,287911496908800.0
E47,10.0,1960.0,8028160.0,13757075.064824397,7.29942,7.2919,7.2919,4.259692659309337,4.257197025547446,6.145437475296702,6.141837036844546,-0.0075222,7.29187,6.141811768380756,2.9999999999752447e-05,2.5268463789807072e-05,0.0004,0.195313,112.883,71119.1,71119.1,6508416.0,52250604994560.0,313503629967360.0
E47,11.0,2000.0,8192000.0,14037831.698800404,7.29268,7.29297,7.29297,4.255759425090215,4.25782171881221,6.139763017794119,6.142738278719698,0.000285307,7.29187,6.141811768380756,0.001100000000000101,0.000926510338941533,0.0004,0.203896,115.381,70999.3,70999.3,6508416.0,53316943872000.0,319901663232000.0
E47,11.0,2156.0,8830976.0,15132782.571306836,7.28596,7.2916,7.2916,4.251837862189251,4.257021877903119,6.134105398444364,6.141584352206652,0.00564029,7.2916,6.141584352206652,0.0,0.0,0.0004,0.195456,123.911,71268.5,71268.5,6508416.0,57475665494016.0,344853992964096.0
E47,12.0,2200.0,9011200.0,15441614.868680445,7.29463,7.29285,7.29285,4.256897378610584,4.257751659754479,6.141404737694718,6.142637204864541,-0.00178413,7.2916,6.141584352206652,0.0012499999999997513,0.001052852657888792,0.0004,0.193011,126.917,71000.5,71000.5,6508416.0,58648638259200.0,351891829555200.0
E47,12.0,2352.0,9633792.0,16508490.077789275,7.29191,7.29096,7.29096,4.255310079341146,4.256648229595222,6.139114748910293,6.141045291645813,-0.000950904,7.29096,6.141045291645813,0.0,0.0,0.0004,0.188254,135.623,71033.8,71033.8,6508416.0,62700725993472.0,376204355960832.0
E47,13.0,2400.0,9830400.0,16845398.038560484,7.29647,7.29223,7.29223,4.257971139881087,4.257389687956205,6.142953847754771,6.142114989946228,-0.0042335,7.29096,6.141045291645813,0.0012699999999998823,0.001069698300415034,0.0004,0.188378,138.556,70948.8,70948.8,6508416.0,63980332646400.0,383881995878400.0
E47,13.0,2548.0,10436608.0,17884197.584271714,7.29392,7.29157,7.29157,4.256483046815989,4.2570043631386865,6.140806983269372,6.141559083742863,-0.0023564,7.29096,6.141045291645813,0.0006099999999999994,0.0005137920970499366,0.0004,0.181885,146.628,71177.6,71177.6,6508416.0,67925786492928.0,407554718957568.0
E47,14.0,2600.0,10649600.0,18249181.208440527,7.2956,7.29154,7.29154,4.2574634375412295,4.256986848374254,6.142221388106811,6.1415338152790735,-0.00405633,7.29096,6.141045291645813,0.000580000000000247,0.0004885236332601295,0.0004,0.173139,149.794,71095.2,71095.2,6508416.0,69312027033600.0,415872162201600.0
E47,14.0,2744.0,11239424.0,19259905.090754155,7.29533,7.29093,7.29093,4.257305874746101,4.25663071483079,6.141994073043651,6.141020023182024,-0.0043972,7.29093,6.141020023182024,0.0,0.0,0.0004,0.179122,158.117,71082.7,71082.7,6508416.0,73150846992384.0,438905081954304.0
E47,15.0,2800.0,11468800.0,19652964.378320567,7.29862,7.29166,7.29166,4.259225806583032,4.257056907431984,6.144763949183636,6.141634889134231,-0.0069638,7.29093,6.141020023182024,0.0007299999999998974,0.0006148659522073885,0.0004,0.179823,161.441,71040.3,71040.3,6508416.0,74643721420800.0,447862328524800.0
E47,15.0,2940.0,12042240.0,20635612.597236596,7.29444,7.29124,7.29124,4.2567865010880865,4.256811700729927,6.141244775242865,6.141281130641181,-0.00319347,7.29093,6.141020023182024,0.00030999999999981043,0.0002611074591571949,0.0004,0.178249,169.289,71134.0,71134.0,6508416.0,78375907491840.0,470255444951040.0
E47,16.0,3000.0,12288000.0,21056747.548200607,7.2904,7.29178,7.29178,4.254428894820245,4.2571269664897144,6.137843468371882,6.1417359629893875,0.0013824,7.29093,6.141020023182024,0.0008499999999997954,0.0007159398073639522,0.0004,0.181578,172.792,71114.2,71114.2,6508416.0,79975415808000.0,479852494848000.0
E47,16.0,3136.0,12845056.0,22011320.103719033,7.29207,7.2906,7.2906,4.2554034498864075,4.256438052422031,6.139249454132907,6.140742070080343,-0.00146547,7.2906,6.140742070080343,0.0,0.0,0.0004,0.175572,180.727,71074.4,71074.4,6508416.0,83600967991296.0,501605807947776.0
E47,17.0,3200.0,13107200.0,22460530.718080647,7.28686,7.29147,7.29147,4.252363071506344,4.256945980590578,6.134863115321563,6.141474855530232,0.00461436,7.2906,6.140742070080343,0.0008699999999999264,0.000732785449889306,0.0004,0.173396,184.81,70922.4,70922.4,6508416.0,85307110195200.0,511842661171200.0
E47,17.0,3332.0,13647872.0,23387027.610201474,7.29593,7.29115,7.29115,4.257656014290831,4.25675915643663,6.142499217628451,6.141205325249813,-0.0047783,7.2906,6.140742070080343,0.0005499999999996064,0.0004632551694703224,0.0004,0.176507,193.206,70638.8,70638.8,6508416.0,88826028490752.0,532956170944512.0
E47,18.0,3400.0,13926400.0,23864313.887960687,7.29543,7.29152,7.29152,4.257364231336889,4.256975171864632,6.142078263807783,6.141516969636547,-0.00391331,7.2906,6.140742070080343,0.0009199999999998099,0.0007748995562044669,0.0004,0.177925,197.318,70578.5,70578.5,6508416.0,90638804582400.0,543832827494400.0
E47,18.0,3528.0,14450688.0,24762735.11668391,7.28373,7.29038,7.29038,4.250536510214674,4.256309610816191,6.132227944404192,6.140556768012553,0.00664625,7.29038,6.140556768012553,0.0,0.0,0.0004,0.180114,204.715,70589.2,70589.2,6508416.0,94051088990208.0,564306533941248.0
E47,19.0,3600.0,14745600.0,25268097.057840727,7.29266,7.2918,7.2918,4.255747753772058,4.257138642999337,6.139746179641293,6.141752808631915,-0.000866542,7.29038,6.140556768012553,0.001420000000000421,0.0011960406193614048,0.0004,0.179421,209.295,70453.6,70453.6,6508416.0,95970498969600.0,575822993817600.0
E47,19.0,3724.0,15253504.0,26138442.623166353,7.2906,7.29119,7.29119,4.254545608001822,4.256782509455872,6.138011849900148,6.141239016534865,0.00058992,7.29038,6.140556768012553,0.0008100000000004215,0.0006822485223114683,0.0004,0.186277,216.613,70418.1,70418.1,6508416.0,99276149489664.0,595656896937984.0
E47,20.0,3800.0,15564800.0,26671880.227720767,7.28617,7.29131,7.29131,4.251960411029906,4.256852568513604,6.134282199049044,6.141340090390022,0.00514795,7.29038,6.140556768012553,0.0009300000000003195,0.0007833223774689202,0.0004,0.169446,221.026,70420.6,70420.6,6508416.0,101302193356800.0,607813160140800.0
E47,20.0,3920.0,16056320.0,27514150.129648793,7.29105,7.29057,7.29057,4.254808212660368,4.256420537657598,6.138390708338747,6.140716801616552,-0.000484629,7.29038,6.140556768012553,0.00018999999999991246,0.0001600336039988548,0.0004,0.170722,228.213,70356.9,70356.9,6508416.0,104501209989120.0,627007259934720.0
E48,0.0,0.0,0.0,0.0,8.04628,8.0483,8.0483,4.6955346932698125,4.698802619442601,6.774224616302439,6.778939237185912,0.00201341,8.0483,6.778939237185912,0.0,0.0,0.0004,,0.0,0.0,0.0,6508416.0,0.0,0.0
E48,1.0,196.0,802816.0,1375707.5064824396,7.28072,7.28117,7.28117,4.24877997683195,4.250932578135369,6.1296938024037795,6.132799349629233,0.000458497,7.28117,6.132799349629233,0.0,0.0,0.0004,0.353999,11.2861,71132.9,71132.9,6508416.0,5225060499456.0,31350362996736.0
E48,2.0,200.0,819200.0,1403783.1698800405,7.26851,7.27029,7.27029,4.241654637096716,4.244580556901128,6.119414110103109,6.123635320094972,0.00178131,7.27029,6.123635320094972,0.0,0.0,0.0004,0.303262,11.8762,68978.1,68978.1,6508416.0,5331694387200.0,31990166323200.0
E48,2.0,392.0,1605632.0,2751415.012964879,6.71647,6.72224,6.72224,3.9195029133097403,3.9246150019907105,5.654647415781807,5.6620226007704275,0.005766,6.72224,5.6620226007704275,0.0,0.0,0.0004,0.505284,22.7778,70491.2,70491.2,6508416.0,10450120998912.0,62700725993472.0
E48,3.0,400.0,1638400.0,2807566.339760081,6.67713,6.68874,6.68874,3.896545430493677,3.9050568483742536,5.621526769171779,5.63380614953902,0.0116171,6.68874,5.63380614953902,0.0,0.0,0.0004,0.572312,23.6413,69302.5,69302.5,6508416.0,10663388774400.0,63980332646400.0
E48,3.0,588.0,2408448.0,4127122.5194473187,6.05753,6.08876,6.08876,3.534967993970218,3.5547732362309223,5.099880794602041,5.128453719395163,0.0312243,6.08876,5.128453719395163,0.0,0.0,0.0004,0.562099,34.118,70591.8,70591.8,6508416.0,15675181498368.0,94051088990208.0
E48,4.0,600.0,2457600.0,4211349.509640121,6.02278,6.06036,6.06036,3.5146890786713314,3.538192592568016,5.07062450406573,5.1045329070079415,0.0375848,6.06036,5.1045329070079415,0.0,0.0,0.0004,0.617261,35.2131,69792.1,69792.1,6508416.0,15995083161600.0,95970498969600.0
E48,4.0,784.0,3211264.0,5502830.025929758,5.66382,5.74541,5.74541,3.3052122603781413,3.35431675729927,4.768413337132946,4.839256151326405,0.0815928,5.74541,4.839256151326405,0.0,0.0,0.0004,0.667496,45.883,69988.1,69988.1,6508416.0,20900241997824.0,125401451986944.0
E48,5.0,800.0,3276800.0,5615132.679520162,5.65362,5.73256,5.73256,3.2992598881177484,3.3468145998672862,4.759825879191352,4.828432826003314,0.0789325,5.73256,4.828432826003314,0.0,0.0,0.0004,0.65975,47.2771,69310.5,69310.5,6508416.0,21326777548800.0,127960665292800.0
E48,5.0,980.0,4014080.0,6878537.532412198,5.47388,5.57724,5.57724,3.1943697518351044,3.2561348261446583,4.608501399738214,4.697609566144746,0.10336,5.57724,4.697609566144746,0.0,0.0,0.0004,0.676696,57.1355,70255.4,70255.4,6508416.0,26125302497280.0,156751814983680.0
E48,6.0,1000.0,4096000.0,7018915.849400202,5.47375,5.57463,5.57463,3.1942938882670795,3.254611041639018,4.60839195174484,4.6954112097950755,0.100883,5.57463,4.6954112097950755,0.0,0.0,0.0004,0.634407,58.4005,70136.4,70136.4,6508416.0,26658471936000.0,159950831616000.0
E48,6.0,1176.0,4816896.0,8254245.0388946375,5.34679,5.48345,5.48345,3.1202043606024277,3.201377834273391,4.5015033576012415,4.6186119255180715,0.136658,5.48345,4.6186119255180715,0.0,0.0,0.0004,0.636456,67.1027,71783.9,71783.9,6508416.0,31350362996736.0,188102177980416.0
E48,7.0,1200.0,4915200.0,8422699.019280242,5.34107,5.47811,5.47811,3.1168663636093448,3.1982602062043797,4.496687645892819,4.614114138963572,0.137046,5.47811,4.614114138963572,0.0,0.0,0.0004,0.658797,68.5636,71688.2,71688.2,6508416.0,31990166323200.0,191940997939200.0
E48,7.0,1372.0,5619712.0,9629952.545377078,5.25341,5.41893,5.41893,3.0657109761244405,3.1637094142335767,4.422886022053594,4.564267882728508,0.165522,5.41893,4.564267882728508,0.0,0.0,0.0004,0.664648,77.0004,72982.9,72982.9,6508416.0,36575423496192.0,219452540977152.0
E48,8.0,1400.0,5734400.0,9826482.189160284,5.23841,5.41158,5.41158,3.0569574875062164,3.159418296947578,4.410257407433604,4.558077109100125,0.173175,5.41158,4.558077109100125,0.0,0.0,0.0004,0.699564,78.6334,72925.8,72925.8,6508416.0,37321860710400.0,223931164262400.0
E48,8.0,1568.0,6422528.0,11005660.051859517,5.15572,5.36576,5.36576,3.008702422583484,3.132667413404114,4.3406400645718035,4.5194837420725715,0.210042,5.36576,4.5194837420725715,0.0,0.0,0.0004,0.706441,86.773,74015.3,74015.3,6508416.0,41800483995648.0,250802903973888.0
E48,9.0,1600.0,6553600.0,11230265.359040324,5.14689,5.36073,5.36073,3.0035495356168895,3.1297307712342404,4.333206020098836,4.515247062977229,0.213837,5.36073,4.515247062977229,0.0,0.0,0.0004,0.738559,88.8724,73741.7,73741.7,6508416.0,42653555097600.0,255921330585600.0
E48,9.0,1764.0,7225344.0,12381367.558341956,5.09272,5.31055,5.31055,2.9719377703869414,3.1004344085932316,4.287599883167843,4.472981345878962,0.21783,5.31055,4.472981345878962,0.0,0.0,0.0004,0.729033,98.059,73683.6,73683.6,6508416.0,47025544495104.0,282153266970624.0
E48,10.0,1800.0,7372800.0,12634048.528920364,5.05434,5.3068,5.3068,2.949540510842444,3.0982450630391507,4.255287467893494,4.469822787905296,0.252453,5.3068,4.469822787905296,0.0,0.0,0.0004,0.750191,100.141,73623.9,73623.9,6508416.0,47985249484800.0,287911496908800.0
E48,10.0,1960.0,8028160.0,13757075.064824397,4.97371,5.25121,5.25121,2.9024875916899484,3.065790204545455,4.187404454772839,4.423000324503689,0.277496,5.25121,4.423000324503689,0.0,0.0,0.0004,0.798079,108.245,74166.5,74166.5,6508416.0,52250604994560.0,313503629967360.0
E48,11.0,2000.0,8192000.0,14037831.698800404,4.97127,5.24796,5.24796,2.901063690874717,3.063892771731918,4.185350200127988,4.420262907593179,0.276683,5.24796,4.420262907593179,0.0,0.0,0.0004,0.78141,110.563,74093.2,74093.2,6508416.0,53316943872000.0,319901663232000.0
E48,11.0,2156.0,8830976.0,15132782.571306836,4.87989,5.19961,5.19961,2.847737438212494,3.0356648097213004,4.108416679863006,4.379538566786059,0.319719,5.19961,4.379538566786059,0.0,0.0,0.0004,0.830043,118.977,74224.0,74224.0,6508416.0,57475665494016.0,344853992964096.0
E48,12.0,2200.0,9011200.0,15441614.868680445,4.86364,5.19836,5.19836,2.8382544922094173,3.0349350278699405,4.0947356806913495,4.378485714128171,0.334726,5.19836,4.378485714128171,0.0,0.0,0.0004,0.808883,121.467,74186.6,74186.6,6508416.0,58648638259200.0,351891829555200.0
E48,12.0,2352.0,9633792.0,16508490.077789275,4.79356,5.15249,5.15249,2.797358193385073,3.008154953052422,4.035734793186754,4.339850232994302,0.358932,5.15249,4.339850232994302,0.0,0.0,0.0004,0.895376,129.383,74459.2,74459.2,6508416.0,62700725993472.0,376204355960832.0
E48,13.0,2400.0,9830400.0,16845398.038560484,4.76059,5.15239,5.15239,2.778118025402215,3.0080965705043132,4.007977098252015,4.339766004781671,0.391808,5.15239,4.339766004781671,0.0,0.0,0.0004,0.871576,132.088,74423.2,74423.2,6508416.0,63980332646400.0,383881995878400.0
E48,13.0,2548.0,10436608.0,17884197.584271714,4.69558,5.11892,5.11892,2.7401804057308303,2.9885559316522894,3.9532446824889766,4.3115748220140535,0.423338,5.11892,4.3115748220140535,0.0,0.0,0.0004,0.882153,139.745,74683.5,74683.5,6508416.0,67925786492928.0,407554718957568.0
E48,14.0,2600.0,10649600.0,18249181.208440527,4.67026,5.12435,5.12435,2.7254045169432675,2.9917261040145986,3.931927581010433,4.316148413959921,0.454092,5.11892,4.3115748220140535,0.005429999999999602,0.00457359194586715,0.0004,0.95502,142.577,74693.6,74693.6,6508416.0,69312027033600.0,415872162201600.0
E48,14.0,2744.0,11239424.0,19259905.090754155,4.6113,5.08909,5.08909,2.6909974710145663,2.9711404175514264,3.882288706477457,4.2864495461862075,0.477784,5.08909,4.2864495461862075,0.0,0.0,0.0004,0.937471,149.8,75029.7,75029.7,6508416.0,73150846992384.0,438905081954304.0
E48,15.0,2800.0,11468800.0,19652964.378320567,4.59702,5.08997,5.08997,2.6826641498500168,2.9716541839747843,3.870266265359226,4.28719075445736,0.492954,5.08909,4.2864495461862075,0.000880000000000436,0.0007412082711528711,0.0004,0.92214,152.914,75001.5,75001.5,6508416.0,74643721420800.0,447862328524800.0
E48,15.0,2940.0,12042240.0,20635612.597236596,4.53162,5.06522,5.06522,2.644498939474558,2.95720450331785,3.8152055056160683,4.266344271831173,0.533599,5.06522,4.266344271831173,0.0,0.0,0.0004,0.898741,160.344,75102.6,75102.6,6508416.0,78375907491840.0,470255444951040.0
E48,16.0,3000.0,12288000.0,21056747.548200607,4.52148,5.07617,5.07617,2.6385815811686384,2.9635973923357666,3.8066685621329546,4.275567261114274,0.554694,5.06522,4.266344271831173,0.010950000000000237,0.009222989283101057,0.0004,0.979907,164.031,74912.8,74912.8,6508416.0,79975415808000.0,479852494848000.0
E48,16.0,3136.0,12845056.0,22011320.103719033,4.44606,5.04734,5.04734,2.594569040396206,2.9467657037159922,3.743171887823643,4.251284267412738,0.60128,5.04734,4.251284267412738,0.0,0.0,0.0004,0.923695,171.883,74731.6,74731.6,6508416.0,83600967991296.0,501605807947776.0
E48,17.0,3200.0,13107200.0,22460530.718080647,4.43548,5.05604,5.05604,2.588394913090818,2.95184498540146,3.7342645049783427,4.258612121911641,0.620556,5.04734,4.251284267412738,0.008700000000000152,0.0073278544989028305,0.0004,1.01315,175.813,74552.0,74552.0,6508416.0,85307110195200.0,511842661171200.0
E48,17.0,3332.0,13647872.0,23387027.610201474,4.37136,5.03702,5.03702,2.550976667077448,2.9407406247511614,3.68028138701609,4.2425919158692125,0.665665,5.03702,4.2425919158692125,0.0,0.0,0.0004,0.991555,183.536,74360.6,74360.6,6508416.0,88826028490752.0,532956170944512.0
E48,18.0,3400.0,13926400.0,23864313.887960687,4.37504,5.05083,5.05083,2.5531241896184524,2.9488032546449903,3.683379607136195,4.254223832033563,0.675794,5.03702,4.2425919158692125,0.013810000000000322,0.011631916164350109,0.0004,1.05333,187.606,74232.3,74232.3,6508416.0,90638804582400.0,543832827494400.0
E48,18.0,3528.0,14450688.0,24762735.11668391,4.31125,5.02429,5.02429,2.5158985203546833,2.9333085263769076,3.6296743186955824,4.231869664401278,0.713044,5.02429,4.231869664401278,0.0,0.0,0.0004,1.1275,194.732,74208.2,74208.2,6508416.0,94051088990208.0,564306533941248.0
E48,19.0,3600.0,14745600.0,25268097.057840727,4.28703,5.03288,5.03288,2.50176455406579,2.9383235872594557,3.609283315622504,4.239104867866287,0.745852,5.02429,4.231869664401278,0.008589999999999876,0.007235203465008944,0.0004,1.05375,199.089,74065.3,74065.3,6508416.0,95970498969600.0,575822993817600.0
E48,19.0,3724.0,15253504.0,26138442.623166353,4.2309,5.02075,5.02075,2.469008999656394,2.931241784173855,3.5620270397145,4.228887985674138,0.789849,5.02075,4.228887985674138,0.0,0.0,0.0004,1.04873,206.539,73853.0,73853.0,6508416.0,99276149489664.0,595656896937984.0
E48,20.0,3800.0,15564800.0,26671880.227720767,4.20268,5.03539,5.03539,2.4525407697359745,2.939788989216987,3.5382684060760914,4.241218996003326,0.832708,5.02075,4.228887985674138,0.014639999999999986,0.01233101032918782,0.0004,1.13866,211.058,73746.5,73746.5,6508416.0,101302193356800.0,607813160140800.0
E48,20.0,3920.0,16056320.0,27514150.129648793,4.15652,5.01829,5.01829,2.4256033674281583,2.9298055734903787,3.499405949352174,4.226815971643415,0.861776,5.01829,4.226815971643415,0.0,0.0,0.0004,1.09356,217.929,73676.8,73676.8,6508416.0,104501209989120.0,627007259934720.0
E49,0.0,0.0,0.0,0.0,8.04607,8.04697,8.04697,4.695412144429158,4.698026131552754,6.7740478156977595,6.777819001957919,0.000899601,8.04697,6.777819001957919,0.0,0.0,0.0004,,0.0,0.0,0.0,4731264.0,0.0,0.0
E49,1.0,196.0,802816.0,1375707.5064824396,7.24657,7.24928,7.24928,4.228851201077793,4.232314383543464,6.100942656452269,6.105938972621186,0.00270989,7.24928,6.105938972621186,0.0,0.0,0.0004,0.378536,6.99964,114694.0,114694.0,4731264.0,3798334439424.0,22790006636544.0
E49,2.0,200.0,819200.0,1403783.1698800405,7.2318,7.22671,7.22671,4.220231932618381,4.219137442435302,6.088507680589784,6.086928665030354,-0.00508897,7.22671,6.086928665030354,0.0,0.0,0.0004,0.408645,7.46391,109755.0,109755.0,4731264.0,3875851468800.0,23255108812800.0
E49,2.0,392.0,1605632.0,2751415.012964879,6.02822,6.06202,6.06202,3.5178636772102077,3.539161742866623,5.07520448163458,5.105931095337618,0.0338008,6.06202,5.105931095337618,0.0,0.0,0.0004,0.624142,14.6804,109372.0,109372.0,4731264.0,7596668878848.0,45580013273088.0
E49,3.0,400.0,1638400.0,2807566.339760081,6.00287,6.03824,6.03824,3.503070281445408,3.5252783729263437,5.0538621229267955,5.08590162637395,0.0353693,6.03824,5.08590162637395,0.0,0.0,0.0004,0.596617,15.2263,107603.0,107603.0,4731264.0,7751702937600.0,46510217625600.0
E49,3.0,588.0,2408448.0,4127122.5194473187,5.65708,5.72563,5.72563,3.3012790261590186,3.342768689283344,4.762738879630363,4.822595810867981,0.068546,5.72563,4.822595810867981,0.0,0.0,0.0004,0.647811,21.5678,111669.0,111669.0,4731264.0,11395003318272.0,68370019909632.0
E49,4.0,600.0,2457600.0,4211349.509640121,5.61894,5.71567,5.71567,3.2790218224324135,3.3369537874917055,4.730628522189934,4.814206680889927,0.0967247,5.71567,4.814206680889927,0.0,0.0,0.0004,0.70747,22.209,110658.0,110658.0,4731264.0,11627554406400.0,69765326438400.0
E49,4.0,784.0,3211264.0,5502830.025929758,5.47579,5.56548,5.56548,3.195484362719158,3.2492690384870606,4.610109443333159,4.687704328339333,0.0896879,5.56548,4.687704328339333,0.0,0.0,0.0004,0.697083,28.2482,113680.0,113680.0,4731264.0,15193337757696.0,91160026546176.0
E49,5.0,800.0,3276800.0,5615132.679520162,5.45453,5.56257,5.56257,3.1830777515175943,3.247570106337094,4.592210486878425,4.685253287351769,0.108043,5.56257,4.685253287351769,0.0,0.0,0.0004,0.707167,28.9968,113006.0,113006.0,4731264.0,15503405875200.0,93020435251200.0
E49,5.0,980.0,4014080.0,6878537.532412198,5.33497,5.47334,5.47334,3.1133066115712666,3.1954753586595888,4.491552009280689,4.610096453221071,0.138368,5.47334,4.610096453221071,0.0,0.0,0.0004,0.732585,34.8887,115054.0,115054.0,4731264.0,18991672197120.0,113950033182720.0
E49,6.0,1000.0,4096000.0,7018915.849400202,5.33336,5.46853,5.46853,3.112367070459577,3.1926671580955546,4.490196537978143,4.606045076193517,0.135175,5.46853,4.606045076193517,0.0,0.0,0.0004,0.781317,35.9016,114090.0,114090.0,4731264.0,19379257344000.0,116275544064000.0
E49,6.0,1176.0,4816896.0,8254245.0388946375,5.2195,5.41091,5.41091,3.0459222561881747,3.159027133875249,4.394336933936002,4.5575127800754975,0.191412,5.41091,4.5575127800754975,0.0,0.0,0.0004,0.709633,41.8639,115061.0,115061.0,4731264.0,22790006636544.0,136740039819264.0
E49,7.0,1200.0,4915200.0,8422699.019280242,5.23449,5.40931,5.40931,3.05466990914732,3.1580930131055074,4.406957129479579,4.5561651286734,0.174822,5.40931,4.5561651286734,0.0,0.0,0.0004,0.739334,42.8814,114623.0,114623.0,4731264.0,23255108812800.0,139530652876800.0
E49,7.0,1372.0,5619712.0,9629952.545377078,5.15575,5.35887,5.35887,3.008719929560721,3.1286448558394158,4.340665321801044,4.513680418222291,0.203119,5.35887,4.513680418222291,0.0,0.0,0.0004,0.753814,48.5718,115699.0,115699.0,4731264.0,26588341075968.0,159530046455808.0
E49,8.0,1400.0,5734400.0,9826482.189160284,5.13663,5.35838,5.35838,2.997562149402024,3.128358781353683,4.3245680476987625,4.5132676999804,0.221749,5.35838,4.5132676999804,0.0,0.0,0.0004,0.762346,49.8217,115098.0,115098.0,4731264.0,27130960281600.0,162785761689600.0
E49,8.0,1568.0,6422528.0,11005660.051859517,5.05904,5.31059,5.31059,2.952283270609488,3.1004577616124753,4.259244433807758,4.473015037164014,0.251547,5.31059,4.473015037164014,0.0,0.0,0.0004,0.83642,55.3705,115992.0,115992.0,4731264.0,30386675515392.0,182320053092352.0
E49,9.0,1600.0,6553600.0,11230265.359040324,5.05765,5.31103,5.31103,2.9514721139975326,3.100714644824154,4.258074182186306,4.473385641299591,0.253384,5.31059,4.473015037164014,0.0004399999999993298,0.00037060413557643557,0.0004,0.838232,56.6158,115756.0,115756.0,4731264.0,31006811750400.0,186040870502400.0
E49,9.0,1764.0,7225344.0,12381367.558341956,4.9815,5.26279,5.26279,2.907033570112346,3.0725509036164564,4.193962915298821,4.432753951526365,0.281295,5.26279,4.432753951526365,0.0,0.0,0.0004,0.871794,62.062,116421.0,116421.0,4731264.0,34185009954816.0,205110059728896.0
E49,10.0,1800.0,7372800.0,12634048.528920364,4.96492,5.26104,5.26104,2.897358047359669,3.0715292090245523,4.180004086605525,4.431279957805322,0.296126,5.26104,4.431279957805322,0.0,0.0,0.0004,0.895897,63.53,116052.0,116052.0,4731264.0,34882663219200.0,209295979315200.0
E49,10.0,1960.0,8028160.0,13757075.064824397,4.89502,5.2179,5.2179,2.856566790398743,3.046342977770405,4.121154742476369,4.394943906876281,0.322885,5.2179,4.394943906876281,0.0,0.0,0.0004,0.918181,70.1997,114362.0,114362.0,4731264.0,37983344394240.0,227900066365440.0
E49,11.0,2000.0,8192000.0,14037831.698800404,4.88525,5.22276,5.22276,2.8508653514787397,3.049180369608494,4.1129293048205495,4.399037398010151,0.337509,5.2179,4.394943906876281,0.004859999999999864,0.004093491133869698,0.0004,0.911024,72.1584,113528.0,113528.0,4731264.0,38758514688000.0,232551088128000.0
E49,11.0,2156.0,8830976.0,15132782.571306836,4.81395,5.17966,5.17966,2.809257102246779,3.02401749137359,4.052901289993528,4.3627350383661625,0.365709,5.17966,4.3627350383661625,0.0,0.0,0.0004,0.952339,78.4924,112507.0,112507.0,4731264.0,41781678833664.0,250690073001984.0
E49,12.0,2200.0,9011200.0,15441614.868680445,4.79526,5.17613,5.17613,2.7983502554284714,3.0219565874253482,4.03716603617702,4.359761782460286,0.380865,5.17613,4.359761782460286,0.0,0.0,0.0004,0.981249,80.4567,112001.0,112001.0,4731264.0,42634366156800.0,255806196940800.0
E49,12.0,2352.0,9633792.0,16508490.077789275,4.72459,5.14051,5.14051,2.7571096527184764,3.001160723788985,3.977668423164038,4.3297596931211,0.415919,5.14051,4.3297596931211,0.0,0.0,0.0004,1.00272,86.2718,111668.0,111668.0,4731264.0,45580013273088.0,273480079638528.0
E49,13.0,2400.0,9830400.0,16845398.038560484,4.71764,5.14146,5.14146,2.7530538696586992,3.001715357996019,3.9718171650567764,4.330559861141096,0.423814,5.14051,4.3297596931211,0.0009500000000004505,0.0008001680199960504,0.0004,1.01207,88.2937,111338.0,111338.0,4731264.0,46510217625600.0,279061305753600.0
E49,13.0,2548.0,10436608.0,17884197.584271714,4.65304,5.11046,5.11046,2.7153555120095456,2.9836167680822827,3.9174299314266836,4.304449115225466,0.457417,5.11046,4.304449115225466,0.0,0.0,0.0004,1.04775,93.8839,111165.0,111165.0,4731264.0,49378347712512.0,296270086275072.0
E49,14.0,2600.0,10649600.0,18249181.208440527,4.629,5.10981,5.10981,2.701326587584071,2.9832372815195756,3.8971904717290453,4.303901631843364,0.48081,5.10981,4.303901631843364,0.0,0.0,0.0004,1.06452,96.1206,110794.0,110794.0,4731264.0,50386069094400.0,302316414566400.0
E49,14.0,2744.0,11239424.0,19259905.090754155,4.58311,5.07715,5.07715,2.674546748071383,2.964169541307233,3.858555330068288,4.276392697598058,0.494047,5.07715,4.276392697598058,0.0,0.0,0.0004,1.02053,101.874,110327.0,110327.0,4731264.0,53176682151936.0,319060092911616.0
E49,15.0,2800.0,11468800.0,19652964.378320567,4.55353,5.08118,5.08118,2.657284868516245,2.9665223579960185,3.8336517020376677,4.27978709456709,0.527652,5.07715,4.276392697598058,0.0040300000000002,0.0033943969690319875,0.0004,1.09283,104.23,110034.0,110034.0,4731264.0,54261920563200.0,325571523379200.0
E49,15.0,2940.0,12042240.0,20635612.597236596,4.51901,5.0533,5.0533,2.637140173376171,2.9502453035832783,3.804589050258863,4.25630426888555,0.534284,5.0533,4.25630426888555,0.0,0.0,0.0004,1.0711,109.836,109638.0,109638.0,4731264.0,56975016591360.0,341850099548160.0
E49,16.0,3000.0,12288000.0,21056747.548200607,4.47808,5.06293,5.06293,2.6132548207665756,2.955867542966158,3.7701297704991155,4.264415445761921,0.58485,5.0533,4.25630426888555,0.009629999999999583,0.008111176876370862,0.0004,1.19332,112.285,109436.0,109436.0,4731264.0,58137772032000.0,348826632192000.0
E49,16.0,3136.0,12845056.0,22011320.103719033,4.43665,5.03277,5.03277,2.5890776852030397,2.938259366456536,3.7352495369187024,4.239012216832393,0.596117,5.03277,4.239012216832393,0.0,0.0,0.0004,1.13356,117.597,109230.0,109230.0,4731264.0,60773351030784.0,364640106184704.0
E49,17.0,3200.0,13107200.0,22460530.718080647,4.40227,5.0429,5.0429,2.5690146892900687,2.9441735185799605,3.7063047522096833,4.24754453477192,0.640634,5.03277,4.239012216832393,0.010130000000000194,0.008532317939526912,0.0004,1.19245,120.107,109129.0,109129.0,4731264.0,62013623500800.0,372081741004800.0
E49,17.0,3332.0,13647872.0,23387027.610201474,4.37687,5.0236,5.0236,2.554192115229876,2.932905686794957,3.6849202981198337,4.231288489734124,0.646732,5.0236,4.231288489734124,0.0,0.0,0.0004,1.20437,125.204,109005.0,109005.0,4731264.0,64571685470208.0,387430112821248.0
E49,18.0,3400.0,13926400.0,23864313.887960687,4.33734,5.03185,5.03185,2.531123754891315,2.9377222470139355,3.6516396890579523,4.238237317276187,0.694509,5.0236,4.231288489734124,0.008250000000000313,0.006948827542063718,0.0004,1.19222,127.997,108803.0,108803.0,4731264.0,65889474969600.0,395336849817600.0
E49,18.0,3528.0,14450688.0,24762735.11668391,4.30736,5.01397,5.01397,2.5136284489730234,2.927283447412077,3.626399297970798,4.223177312857752,0.706611,5.01397,4.223177312857752,0.0,0.0,0.0004,1.18011,132.805,108811.0,108811.0,4731264.0,68370019909632.0,410220119457792.0
E49,19.0,3600.0,14745600.0,25268097.057840727,4.25488,5.02601,5.02601,2.4830029101273956,2.9343127062043797,3.5822159849536583,4.233318389658533,0.771131,5.01397,4.223177312857752,0.012040000000000717,0.010141076800780802,0.0004,1.21465,135.651,108703.0,108703.0,4731264.0,69765326438400.0,418591958630400.0
E49,19.0,3724.0,15253504.0,26138442.623166353,4.23893,5.00638,5.00638,2.4736950338966834,2.9228522120106173,3.5687875580744017,4.216784391519055,0.767455,5.00638,4.216784391519055,0.0,0.0,0.0004,1.22304,140.21,108790.0,108790.0,4731264.0,72168354349056.0,433010126094336.0
E49,20.0,3800.0,15564800.0,26671880.227720767,4.21738,5.01761,5.01761,2.4611191885818346,2.9294085721632386,3.5506444484036823,4.2262432197975235,0.800231,5.00638,4.216784391519055,0.011230000000000295,0.009458828278468445,0.0004,1.35278,143.113,108759.0,108759.0,4731264.0,73641177907200.0,441847067443200.0
E49,20.0,3920.0,16056320.0,27514150.129648793,4.17547,5.00007,5.00007,2.436661941382515,2.91916827322495,3.5153600991554286,4.211469591302034,0.8246,5.00007,4.211469591302034,0.0,0.0,0.0004,1.31169,147.398,108931.0,108931.0,4731264.0,75966688788480.0,455800132730880.0
E50,0.0,0.0,0.0,0.0,8.0425,8.04429,8.04429,4.69332881413802,4.696461479263437,6.771042205418201,6.775561685859406,0.00179416,8.04429,6.775561685859406,0.0,0.0,0.0004,,0.0,0.0,0.0,4731264.0,0.0,0.0
E50,1.0,196.0,802816.0,1375707.5064824396,6.73134,6.75005,6.75005,3.9281805383599404,3.9408511886197743,5.6671665824084245,5.685446466703126,0.018709,6.75005,5.685446466703126,0.0,0.0,0.0004,0.551778,7.00012,114686.0,114686.0,4731264.0,3798334439424.0,22790006636544.0
E50,2.0,200.0,819200.0,1403783.1698800405,6.69575,6.70464,6.70464,3.9074114276984333,3.914339673523557,5.637203089453394,5.647198435347359,0.00888561,6.70464,5.647198435347359,0.0,0.0,0.0004,0.545803,7.33178,111733.0,111733.0,4731264.0,3875851468800.0,23255108812800.0
E50,2.0,392.0,1605632.0,2751415.012964879,5.7785,5.82996,5.82996,3.3721355986940065,3.403679201725282,4.864963305440979,4.91047110510597,0.0514633,5.82996,4.91047110510597,0.0,0.0,0.0004,0.614276,13.398,119841.0,119841.0,4731264.0,7596668878848.0,45580013273088.0
E50,3.0,400.0,1638400.0,2807566.339760081,5.7557,5.8119,5.8119,3.3588302959943053,3.393135313536828,4.845767811218593,4.8952594899048,0.0562053,5.8119,4.8952594899048,0.0,0.0,0.0004,0.566777,13.863,118185.0,118185.0,4731264.0,7751702937600.0,46510217625600.0
E50,3.0,588.0,2408448.0,4127122.5194473187,5.47529,5.57376,5.57376,3.195192579765217,3.2541031134704714,4.609688489512493,4.694678424345185,0.0984704,5.57376,4.694678424345185,0.0,0.0,0.0004,0.642198,19.8591,121277.0,121277.0,4731264.0,11395003318272.0,68370019909632.0
E50,4.0,600.0,2457600.0,4211349.509640121,5.43731,5.56459,5.56459,3.173028746583873,3.248749433808892,4.577712837294677,4.686954697246916,0.127276,5.56459,4.686954697246916,0.0,0.0,0.0004,0.637363,20.4388,120242.0,120242.0,4731264.0,11627554406400.0,69765326438400.0
E50,4.0,784.0,3211264.0,5502830.025929758,5.32297,5.45411,5.45411,3.106303820676687,3.1842483946582614,4.481449117584696,4.593899367932116,0.131141,5.45411,4.593899367932116,0.0,0.0,0.0004,0.669062,26.5797,120817.0,120817.0,4731264.0,15193337757696.0,91160026546176.0
E50,5.0,800.0,3276800.0,5615132.679520162,5.30366,5.45369,5.45369,3.095035162995493,3.1840031879562045,4.465191881030562,4.593545609439066,0.150032,5.45369,4.593545609439066,0.0,0.0,0.0004,0.64666,27.3288,119903.0,119903.0,4731264.0,15503405875200.0,93020435251200.0
E50,5.0,980.0,4014080.0,6878537.532412198,5.19247,5.38308,5.38308,3.0301484696981342,3.1427792707365625,4.3715801703907795,4.534072068500271,0.190605,5.38308,4.534072068500271,0.0,0.0,0.0004,0.702383,33.2947,120562.0,120562.0,4731264.0,18991672197120.0,113950033182720.0
E50,6.0,1000.0,4096000.0,7018915.849400202,5.1913,5.38039,5.38039,3.0294656975859127,3.1412087801924353,4.370595138450421,4.531806329580497,0.189089,5.38039,4.531806329580497,0.0,0.0,0.0004,0.738921,34.1457,119957.0,119957.0,4731264.0,19379257344000.0,116275544064000.0
E50,6.0,1176.0,4816896.0,8254245.0388946375,5.08215,5.33456,5.33456,2.965769478740633,3.1144520583941606,4.278700919398957,4.49320453973168,0.25241,5.33456,4.49320453973168,0.0,0.0,0.0004,0.703589,39.6779,121400.0,121400.0,4731264.0,22790006636544.0,136740039819264.0
E50,7.0,1200.0,4915200.0,8422699.019280242,5.09249,5.33493,5.33493,2.9718035502281284,3.1146680738221635,4.287406244410336,4.493516184118415,0.242437,5.33456,4.49320453973168,0.0003700000000002035,0.0003116443867350327,0.0004,0.772002,40.6694,120857.0,120857.0,4731264.0,23255108812800.0,139530652876800.0
E50,7.0,1372.0,5619712.0,9629952.545377078,5.01206,5.28967,5.28967,2.924867344257209,3.088244132548109,4.219691612817948,4.455394495081595,0.277613,5.28967,4.455394495081595,0.0,0.0,0.0004,0.812156,46.4595,120959.0,120959.0,4731264.0,26588341075968.0,159530046455808.0
E50,8.0,1400.0,5734400.0,9826482.189160284,4.99065,5.28907,5.28907,2.912373198169463,3.0878938372594558,4.201666370217015,4.454889125805809,0.298421,5.28907,4.454889125805809,0.0,0.0,0.0004,0.792758,47.5417,120618.0,120618.0,4731264.0,27130960281600.0,162785761689600.0
E50,8.0,1568.0,6422528.0,11005660.051859517,4.90774,5.24486,5.24486,2.8639897487469974,3.0620829127405442,4.131863807674121,4.4176518330016155,0.337124,5.24486,4.4176518330016155,0.0,0.0,0.0004,0.854859,53.0322,121106.0,121106.0,4731264.0,30386675515392.0,182320053092352.0
E50,9.0,1600.0,6553600.0,11230265.359040324,4.89981,5.24433,5.24433,2.8593620710974963,3.0617734852355674,4.1251874800783535,4.417205423474671,0.344521,5.24433,4.417205423474671,0.0,0.0,0.0004,0.872663,54.2973,120698.0,120698.0,4731264.0,31006811750400.0,186040870502400.0
E50,9.0,1764.0,7225344.0,12381367.558341956,4.81844,5.19737,5.19737,2.8118773131731674,3.034357040643663,4.056681455303111,4.377651854823124,0.378931,5.19737,4.377651854823124,0.0,0.0,0.0004,0.943594,59.8759,120672.0,120672.0,4731264.0,34185009954816.0,205110059728896.0
E50,10.0,1800.0,7372800.0,12634048.528920364,4.803,5.20313,5.20313,2.8028670555554753,3.0377198754147314,4.043682401320935,4.382503399870673,0.40013,5.19737,4.377651854823124,0.005759999999999543,0.004851545047549699,0.0004,0.951249,61.2644,120344.0,120344.0,4731264.0,34882663219200.0,209295979315200.0
E50,10.0,1960.0,8028160.0,13757075.064824397,4.71788,5.15445,5.15445,2.753193925476591,3.009299250995355,3.972019222890696,4.341501105961871,0.436568,5.15445,4.341501105961871,0.0,0.0,0.0004,0.919255,66.6546,120444.0,120444.0,4731264.0,37983344394240.0,227900066365440.0
E50,11.0,2000.0,8192000.0,14037831.698800404,4.70934,5.15933,5.15933,2.7482102726232815,3.0121483193430656,3.9648293316337146,4.345611442738266,0.449994,5.15445,4.341501105961871,0.0048799999999999955,0.004110336776395052,0.0004,0.991772,68.066,120354.0,120354.0,4731264.0,38758514688000.0,232551088128000.0
E50,11.0,2156.0,8830976.0,15132782.571306836,4.63138,5.12651,5.12651,2.7027154744448296,2.992987167053749,3.8991942119154177,4.317967743352751,0.495129,5.12651,4.317967743352751,0.0,0.0,0.0004,1.00556,73.2665,120532.0,120532.0,4731264.0,41781678833664.0,250690073001984.0
E50,12.0,2200.0,9011200.0,15441614.868680445,4.6105,5.12792,5.12792,2.6905306182882613,2.9938103609820836,3.8816151803643915,4.31915536115085,0.517426,5.12651,4.317967743352751,0.0014099999999999113,0.001187617798098728,0.0004,1.0673,74.9475,120233.0,120233.0,4731264.0,42634366156800.0,255806196940800.0
E50,12.0,2352.0,9633792.0,16508490.077789275,4.54576,5.1011,5.1011,2.652750561412004,2.9781521615792967,3.827110079664512,4.2965653545231985,0.555342,5.1011,4.2965653545231985,0.0,0.0,0.0004,1.09637,81.2334,118594.0,118594.0,4731264.0,45580013273088.0,273480079638528.0
E50,13.0,2400.0,9830400.0,16845398.038560484,4.54195,5.10871,5.10871,2.6505271753029755,2.9825950734903786,3.823902411551035,4.3029751215044225,0.566762,5.1011,4.2965653545231985,0.007610000000000561,0.006409766981223974,0.0004,1.11834,83.1863,118173.0,118173.0,4731264.0,46510217625600.0,279061305753600.0
E50,13.0,2548.0,10436608.0,17884197.584271714,4.47414,5.08476,5.08476,2.610955571089522,2.9686124532183147,3.766812654392265,4.282802464579283,0.61061,5.08476,4.282802464579283,0.0,0.0,0.0004,1.13117,88.3626,118111.0,118111.0,4731264.0,49378347712512.0,296270086275072.0
E50,14.0,2600.0,10649600.0,18249181.208440527,4.4493,5.09449,5.09449,2.596459793937742,2.9742930751493035,3.7458996685815604,4.290997869668285,0.645191,5.08476,4.282802464579283,0.009730000000000238,0.008195405089002072,0.0004,1.15282,90.3202,117909.0,117909.0,4731264.0,50386069094400.0,302316414566400.0
E50,14.0,2744.0,11239424.0,19259905.090754155,4.39864,5.07088,5.07088,2.566896345044459,2.9605089555408095,3.7032486274716465,4.27111158866609,0.672247,5.07088,4.27111158866609,0.0,0.0,0.0004,1.14435,95.4272,117780.0,117780.0,4731264.0,53176682151936.0,319060092911616.0
E50,15.0,2800.0,11468800.0,19652964.378320567,4.35661,5.07793,5.07793,2.5423690699361936,2.964624925182482,3.667863249306433,4.2770496776565805,0.721325,5.07088,4.27111158866609,0.007050000000000445,0.005938088990490087,0.0004,1.23673,97.5279,117595.0,117595.0,4731264.0,54261920563200.0,325571523379200.0
E50,15.0,2940.0,12042240.0,20635612.597236596,4.32983,5.05537,5.05537,2.526741174923124,2.951453822329131,3.6453169626715436,4.258047792887013,0.725542,5.05537,4.258047792887013,0.0,0.0,0.0004,1.19961,102.27,117749.0,117749.0,4731264.0,56975016591360.0,341850099548160.0
E50,16.0,3000.0,12288000.0,21056747.548200607,4.28866,5.07325,5.07325,2.502715766495637,2.9618926219309887,3.6106556250778765,4.273107797305447,0.784592,5.05537,4.258047792887013,0.017879999999999896,0.015060004418433692,0.0004,1.27801,104.467,117625.0,117625.0,4731264.0,58137772032000.0,348826632192000.0
E50,16.0,3136.0,12845056.0,22011320.103719033,4.25229,5.04861,5.04861,2.481491474425982,2.9475071620769744,3.5800354441626068,4.252353965713153,0.796317,5.04861,4.252353965713153,0.0,0.0,0.0004,1.24547,109.461,117349.0,117349.0,4731264.0,60773351030784.0,364640106184704.0
E50,17.0,3200.0,13107200.0,22460530.718080647,4.21897,5.06592,5.06592,2.462047058375366,2.957613181154612,3.551983081553401,4.26693386931959,0.846954,5.04861,4.252353965713153,0.01731000000000016,0.014579903606437128,0.0004,1.40545,111.915,117118.0,117118.0,4731264.0,62013623500800.0,372081741004800.0
E50,17.0,3332.0,13647872.0,23387027.610201474,4.19347,5.04866,5.04866,2.447166127724384,2.9475363533510284,3.530514436699417,4.252396079819468,0.85519,5.04861,4.252353965713153,4.999999999988347e-05,4.211410631516088e-05,0.0004,1.30322,116.561,117088.0,117088.0,4731264.0,64571685470208.0,387430112821248.0
E50,18.0,3400.0,13926400.0,23864313.887960687,4.153,5.06871,5.06871,2.4235492154324145,2.9592420542468485,3.4964424344546825,4.269283836451997,0.915706,5.04861,4.252353965713153,0.02010000000000023,0.01692987073884389,0.0004,1.41642,119.128,116903.0,116903.0,4731264.0,65889474969600.0,395336849817600.0
E50,18.0,3528.0,14450688.0,24762735.11668391,4.13404,5.05035,5.05035,2.412484805818979,2.948523018414068,3.480479865575015,4.253819536612934,0.916308,5.04861,4.252353965713153,0.0017399999999998528,0.0014655708997803885,0.0004,1.4684,123.491,117018.0,117018.0,4731264.0,68370019909632.0,410220119457792.0
E50,19.0,3600.0,14745600.0,25268097.057840727,4.07661,5.07007,5.07007,2.3789706157293367,2.9600360569011284,3.432129109733278,4.27042934014378,0.99346,5.04861,4.252353965713153,0.021460000000000257,0.018075374430626567,0.0004,1.43787,125.773,117240.0,117240.0,4731264.0,69765326438400.0,418591958630400.0
E50,19.0,3724.0,15253504.0,26138442.623166353,4.06452,5.05258,5.05258,2.371915303903048,2.9498249492368944,3.421950446349566,4.255697825754606,0.988063,5.04861,4.252353965713153,0.003969999999999807,0.0033438600414523734,0.0004,1.38324,130.207,117148.0,117148.0,4731264.0,72168354349056.0,433010126094336.0
E50,20.0,3800.0,15564800.0,26671880.227720767,4.04391,5.07629,5.07629,2.359888010541608,2.9636674513934973,3.4045987298616995,4.275668334969431,1.03238,5.04861,4.252353965713153,0.02768000000000015,0.023314369256278056,0.0004,1.49422,133.176,116874.0,116874.0,4731264.0,73641177907200.0,441847067443200.0
E50,20.0,3920.0,16056320.0,27514150.129648793,3.99895,5.05591,5.05591,2.3336508873232495,2.9517690880889185,3.3667465623073816,4.258502625235221,1.05696,5.04861,4.252353965713153,0.007299999999999862,0.006148659522067668,0.0004,1.4294,137.541,116739.0,116739.0,4731264.0,75966688788480.0,455800132730880.0
E51,0.0,0.0,0.0,0.0,8.04744,8.04807,8.04807,4.6962116297229555,4.698668339581951,6.775201229166385,6.77874551229686,0.000631358,8.04807,6.77874551229686,0.0,0.0,0.0004,,0.0,0.0,0.0,4731264.0,0.0,0.0
E51,1.0,196.0,802816.0,1375707.5064824396,6.93652,6.94347,6.94347,4.047916591339093,4.053774713171864,5.839909192257067,5.848360675574129,0.00695731,6.94347,5.848360675574129,0.0,0.0,0.0004,0.379297,7.14269,112397.0,112397.0,4731264.0,3798334439424.0,22790006636544.0
E51,2.0,200.0,819200.0,1403783.1698800405,6.91282,6.91167,6.91167,4.034086079322298,4.035209062873259,5.819955981157482,5.821576103957452,-0.00114632,6.91167,5.821576103957452,0.0,0.0,0.0004,0.477166,7.46946,109673.0,109673.0,4731264.0,3875851468800.0,23255108812800.0
E51,2.0,392.0,1605632.0,2751415.012964879,6.04093,6.07204,6.07204,3.525280799899383,3.545011674187127,5.085905127755918,5.11437076224325,0.0311103,6.07204,5.11437076224325,0.0,0.0,0.0004,0.553821,13.291,120806.0,120806.0,4731264.0,7596668878848.0,45580013273088.0
E51,3.0,400.0,1638400.0,2807566.339760081,6.01573,6.05131,6.05131,3.5105749390207657,3.5329089719641673,5.064689055194334,5.09691025376483,0.0355824,6.05131,5.09691025376483,0.0,0.0,0.0004,0.544509,13.7715,118970.0,118970.0,4731264.0,7751702937600.0,46510217625600.0
E51,3.0,588.0,2408448.0,4127122.5194473187,5.68123,5.7501,5.7501,3.3153721428343603,3.3570548988055737,4.783070949168548,4.8432064544988025,0.0688722,5.7501,4.8432064544988025,0.0,0.0,0.0004,0.593855,20.0672,120019.0,120019.0,4731264.0,11395003318272.0,68370019909632.0
E51,4.0,600.0,2457600.0,4211349.509640121,5.64415,5.73958,5.73958,3.293733518970109,3.3509130547445256,4.751853013827931,4.834345646530015,0.0954239,5.73958,4.834345646530015,0.0,0.0,0.0004,0.649077,20.6001,119300.0,119300.0,4731264.0,11627554406400.0,69765326438400.0
E51,4.0,784.0,3211264.0,5502830.025929758,5.5054,5.5906,5.5906,3.212763749251533,3.263934734571998,4.63503832859302,4.708862455352256,0.0851964,5.5906,4.708862455352256,0.0,0.0,0.0004,0.676843,26.1586,122761.0,122761.0,4731264.0,15193337757696.0,91160026546176.0
E51,5.0,800.0,3276800.0,5615132.679520162,5.48422,5.59133,5.59133,3.2004038233226,3.264360927173192,4.617206724749593,4.709477321304463,0.10711,5.5906,4.708862455352256,0.0007299999999998974,0.0006148659522065003,0.0004,0.672456,26.8328,122119.0,122119.0,4731264.0,15503405875200.0,93020435251200.0
E51,5.0,980.0,4014080.0,6878537.532412198,5.36992,5.50355,5.50355,3.1337022400517296,3.213112726443265,4.5209766813452665,4.6355417962569145,0.133634,5.50355,4.6355417962569145,0.0,0.0,0.0004,0.704147,32.1588,124820.0,124820.0,4731264.0,18991672197120.0,113950033182720.0
E51,6.0,1000.0,4096000.0,7018915.849400202,5.37018,5.50077,5.50077,3.133853967187779,3.2114896916058395,4.521195577332013,4.633200251945771,0.130588,5.50077,4.633200251945771,0.0,0.0,0.0004,0.721555,33.0408,123968.0,123968.0,4731264.0,19379257344000.0,116275544064000.0
E51,6.0,1176.0,4816896.0,8254245.0388946375,5.2626,5.44507,5.44507,3.071073946817873,3.178970612309224,4.430623153277442,4.586285137510269,0.182468,5.44507,4.586285137510269,0.0,0.0,0.0004,0.670396,39.0828,123248.0,123248.0,4731264.0,22790006636544.0,136740039819264.0
E51,7.0,1200.0,4915200.0,8422699.019280242,5.28105,5.447,5.447,3.081840737818289,3.1800973954877243,4.446156349260029,4.587910742014048,0.165954,5.44507,4.586285137510269,0.0019299999999997652,0.0016256045037792433,0.0004,0.724611,40.1267,122492.0,122492.0,4731264.0,23255108812800.0,139530652876800.0
E51,7.0,1372.0,5619712.0,9629952.545377078,5.20714,5.39978,5.39978,3.0387093815667576,3.1525291562707367,4.38393095548913,4.54813818000966,0.192644,5.39978,4.54813818000966,0.0,0.0,0.0004,0.716519,46.0524,122029.0,122029.0,4731264.0,26588341075968.0,159530046455808.0
E51,8.0,1400.0,5734400.0,9826482.189160284,5.19297,5.3992,5.3992,3.030440252652075,3.152190537491706,4.372001124211446,4.5476496563764,0.206229,5.3992,4.5476496563764,0.0,0.0,0.0004,0.736559,47.0839,121791.0,121791.0,4731264.0,27130960281600.0,162785761689600.0
E51,8.0,1568.0,6422528.0,11005660.051859517,5.12493,5.36317,5.36317,2.9907344282798087,3.131155305408096,4.314717728295169,4.517302231365428,0.238245,5.36317,4.517302231365428,0.0,0.0,0.0004,0.783019,52.5495,122219.0,122219.0,4731264.0,30386675515392.0,182320053092352.0
E51,9.0,1600.0,6553600.0,11230265.359040324,5.12871,5.36439,5.36439,2.9929403074116014,3.1318675724950236,4.317900139179407,4.518329815559527,0.23568,5.36317,4.517302231365428,0.0012199999999999989,0.001027584194098985,0.0004,0.809201,53.8704,121655.0,121655.0,4731264.0,31006811750400.0,186040870502400.0
E51,9.0,1764.0,7225344.0,12381367.558341956,5.06488,5.32501,5.32501,2.9556912955115164,3.1088765250497676,4.2641611744331405,4.485160745425413,0.260136,5.32501,4.485160745425413,0.0,0.0,0.0004,0.834009,59.0031,122457.0,122457.0,4731264.0,34185009954816.0,205110059728896.0
E51,10.0,1800.0,7372800.0,12634048.528920364,5.05416,5.32558,5.32558,2.949435468979026,3.1092093055739882,4.255135924518055,4.485640846237411,0.271414,5.32501,4.485160745425413,0.0005700000000006256,0.0004801008119974526,0.0004,0.822694,60.3706,122126.0,122126.0,4731264.0,34882663219200.0,209295979315200.0
E51,10.0,1960.0,8028160.0,13757075.064824397,4.9957,5.28797,5.28797,2.9153202060042656,3.0872516292302588,4.2059180038057455,4.4539626154668674,0.292261,5.28797,4.4539626154668674,0.0,0.0,0.0004,0.843948,65.6825,122227.0,122227.0,4731264.0,37983344394240.0,227900066365440.0
E51,11.0,2000.0,8192000.0,14037831.698800404,4.9892,5.29412,5.29412,2.911527027603035,3.090842155938952,4.200445604137083,4.459142650543678,0.304917,5.28797,4.4539626154668674,0.006150000000000766,0.005180035076810974,0.0004,0.863295,67.2695,121779.0,121779.0,4731264.0,38758514688000.0,232551088128000.0
E51,11.0,2156.0,8830976.0,15132782.571306836,4.93114,5.26203,5.26203,2.8776451909914273,3.0721071962508297,4.151564446481307,4.43211381711037,0.330891,5.26203,4.43211381711037,0.0,0.0,0.0004,0.911153,72.3541,122052.0,122052.0,4731264.0,41781678833664.0,250690073001984.0
E51,12.0,2200.0,9011200.0,15441614.868680445,4.9234,5.26525,5.26525,2.873128390864424,3.0739871142999338,4.145048081337392,4.434825965557089,0.341852,5.26203,4.43211381711037,0.0032199999999997786,0.002712148446719631,0.0004,0.912136,73.8174,122074.0,122074.0,4731264.0,42634366156800.0,255806196940800.0
E51,12.0,2352.0,9633792.0,16508490.077789275,4.86745,5.23745,5.23745,2.8404778783184463,3.05775676592568,4.097943348804827,4.411410522445654,0.369998,5.23745,4.411410522445654,0.0,0.0,0.0004,0.907885,78.3739,122921.0,122921.0,4731264.0,45580013273088.0,273480079638528.0
E51,13.0,2400.0,9830400.0,16845398.038560484,4.86703,5.24369,5.24369,2.840232780637136,3.061399836927671,4.0975897475954675,4.4166663629138325,0.376667,5.23745,4.411410522445654,0.006240000000000023,0.005255840468178619,0.0004,0.951468,79.9995,122881.0,122881.0,4731264.0,46510217625600.0,279061305753600.0
E51,13.0,2548.0,10436608.0,17884197.584271714,4.80881,5.21527,5.21527,2.8062575734802677,3.0448075167551427,4.0485738847170785,4.3927287048840835,0.406461,5.21527,4.3927287048840835,0.0,0.0,0.0004,0.956855,85.1385,122584.0,122584.0,4731264.0,49378347712512.0,296270086275072.0
E51,14.0,2600.0,10649600.0,18249181.208440527,4.79776,5.22153,5.22153,2.7998091701981758,3.048462264266755,4.039270805280352,4.398001390994788,0.423775,5.21527,4.3927287048840835,0.006259999999999266,0.005272686110704861,0.0004,0.960988,87.1008,122267.0,122267.0,4731264.0,50386069094400.0,302316414566400.0
E51,14.0,2744.0,11239424.0,19259905.090754155,4.77023,5.19529,5.19529,2.783743600754194,3.0331426836429993,4.016093087914462,4.375899908000397,0.425059,5.19529,4.375899908000397,0.0,0.0,0.0004,0.954371,91.6309,122660.0,122660.0,4731264.0,53176682151936.0,319060092911616.0
E51,15.0,2800.0,11468800.0,19652964.378320567,4.74007,5.19739,5.19739,2.7661432529724843,3.034368717153285,3.9907011534518686,4.37766870046565,0.457322,5.19529,4.375899908000397,0.002100000000000435,0.0017687924652527443,0.0004,0.975712,93.7553,122327.0,122327.0,4731264.0,54261920563200.0,325571523379200.0
E51,15.0,2940.0,12042240.0,20635612.597236596,4.71886,5.17435,5.17435,2.753765820066315,3.020917378069011,3.972844292379202,4.358262520275452,0.455489,5.17435,4.358262520275452,0.0,0.0,0.0004,1.00358,98.5682,122172.0,122172.0,4731264.0,56975016591360.0,341850099548160.0
E51,16.0,3000.0,12288000.0,21056747.548200607,4.6881,5.18541,5.18541,2.735815332739876,3.0273744878898476,3.946947213331809,4.367578160592449,0.49731,5.17435,4.358262520275452,0.011060000000000514,0.00931564031699672,0.0004,1.02145,100.555,122202.0,122202.0,4731264.0,58137772032000.0,348826632192000.0
E51,16.0,3136.0,12845056.0,22011320.103719033,4.65844,5.15933,5.15933,2.7185067679121064,3.0121483193430656,3.92197623268988,4.345611442738266,0.500885,5.15933,4.345611442738266,0.0,0.0,0.0004,1.02644,104.789,122581.0,122581.0,4731264.0,60773351030784.0,364640106184704.0
E51,17.0,3200.0,13107200.0,22460530.718080647,4.63647,5.16629,5.16629,2.705685824915947,3.0162117446914403,3.903479521809801,4.351473726337389,0.529821,5.15933,4.345611442738266,0.006960000000000299,0.005862283599122442,0.0004,1.08929,106.84,122681.0,122681.0,4731264.0,62013623500800.0,372081741004800.0
E51,17.0,3332.0,13647872.0,23387027.610201474,4.61153,5.14436,5.14436,2.6911316911733794,3.0034084518911746,3.8824823452349637,4.333002479307397,0.532831,5.14436,4.333002479307397,0.0,0.0,0.0004,1.05329,111.117,122825.0,122825.0,4731264.0,64571685470208.0,387430112821248.0
E51,18.0,3400.0,13926400.0,23864313.887960687,4.58222,5.15191,5.15191,2.674027374413369,3.007816334273391,3.857806032267503,4.339361709361041,0.569686,5.14436,4.333002479307397,0.007550000000000168,0.00635923005364436,0.0004,1.03887,113.349,122863.0,122863.0,4731264.0,65889474969600.0,395336849817600.0
E51,18.0,3528.0,14450688.0,24762735.11668391,4.56845,5.13601,5.13601,2.6659916718618386,2.9985335091240874,3.846212964046351,4.325969423552702,0.567559,5.13601,4.325969423552702,0.0,0.0,0.0004,1.07797,117.419,123069.0,123069.0,4731264.0,68370019909632.0,410220119457792.0
E51,19.0,3600.0,14745600.0,25268097.057840727,4.51982,5.14463,5.14463,2.637612861761555,3.0035660847710686,3.805270995448342,4.333229895481501,0.624804,5.13601,4.325969423552702,0.008620000000000516,0.007260471928798751,0.0004,1.07168,119.764,123123.0,123123.0,4731264.0,69765326438400.0,418591958630400.0
E51,19.0,3724.0,15253504.0,26138442.623166353,4.51919,5.12299,5.12299,2.6372452152395893,2.9909321013603183,3.8047405936343024,4.315002910268138,0.603799,5.12299,4.315002910268138,0.0,0.0,0.0004,1.09394,123.604,123407.0,123407.0,4731264.0,72168354349056.0,433010126094336.0
E51,20.0,3800.0,15564800.0,26671880.227720767,4.50934,5.13633,5.13633,2.6314970910469553,2.998720333278036,3.7964478033671756,4.326238953833122,0.626987,5.12299,4.315002910268138,0.013340000000000352,0.011236043564983866,0.0004,1.1681,126.171,123363.0,123363.0,4731264.0,73641177907200.0,441847067443200.0
E51,20.0,3920.0,16056320.0,27514150.129648793,4.47866,5.11516,5.11516,2.6135932889931466,2.986360747843398,3.770618076931088,4.308407841219126,0.636498,5.11516,4.308407841219126,0.0,0.0,0.0004,1.09644,130.348,123180.0,123180.0,4731264.0,75966688788480.0,455800132730880.0
E52,0.0,0.0,0.0,0.0,8.04045,8.04233,8.04233,4.692132504026863,4.695317181320505,6.7693162947534695,6.773910812891838,0.00188423,8.04233,6.773910812891838,0.0,0.0,0.0004,,0.0,0.0,0.0,4731264.0,0.0,0.0
E52,1.0,196.0,802816.0,1375707.5064824396,6.97982,6.98982,6.98982,4.073184995150368,4.080835024220305,5.876363793126773,5.887400452128627,0.00999939,6.98982,5.887400452128627,0.0,0.0,0.0004,0.459554,7.68961,104403.0,104403.0,4731264.0,3798334439424.0,22790006636544.0
E52,2.0,200.0,819200.0,1403783.1698800405,6.9529,6.95939,6.95939,4.057475400910194,4.06306921483079,5.8536996394220955,5.861769807024995,0.00649043,6.95939,5.861769807024995,0.0,0.0,0.0004,0.438654,8.10123,101120.0,101120.0,4731264.0,3875851468800.0,23255108812800.0
E52,2.0,392.0,1605632.0,2751415.012964879,6.02677,6.06085,6.06085,3.517017506643779,3.5384786670537496,5.073983715554647,5.104945625249834,0.0340773,6.06085,5.104945625249834,0.0,0.0,0.0004,0.602958,14.6488,109608.0,109608.0,4731264.0,7596668878848.0,45580013273088.0
E52,3.0,400.0,1638400.0,2807566.339760081,5.9969,6.03732,6.03732,3.499586392975355,3.5247412534837426,5.048835934308039,5.0851267268177445,0.0404175,6.03732,5.0851267268177445,0.0,0.0,0.0004,0.623903,15.2558,107395.0,107395.0,4731264.0,7751702937600.0,46510217625600.0
E52,3.0,588.0,2408448.0,4127122.5194473187,5.64294,5.71411,5.71411,3.2930274042215726,3.336043019741208,4.750834305581919,4.812892720772883,0.0711701,5.71411,4.812892720772883,0.0,0.0,0.0004,0.617625,22.0884,109037.0,109037.0,4731264.0,11395003318272.0,68370019909632.0
E52,4.0,600.0,2457600.0,4211349.509640121,5.62677,5.70361,5.70361,3.2835911434911265,3.329912852189781,4.737220659021569,4.804048758446621,0.0768456,5.70361,4.804048758446621,0.0,0.0,0.0004,0.706551,22.8388,107606.0,107606.0,4731264.0,11627554406400.0,69765326438400.0
E52,4.0,784.0,3211264.0,5502830.025929758,5.4372,5.55666,5.55666,3.1729645543340057,3.244119697743862,4.57762022745413,4.680275399985273,0.119453,5.55666,4.680275399985273,0.0,0.0,0.0004,0.690151,29.1207,110274.0,110274.0,4731264.0,15193337757696.0,91160026546176.0
E52,5.0,800.0,3276800.0,5615132.679520162,5.42912,5.54666,5.54666,3.1682493417983224,3.23828144293298,4.570817613712162,4.6718525787221665,0.117541,5.54666,4.6718525787221665,0.0,0.0,0.0004,0.696588,29.8816,109659.0,109659.0,4731264.0,15503405875200.0,93020435251200.0
E52,5.0,980.0,4014080.0,6878537.532412198,5.32223,5.465,5.465,3.105871981904855,3.1906062541473124,4.48082610593011,4.6030718202876395,0.142775,5.465,4.6030718202876395,0.0,0.0,0.0004,0.728631,35.9476,111665.0,111665.0,4731264.0,18991672197120.0,113950033182720.0
E52,6.0,1000.0,4096000.0,7018915.849400202,5.32238,5.46785,5.46785,3.105959516791037,3.1922701567684144,4.48095239207631,4.605472324347625,0.145472,5.465,4.6030718202876395,0.0028500000000004633,0.0024005040599854865,0.0004,0.711814,36.8742,111080.0,111080.0,4731264.0,19379257344000.0,116275544064000.0
E52,6.0,1176.0,4816896.0,8254245.0388946375,5.23421,5.40793,5.40793,3.0545065106931135,3.157287333941606,4.406721395340006,4.555002779339092,0.173721,5.40793,4.555002779339092,0.0,0.0,0.0004,0.734955,42.9367,112186.0,112186.0,4731264.0,22790006636544.0,136740039819264.0
E52,7.0,1200.0,4915200.0,8422699.019280242,5.22961,5.41033,5.41033,3.051822107516858,3.158688515096218,4.402848620189876,4.557024256442237,0.180719,5.40793,4.555002779339092,0.0023999999999997357,0.002021477103145486,0.0004,0.727922,44.033,111625.0,111625.0,4731264.0,23255108812800.0,139530652876800.0
E52,7.0,1372.0,5619712.0,9629952.545377078,5.16016,5.36667,5.36667,3.0112934552144788,3.1331986945919046,4.344378134499321,4.520250218807515,0.206513,5.36667,4.520250218807515,0.0,0.0,0.0004,0.762283,49.9231,112567.0,112567.0,4731264.0,26588341075968.0,159530046455808.0
E52,8.0,1400.0,5734400.0,9826482.189160284,5.1473,5.36514,5.36514,3.003788797639121,3.1323054416058396,4.333551202231782,4.51896152715426,0.217847,5.36514,4.51896152715426,0.0,0.0,0.0004,0.828188,51.1391,112133.0,112133.0,4731264.0,27130960281600.0,162785761689600.0
E52,8.0,1568.0,6422528.0,11005660.051859517,5.07818,5.32624,5.32624,2.9634527220863425,3.1095946303915065,4.275358546062866,4.486196752440776,0.248055,5.32624,4.486196752440776,0.0,0.0,0.0004,0.840218,57.1952,112291.0,112291.0,4731264.0,30386675515392.0,182320053092352.0
E52,9.0,1600.0,6553600.0,11230265.359040324,5.06513,5.32351,5.32351,2.955837186988487,3.108000786828135,4.264371651343474,4.483897322235947,0.258378,5.32351,4.483897322235947,0.0,0.0,0.0004,0.846234,58.704,111638.0,111638.0,4731264.0,31006811750400.0,186040870502400.0
E52,9.0,1764.0,7225344.0,12381367.558341956,5.02188,5.28157,5.28157,2.930597961472607,3.0835151461512944,4.227959145855836,4.44857200985848,0.259687,5.28157,4.44857200985848,0.0,0.0,0.0004,0.836615,64.3374,112304.0,112304.0,4731264.0,34185009954816.0,205110059728896.0
E52,10.0,1800.0,7372800.0,12634048.528920364,4.99349,5.28511,5.28511,2.9140305253478473,3.085581888354347,4.2040573879184,4.451553688585619,0.291615,5.28157,4.44857200985848,0.0035400000000000986,0.002981678727139503,0.0004,0.864812,65.8372,111985.0,111985.0,4731264.0,34882663219200.0,209295979315200.0
E52,10.0,1960.0,8028160.0,13757075.064824397,4.92439,5.24246,5.24246,2.8737061211132264,3.0606817315859325,4.14588156990231,4.41563035589847,0.318076,5.24246,4.41563035589847,0.0,0.0,0.0004,0.904726,71.3319,112547.0,112547.0,4731264.0,37983344394240.0,227900066365440.0
E52,11.0,2000.0,8192000.0,14037831.698800404,4.92491,5.24437,5.24437,2.8740095753853248,3.061796838254811,4.146319361875803,4.417239114759724,0.319458,5.24246,4.41563035589847,0.0019099999999996342,0.0016087588612538894,0.0004,0.897633,72.8284,112484.0,112484.0,4731264.0,38758514688000.0,232551088128000.0
E52,11.0,2156.0,8830976.0,15132782.571306836,4.84521,5.20691,5.20691,2.827499372527159,3.039926735733245,4.079219322861588,4.385687226308127,0.3617,5.20691,4.385687226308127,0.0,0.0,0.0004,0.96183,78.5506,112424.0,112424.0,4731264.0,41781678833664.0,250690073001984.0
E52,12.0,2200.0,9011200.0,15441614.868680445,4.83378,5.21005,5.21005,2.8208292142000717,3.041759947743862,4.069596318521155,4.388331992184742,0.376272,5.20691,4.385687226308127,0.0031400000000001427,0.0026447658766155513,0.0004,0.955091,80.5406,111884.0,111884.0,4731264.0,42634366156800.0,255806196940800.0
E52,12.0,2352.0,9633792.0,16508490.077789275,4.77444,5.17016,5.17016,2.786200413226376,3.0184711493032514,4.0196375190844735,4.354733358166211,0.39572,5.17016,4.354733358166211,0.0,0.0,0.0004,0.995449,86.5952,111251.0,111251.0,4731264.0,45580013273088.0,273480079638528.0
E52,13.0,2400.0,9830400.0,16845398.038560484,4.74671,5.17243,5.17243,2.7700181306008185,3.019796433145322,3.996291420190318,4.356645338592936,0.425715,5.17016,4.354733358166211,0.0022700000000002163,0.001911980426725357,0.0004,0.992082,88.9148,110560.0,110560.0,4731264.0,46510217625600.0,279061305753600.0
E52,13.0,2548.0,10436608.0,17884197.584271714,4.68823,5.13497,5.13497,2.7358911963079002,2.997926330623756,3.947056661325181,4.32509345014134,0.44674,5.13497,4.32509345014134,0.0,0.0,0.0004,1.0327,94.8216,110066.0,110066.0,4731264.0,49378347712512.0,296270086275072.0
E52,14.0,2600.0,10649600.0,18249181.208440527,4.66978,5.14248,5.14248,2.7251244053074846,3.0023108599867285,3.9315234653425937,4.331418988909932,0.472704,5.13497,4.32509345014134,0.007509999999999906,0.006325538768591876,0.0004,1.04963,97.0717,109709.0,109709.0,4731264.0,50386069094400.0,302316414566400.0
E52,14.0,2744.0,11239424.0,19259905.090754155,4.62122,5.10581,5.10581,2.696786444820752,2.9809019795952225,3.8906404302794773,4.300532503338122,0.484594,5.10581,4.300532503338122,0.0,0.0,0.0004,1.02697,102.682,109459.0,109459.0,4731264.0,53176682151936.0,319060092911616.0
E52,15.0,2800.0,11468800.0,19652964.378320567,4.61142,5.11027,5.11027,2.691067498923512,2.9835058412408757,3.882389735394417,4.304289081621467,0.498849,5.10581,4.300532503338122,0.0044599999999999085,0.003756578283344858,0.0004,1.08857,105.148,109073.0,109073.0,4731264.0,54261920563200.0,325571523379200.0
E52,15.0,2940.0,12042240.0,20635612.597236596,4.55059,5.08458,5.08458,2.6555691847470726,2.968507364631719,3.831176493572149,4.282650853796547,0.533984,5.08458,4.282650853796547,0.0,0.0,0.0004,1.12048,110.747,108737.0,108737.0,4731264.0,56975016591360.0,341850099548160.0
E52,16.0,3000.0,12288000.0,21056747.548200607,4.54608,5.09304,5.09304,2.6529373025025262,2.9734465282017255,3.8273794901097387,4.289776560585135,0.546959,5.08458,4.282650853796547,0.008460000000000356,0.007125706788587927,0.0004,1.14591,113.431,108330.0,108330.0,4731264.0,58137772032000.0,348826632192000.0
E52,16.0,3136.0,12845056.0,22011320.103719033,4.48342,5.0635,5.0635,2.6163710627146632,2.9562003234903784,3.774625557303832,4.264895546573919,0.580076,5.0635,4.264895546573919,0.0,0.0,0.0004,1.05933,119.021,107923.0,107923.0,4731264.0,60773351030784.0,364640106184704.0
E52,17.0,3200.0,13107200.0,22460530.718080647,4.46858,5.06541,5.06541,2.6077109446417004,2.957315430159257,3.7621316479064553,4.266504305435172,0.596836,5.0635,4.264895546573919,0.0019099999999996342,0.0016087588612530013,0.0004,1.16234,121.709,107693.0,107693.0,4731264.0,62013623500800.0,372081741004800.0
E52,17.0,3332.0,13647872.0,23387027.610201474,4.41615,5.04332,5.04332,2.577114584091466,2.9444187252820173,3.717990430271382,4.24789829326497,0.627169,5.04332,4.24789829326497,0.0,0.0,0.0004,1.08523,126.9,107548.0,107548.0,4731264.0,64571685470208.0,387430112821248.0
E52,18.0,3400.0,13926400.0,23864313.887960687,4.42787,5.05564,5.05564,2.583953976531839,2.951611455209025,3.7278575878278013,4.258275209061117,0.627765,5.04332,4.24789829326497,0.012320000000000775,0.010376915796147301,0.0004,1.16524,130.052,107083.0,107083.0,4731264.0,65889474969600.0,395336849817600.0
E52,18.0,3528.0,14450688.0,24762735.11668391,4.37016,5.03464,5.03464,2.55027638798799,2.939351120106171,3.6792710978464913,4.240587284408593,0.664475,5.03464,4.240587284408593,0.0,0.0,0.0004,1.17423,135.37,106749.0,106749.0,4731264.0,68370019909632.0,410220119457792.0
E52,19.0,3600.0,14745600.0,25268097.057840727,4.3513,5.0405,5.0405,2.5392703349653423,2.9427723374253483,3.6633927197309566,4.245523057668773,0.689193,5.03464,4.240587284408593,0.005860000000000198,0.004935773260180021,0.0004,1.21092,138.307,106615.0,106615.0,4731264.0,69765326438400.0,418591958630400.0
E52,19.0,3724.0,15253504.0,26138442.623166353,4.30178,5.02721,5.02721,2.510372151207044,2.9350132967816855,3.6217014533321614,4.234329128210105,0.725427,5.02721,4.234329128210105,0.0,0.0,0.0004,1.22651,143.176,106537.0,106537.0,4731264.0,72168354349056.0,433010126094336.0
E52,20.0,3800.0,15564800.0,26671880.227720767,4.2785,5.03347,5.03347,2.4967867368715595,2.938668044293298,3.602101843441936,4.23960181432081,0.75497,5.02721,4.234329128210105,0.006260000000000154,0.005272686110704861,0.0004,1.27942,146.167,106487.0,106487.0,4731264.0,73641177907200.0,441847067443200.0
E52,20.0,3920.0,16056320.0,27514150.129648793,4.23948,5.01802,5.01802,2.4740159951460186,2.9296479406104843,3.569250607277135,4.22658855546931,0.778538,5.01802,4.22658855546931,0.0,0.0,0.0004,1.24926,151.422,106037.0,106037.0,4731264.0,75966688788480.0,455800132730880.0
E53,0.0,0.0,0.0,0.0,8.0334,8.03522,8.03522,4.688018364376298,4.691166182149967,6.763380845882074,6.767922186973769,0.00182343,8.03522,6.767922186973769,0.0,0.0,0.0004,,0.0,0.0,0.0,4731264.0,0.0,0.0
E53,1.0,196.0,802816.0,1375707.5064824396,6.84245,6.85954,6.85954,3.9930205463846686,4.004774240544127,5.7607109404369,5.777667936712877,0.0170929,6.85954,5.777667936712877,0.0,0.0,0.0004,0.436954,7.17932,111823.0,111823.0,4731264.0,3798334439424.0,22790006636544.0
E53,2.0,200.0,819200.0,1403783.1698800405,6.79898,6.80883,6.80883,3.967652936369054,3.9751684503981424,5.724113215268169,5.734955810087666,0.00985889,6.80883,5.734955810087666,0.0,0.0,0.0004,0.453952,7.53964,108652.0,108652.0,4731264.0,3875851468800.0,23255108812800.0
E53,2.0,392.0,1605632.0,2751415.012964879,5.79337,5.8476,5.8476,3.3808132237442066,3.413977883211679,4.877482472067596,4.92532896181409,0.0542381,5.8476,4.92532896181409,0.0,0.0,0.0004,0.556688,14.4012,111493.0,111493.0,4731264.0,7596668878848.0,45580013273088.0
E53,3.0,400.0,1638400.0,2807566.339760081,5.76664,5.8278,5.8278,3.3652145070265305,3.4024181386861314,4.854978280814773,4.908651775713139,0.0611603,5.8278,4.908651775713139,0.0,0.0,0.0004,0.557229,15.0099,109154.0,109154.0,4731264.0,7751702937600.0,46510217625600.0
E53,3.0,588.0,2408448.0,4127122.5194473187,5.47414,5.5737,5.5737,3.1945214789711533,3.254068083941606,4.60872029572496,4.694627887417606,0.0995642,5.5737,4.694627887417606,0.0,0.0,0.0004,0.615887,21.6803,111089.0,111089.0,4731264.0,11395003318272.0,68370019909632.0
E53,4.0,600.0,2457600.0,4211349.509640121,5.46103,5.56541,5.56541,3.186870929918825,3.2492281707033843,4.597682886547088,4.687645368590491,0.104376,5.56541,4.687645368590491,0.0,0.0,0.0004,0.651561,22.3074,110170.0,110170.0,4731264.0,11627554406400.0,69765326438400.0
E53,4.0,784.0,3211264.0,5502830.025929758,5.29926,5.45441,5.45441,3.0924674730008137,3.184423542302588,4.461487487408698,4.59415205257001,0.155152,5.45441,4.59415205257001,0.0,0.0,0.0004,0.663156,28.7768,111592.0,111592.0,4731264.0,15193337757696.0,91160026546176.0
E53,5.0,800.0,3276800.0,5615132.679520162,5.29609,5.45062,5.45062,3.0906175690728293,3.1822108437292633,4.458818640185674,4.590959803311293,0.15453,5.45062,4.590959803311293,0.0,0.0,0.0004,0.655069,29.569,110819.0,110819.0,4731264.0,15503405875200.0,93020435251200.0
E53,5.0,980.0,4014080.0,6878537.532412198,5.19458,5.384,5.384,3.0313797937637643,3.143316390179164,4.373356595513991,4.5348469680564785,0.18942,5.384,4.5348469680564785,0.0,0.0,0.0004,0.710366,35.6474,112605.0,112605.0,4731264.0,18991672197120.0,113950033182720.0
E53,6.0,1000.0,4096000.0,7018915.849400202,5.18898,5.38573,5.38573,3.0281118246796273,3.1443264082614464,4.368641912722529,4.536304116134995,0.196748,5.384,4.5348469680564785,0.0017299999999993432,0.0014571480785168234,0.0004,0.692755,36.6221,111845.0,111845.0,4731264.0,19379257344000.0,116275544064000.0
E53,6.0,1176.0,4816896.0,8254245.0388946375,5.10313,5.3363,5.3363,2.978012691487989,3.115467914731254,4.2963641417141165,4.494670110631461,0.233167,5.3363,4.494670110631461,0.0,0.0,0.0004,0.711121,43.2149,111464.0,111464.0,4731264.0,22790006636544.0,136740039819264.0
E53,7.0,1200.0,4915200.0,8422699.019280242,5.09566,5.3377,5.3377,2.9736534541561133,3.1162852704047777,4.290075091633361,4.495849305608295,0.242035,5.3363,4.494670110631461,0.00140000000000029,0.0011791949768342747,0.0004,0.734575,44.3079,110933.0,110933.0,4731264.0,23255108812800.0,139530652876800.0
E53,7.0,1372.0,5619712.0,9629952.545377078,5.01795,5.29566,5.29566,2.9283045474546316,3.0917412471798276,4.224650448825398,4.460439765018196,0.277711,5.29566,4.460439765018196,0.0,0.0,0.0004,0.781944,50.5347,111205.0,111205.0,4731264.0,26588341075968.0,159530046455808.0
E53,8.0,1400.0,5734400.0,9826482.189160284,4.99995,5.29454,5.29454,2.9178003611127625,3.0910873626410083,4.2094961112814095,4.459496409036728,0.294593,5.29454,4.459496409036728,0.0,0.0,0.0004,0.829792,51.7753,110756.0,110756.0,4731264.0,27130960281600.0,162785761689600.0
E53,8.0,1568.0,6422528.0,11005660.051859517,4.91731,5.24911,5.24911,2.8695744744854244,3.0645641710351694,4.139920863801675,4.421231532038436,0.331804,5.24911,4.421231532038436,0.0,0.0,0.0004,0.85171,57.7944,111127.0,111127.0,4731264.0,30386675515392.0,182320053092352.0
E53,9.0,1600.0,6553600.0,11230265.359040324,4.89972,5.24658,5.24658,2.859309550165787,3.063087092568016,4.125111708390634,4.41910055825887,0.346861,5.24658,4.41910055825887,0.0,0.0,0.0004,0.949933,59.184,110733.0,110733.0,4731264.0,31006811750400.0,186040870502400.0
E53,9.0,1764.0,7225344.0,12381367.558341956,4.84552,5.20605,5.20605,2.827680277958602,3.0394246458195093,4.079480314230401,4.3849628636795,0.360529,5.20605,4.3849628636795,0.0,0.0,0.0004,0.892977,65.2567,110722.0,110722.0,4731264.0,34185009954816.0,205110059728896.0
E53,10.0,1800.0,7372800.0,12634048.528920364,4.80387,5.20188,5.20188,2.803374757895332,3.036990093563371,4.044414860968894,4.3814505472127845,0.398013,5.20188,4.3814505472127845,0.0,0.0,0.0004,0.946328,66.9033,110201.0,110201.0,4731264.0,34882663219200.0,209295979315200.0
E53,10.0,1960.0,8028160.0,13757075.064824397,4.72692,5.1636,5.1636,2.7584693612838405,3.0146412541473127,3.979630067968343,4.349207987417613,0.436675,5.1636,4.349207987417613,0.0,0.0,0.0004,0.961412,73.0162,109950.0,109950.0,4731264.0,37983344394240.0,227900066365440.0
E53,11.0,2000.0,8192000.0,14037831.698800404,4.72576,5.16678,5.16678,2.757792424830698,3.0164978191771734,3.9786534551043973,4.351886444579281,0.441014,5.1636,4.349207987417613,0.0031800000000004047,0.0026784571616680353,0.0004,0.9797,74.712,109648.0,109648.0,4731264.0,38758514688000.0,232551088128000.0
E53,11.0,2156.0,8830976.0,15132782.571306836,4.63827,5.13173,5.13173,2.706736243550134,2.99603473606503,3.9049949555642,4.322364456052093,0.493458,5.13173,4.322364456052093,0.0,0.0,0.0004,1.0311,80.6809,109456.0,109456.0,4731264.0,41781678833664.0,250690073001984.0
E53,12.0,2200.0,9011200.0,15441614.868680445,4.61835,5.13698,5.13698,2.695111610665132,2.9990998198407435,3.888224155348853,4.326786437215224,0.518624,5.13173,4.322364456052093,0.005250000000000199,0.0044219811631309724,0.0004,1.04898,82.6183,109070.0,109070.0,4731264.0,42634366156800.0,255806196940800.0
E53,12.0,2352.0,9633792.0,16508490.077789275,4.56372,5.10539,5.10539,2.6632314051175583,2.980656772893165,3.8422307409028473,4.300178744845071,0.541678,5.10539,4.300178744845071,0.0,0.0,0.0004,1.10357,88.8776,108394.0,108394.0,4731264.0,45580013273088.0,273480079638528.0
E53,13.0,2400.0,9830400.0,16845398.038560484,4.5269,5.11271,5.11271,2.641744508389357,2.984930375414731,3.811231701548978,4.306344250009665,0.585805,5.10539,4.300178744845071,0.007319999999999993,0.00616550516459391,0.0004,1.11474,91.1419,107858.0,107858.0,4731264.0,46510217625600.0,279061305753600.0
E53,13.0,2548.0,10436608.0,17884197.584271714,4.46747,5.08864,5.08864,2.607063186483951,2.970877696084937,3.7611971304245753,4.2860705192293675,0.621163,5.08864,4.2860705192293675,0.0,0.0,0.0004,1.13728,97.576,106959.0,106959.0,4731264.0,49378347712512.0,296270086275072.0
E53,14.0,2600.0,10649600.0,18249181.208440527,4.43669,5.09489,5.09489,2.5891010278393547,2.974526605341739,3.735283213224355,4.29133478251881,0.658193,5.08864,4.2860705192293675,0.006250000000000533,0.005264263289442184,0.0004,1.21673,99.6999,106817.0,106817.0,4731264.0,50386069094400.0,302316414566400.0
E53,14.0,2744.0,11239424.0,19259905.090754155,4.3918,5.07007,5.07007,2.562904754234548,2.9600360569011284,3.6974899792049305,4.27042934014378,0.678263,5.07007,4.27042934014378,0.0,0.0,0.0004,1.18863,105.348,106689.0,106689.0,4731264.0,53176682151936.0,319060092911616.0
E53,15.0,2800.0,11468800.0,19652964.378320567,4.37257,5.07925,5.07925,2.5516827818259844,2.9653955748175185,3.6813000952621024,4.278161490063311,0.706676,5.07007,4.27042934014378,0.009179999999999744,0.007732149919530862,0.0004,1.206,107.686,106502.0,106502.0,4731264.0,54261920563200.0,325571523379200.0
E53,15.0,2940.0,12042240.0,20635612.597236596,4.32722,5.06728,5.06728,2.5252180679035523,2.958407183808892,3.643119583727665,4.268079373011372,0.740057,5.06728,4.268079373011372,0.0,0.0,0.0004,1.28128,112.658,106892.0,106892.0,4731264.0,56975016591360.0,341850099548160.0
E53,16.0,3000.0,12288000.0,21056747.548200607,4.30719,5.07717,5.07717,2.513529242768684,2.9641812178168547,3.6262561736717718,4.276409543240585,0.769979,5.06728,4.268079373011372,0.00988999999999951,0.008330170229212897,0.0004,1.29452,115.12,106741.0,106741.0,4731264.0,58137772032000.0,348826632192000.0
E53,16.0,3136.0,12845056.0,22011320.103719033,4.23962,5.05276,5.05276,2.474097694373122,2.9499300378234907,3.5693684743469216,4.255849436537343,0.813136,5.05276,4.255849436537343,0.0,0.0,0.0004,1.24673,120.098,106955.0,106955.0,4731264.0,60773351030784.0,364640106184704.0
E53,17.0,3200.0,13107200.0,22460530.718080647,4.22047,5.06821,5.06821,2.4629224072371882,2.9589501415063038,3.5532459430153995,4.268862695388841,0.847742,5.05276,4.255849436537343,0.01544999999999952,0.0130132588514984,0.0004,1.33368,122.575,106932.0,106932.0,4731264.0,62013623500800.0,372081741004800.0
E53,17.0,3332.0,13647872.0,23387027.610201474,4.17184,5.04821,5.04821,2.434543597136905,2.947273631884539,3.5123039744173914,4.252017052862628,0.876377,5.04821,4.252017052862628,0.0,0.0,0.0004,1.32075,128.027,106601.0,106601.0,4731264.0,64571685470208.0,387430112821248.0
E53,18.0,3400.0,13926400.0,23864313.887960687,4.17625,5.07337,5.07337,2.4371171227906627,2.9619626809887194,3.5160167871156682,4.273208871160604,0.89712,5.04821,4.252017052862628,0.025159999999999627,0.021191818297976006,0.0004,1.39929,130.835,106443.0,106443.0,4731264.0,65889474969600.0,395336849817600.0
E53,18.0,3528.0,14450688.0,24762735.11668391,4.12716,5.05126,5.05126,2.4084698723727533,2.9490542996018583,3.474687541002646,4.254586013347876,0.9241,5.04821,4.252017052862628,0.003049999999999997,0.0025689604852479064,0.0004,1.37849,135.185,106896.0,106896.0,4731264.0,68370019909632.0,410220119457792.0
E53,19.0,3600.0,14745600.0,25268097.057840727,4.11105,5.06386,5.06386,2.3990686255967804,2.95641050066357,3.461124408900776,4.26519876813939,0.952803,5.04821,4.252017052862628,0.015649999999999942,0.013181715276761707,0.0004,1.42094,137.699,107085.0,107085.0,4731264.0,69765326438400.0,418591958630400.0
E53,19.0,3724.0,15253504.0,26138442.623166353,4.06593,5.05816,5.05816,2.3727381318331613,2.953082695421367,3.4231375361238454,4.260397760019419,0.992237,5.04821,4.252017052862628,0.009949999999999903,0.008380707156790734,0.0004,1.42754,141.988,107428.0,107428.0,4731264.0,72168354349056.0,433010126094336.0
E53,20.0,3800.0,15564800.0,26671880.227720767,4.03799,5.07134,5.07134,2.356433300366948,2.9607775152621105,3.3996146366250093,4.271499038444194,1.03335,5.04821,4.252017052862628,0.023130000000000095,0.019481985581565553,0.0004,1.51792,144.904,107415.0,107415.0,4731264.0,73641177907200.0,441847067443200.0
E53,20.0,3920.0,16056320.0,27514150.129648793,3.99907,5.05189,5.05189,2.3337209152321954,2.949422109654944,3.3668475912243414,4.2551166510874525,1.05282,5.04821,4.252017052862628,0.0036800000000001276,0.003099598224824085,0.0004,1.47463,149.31,107537.0,107537.0,4731264.0,75966688788480.0,455800132730880.0
E54,0.0,0.0,0.0,0.0,8.04225,8.0438,8.0438,4.693182922661049,4.696175404777704,6.770831728507868,6.775148967617514,0.00154115,8.0438,6.775148967617514,0.0,0.0,0.0004,,0.0,0.0,0.0,4731264.0,0.0,0.0
E54,1.0,196.0,802816.0,1375707.5064824396,7.27418,7.27514,7.27514,4.244963455794405,4.247412110484406,6.124187726429465,6.127720388407579,0.000960507,7.27514,6.127720388407579,0.0,0.0,0.0004,0.274858,7.32419,109612.0,109612.0,4731264.0,3798334439424.0,22790006636544.0
E54,2.0,200.0,819200.0,1403783.1698800405,7.26017,7.25922,7.25922,4.236787697424983,4.2381176088254815,6.112392600374394,6.114311256956714,-0.00095116,7.25922,6.114311256956714,0.0,0.0,0.0004,0.328302,7.7452,105769.0,105769.0,4731264.0,3875851468800.0,23255108812800.0
E54,2.0,392.0,1605632.0,2751415.012964879,6.10309,6.13052,6.13052,3.561555256733305,3.5791537883211677,5.138238106741158,5.163627420989895,0.0274301,6.13052,5.163627420989895,0.0,0.0,0.0004,0.542361,14.2778,112457.0,112457.0,4731264.0,7596668878848.0,45580013273088.0
E54,3.0,400.0,1638400.0,2807566.339760081,6.07554,6.10742,6.10742,3.5454780159711663,3.5656674197080296,5.115043551222443,5.1441707038721205,0.0318758,6.10742,5.1441707038721205,0.0,0.0,0.0004,0.585954,14.744,111123.0,111123.0,4731264.0,7751702937600.0,46510217625600.0
E54,3.0,588.0,2408448.0,4127122.5194473187,5.69864,5.76058,5.76058,3.32553202529058,3.363173389847379,4.79772856120415,4.852033571182538,0.0619478,5.76058,4.852033571182538,0.0,0.0,0.0004,0.577341,21.3823,112637.0,112637.0,4731264.0,11395003318272.0,68370019909632.0
E54,4.0,600.0,2457600.0,4211349.509640121,5.67818,5.7473,5.7473,3.3135922668153213,3.355420187458527,4.780503130862483,4.840848064545133,0.0691232,5.7473,4.840848064545133,0.0,0.0,0.0004,0.632099,22.066,111375.0,111375.0,4731264.0,11627554406400.0,69765326438400.0
E54,4.0,784.0,3211264.0,5502830.025929758,5.47665,5.59245,5.59245,3.1959862293999364,3.265014811712011,4.610833483904705,4.7104206772859305,0.115804,5.59245,4.7104206772859305,0.0,0.0,0.0004,0.635629,28.4271,112965.0,112965.0,4731264.0,15193337757696.0,91160026546176.0
E54,5.0,800.0,3276800.0,5615132.679520162,5.47398,5.58455,5.58455,3.194428108425892,3.2604025904114136,4.608585590502346,4.7037666484880765,0.110569,5.58455,4.7037666484880765,0.0,0.0,0.0004,0.659316,29.1213,112523.0,112523.0,4731264.0,15503405875200.0,93020435251200.0
E54,5.0,980.0,4014080.0,6878537.532412198,5.36409,5.49965,5.49965,3.13030005080878,3.2108358070670207,4.516068359796297,4.632256895964304,0.135557,5.49965,4.632256895964304,0.0,0.0,0.0004,0.68861,35.3692,113491.0,113491.0,4731264.0,18991672197120.0,113950033182720.0
E54,6.0,1000.0,4096000.0,7018915.849400202,5.36532,5.49928,5.49928,3.1310178368754737,3.210619791639018,4.5171039061951355,4.6319452515775685,0.133952,5.49928,4.6319452515775685,0.0,0.0,0.0004,0.683523,36.3127,112798.0,112798.0,4731264.0,19379257344000.0,116275544064000.0
E54,6.0,1176.0,4816896.0,8254245.0388946375,5.27393,5.43994,5.43994,3.0776857485541718,3.1759755875912408,4.440161966853741,4.581964230202295,0.16601,5.43994,4.581964230202295,0.0,0.0,0.0004,0.684086,42.7647,112637.0,112637.0,4731264.0,22790006636544.0,136740039819264.0
E54,7.0,1200.0,4915200.0,8422699.019280242,5.26993,5.44292,5.44292,3.075351484922645,3.177715387524884,4.43679433628841,4.5844742309387,0.172991,5.43994,4.581964230202295,0.0029799999999999827,0.0025100007364056154,0.0004,0.71039,43.8936,111980.0,111980.0,4731264.0,23255108812800.0,139530652876800.0
E54,7.0,1372.0,5619712.0,9629952.545377078,5.20532,5.4021,5.4021,3.0376472916144133,3.1538836313868615,4.382398683581905,4.550092274542701,0.196774,5.4021,4.550092274542701,0.0,0.0,0.0004,0.736489,50.151,112056.0,112056.0,4731264.0,26588341075968.0,159530046455808.0
E54,8.0,1400.0,5734400.0,9826482.189160284,5.19392,5.39941,5.39941,3.030994640264563,3.152313140842734,4.372800936470712,4.547826535622924,0.205488,5.39941,4.547826535622924,0.0,0.0,0.0004,0.775728,51.3638,111643.0,111643.0,4731264.0,27130960281600.0,162785761689600.0
E54,8.0,1568.0,6422528.0,11005660.051859517,5.1284,5.36058,5.36058,2.992759401980158,3.129643197412077,4.317639147810594,4.515120720658283,0.232182,5.36058,4.515120720658283,0.0,0.0,0.0004,0.80252,57.1955,112291.0,112291.0,4731264.0,30386675515392.0,182320053092352.0
E54,9.0,1600.0,6553600.0,11230265.359040324,5.11455,5.35905,5.35905,2.9846770141559977,3.128749944426012,4.305978726978137,4.513832029005028,0.244501,5.35905,4.513832029005028,0.0,0.0,0.0004,0.795646,58.44,112142.0,112142.0,4731264.0,31006811750400.0,186040870502400.0
E54,9.0,1764.0,7225344.0,12381367.558341956,5.08236,5.32129,5.32129,2.965892027581288,3.1067046942601197,4.278877720003637,4.482027455915538,0.238927,5.32129,4.482027455915538,0.0,0.0,0.0004,0.818075,64.0225,112856.0,112856.0,4731264.0,34185009954816.0,205110059728896.0
E54,10.0,1800.0,7372800.0,12634048.528920364,5.05139,5.32416,5.32416,2.9478189914141932,3.1083802733908428,4.252803840351563,4.4844448056180495,0.272773,5.32129,4.482027455915538,0.002869999999999706,0.0024173497025117285,0.0004,0.848879,65.3705,112785.0,112785.0,4731264.0,34882663219200.0,209295979315200.0
E54,10.0,1960.0,8028160.0,13757075.064824397,4.99063,5.29022,5.29022,2.912361526851306,3.088565236562707,4.201649532064189,4.455857750251066,0.299589,5.29022,4.455857750251066,0.0,0.0,0.0004,0.874234,70.9429,113164.0,113164.0,4731264.0,37983344394240.0,227900066365440.0
E54,11.0,2000.0,8192000.0,14037831.698800404,4.99834,5.294,5.294,2.916860820001073,3.0907720968812207,4.208140639978864,4.45904157668852,0.295661,5.29022,4.455857750251066,0.0037799999999998946,0.0031838264374544067,0.0004,0.894253,72.64,112775.0,112775.0,4731264.0,38758514688000.0,232551088128000.0
E54,11.0,2156.0,8830976.0,15132782.571306836,4.92634,5.26113,5.26113,2.8748440746335953,3.07158175331785,4.147523289802909,4.43135576319669,0.334784,5.26113,4.43135576319669,0.0,0.0,0.0004,0.894916,78.3817,112666.0,112666.0,4731264.0,41781678833664.0,250690073001984.0
E54,12.0,2200.0,9011200.0,15441614.868680445,4.92317,5.2644,5.2644,2.872994170705611,3.073490862641009,4.144854442579885,4.4341100257497255,0.341233,5.26113,4.43135576319669,0.0032700000000005502,0.00275426255303568,0.0004,0.900224,80.1736,112396.0,112396.0,4731264.0,42634366156800.0,255806196940800.0
E54,12.0,2352.0,9633792.0,16508490.077789275,4.87388,5.23633,5.23633,2.844230207106125,3.0571028813868613,4.103356814938596,4.410467166464186,0.362451,5.23633,4.410467166464186,0.0,0.0,0.0004,0.922738,85.5245,112644.0,112644.0,4731264.0,45580013273088.0,273480079638528.0
E54,13.0,2400.0,9830400.0,16845398.038560484,4.85807,5.24422,5.24422,2.8350040301025166,3.061709264432648,4.090046255129126,4.417112772440777,0.386145,5.23633,4.410467166464186,0.007890000000000619,0.006645605976590474,0.0004,0.927542,87.388,112491.0,112491.0,4731264.0,46510217625600.0,279061305753600.0
E54,13.0,2548.0,10436608.0,17884197.584271714,4.80951,5.21567,5.21567,2.806666069615785,3.045041046947578,4.049163220066012,4.393065617734608,0.40616,5.21567,4.393065617734608,0.0,0.0,0.0004,0.958089,92.4827,112849.0,112849.0,4731264.0,49378347712512.0,296270086275072.0
E54,14.0,2600.0,10649600.0,18249181.208440527,4.79451,5.22193,5.22193,2.79791258099756,3.048695794459191,4.03653460544602,4.398338303845313,0.42742,5.21567,4.393065617734608,0.006260000000000154,0.005272686110704861,0.0004,0.990004,94.4027,112810.0,112810.0,4731264.0,50386069094400.0,302316414566400.0
E54,14.0,2744.0,11239424.0,19259905.090754155,4.75721,5.1943,5.1943,2.7761455726335753,3.0325646964167223,4.005131450424311,4.37506604869535,0.437094,5.1943,4.37506604869535,0.0,0.0,0.0004,1.03114,99.4948,112965.0,112965.0,4731264.0,53176682151936.0,319060092911616.0
E54,15.0,2800.0,11468800.0,19652964.378320567,4.74971,5.20034,5.20034,2.7717688283244635,3.036091002322495,3.9988171431143162,4.380153432738266,0.450634,5.1943,4.37506604869535,0.006039999999999601,0.0050873840429153105,0.0004,1.01011,101.647,112829.0,112829.0,4731264.0,54261920563200.0,325571523379200.0
E54,15.0,2940.0,12042240.0,20635612.597236596,4.70822,5.17961,5.17961,2.747556678806454,3.0239883000995356,3.9638863950754217,4.3626929242598464,0.471385,5.17961,4.3626929242598464,0.0,0.0,0.0004,1.00759,106.536,113034.0,113034.0,4731264.0,56975016591360.0,341850099548160.0
E54,16.0,3000.0,12288000.0,21056747.548200607,4.70894,5.1915,5.1915,2.747976846260129,3.0309299850696747,3.9644925685771817,4.37270765874168,0.482554,5.17961,4.3626929242598464,0.01188999999999929,0.010014734481833543,0.0004,1.05185,108.707,113038.0,113038.0,4731264.0,58137772032000.0,348826632192000.0
E54,16.0,3136.0,12845056.0,22011320.103719033,4.65584,5.16269,5.16269,2.716989496551615,3.014109972959522,3.919787272822416,4.348441510682671,0.506854,5.16269,4.348441510682671,0.0,0.0,0.0004,1.01831,113.538,113134.0,113134.0,4731264.0,60773351030784.0,364640106184704.0
E54,17.0,3200.0,13107200.0,22460530.718080647,4.6495,5.17329,5.17329,2.7132896886956446,3.0202985230590578,3.9144495783763658,4.357369701221563,0.523784,5.16269,4.348441510682671,0.010600000000000165,0.008928190538892267,0.0004,1.06229,115.934,113057.0,113057.0,4731264.0,62013623500800.0,372081741004800.0
E54,17.0,3332.0,13647872.0,23387027.610201474,4.60796,5.14979,5.14979,2.689048360882242,3.006578624253484,3.8794767349554062,4.337576071253264,0.541833,5.14979,4.337576071253264,0.0,0.0,0.0004,1.03096,120.431,113325.0,113325.0,4731264.0,64571685470208.0,387430112821248.0
E54,18.0,3400.0,13926400.0,23864313.887960687,4.62068,5.16199,5.16199,2.696471319230496,3.0137012951227606,3.8901858001531577,4.347851913194253,0.541318,5.14979,4.337576071253264,0.012199999999999989,0.010275841940988961,0.0004,1.10738,122.87,113343.0,113343.0,4731264.0,65889474969600.0,395336849817600.0
E54,18.0,3528.0,14450688.0,24762735.11668391,4.57876,5.14258,5.14258,2.6720082363720983,3.0023692425348374,3.8548930318284915,4.331503217122563,0.563828,5.14258,4.331503217122563,0.0,0.0,0.0004,1.10044,127.561,113284.0,113284.0,4731264.0,68370019909632.0,410220119457792.0
E54,19.0,3600.0,14745600.0,25268097.057840727,4.57257,5.14878,5.14878,2.6683959634023107,3.005988960517585,3.8496816235286415,4.33672536630569,0.576219,5.14258,4.331503217122563,0.0062000000000006494,0.005222149183127023,0.0004,1.10285,130.303,113164.0,113164.0,4731264.0,69765326438400.0,418591958630400.0
E54,19.0,3724.0,15253504.0,26138442.623166353,4.52804,5.13336,5.13336,2.6424097735243417,2.9969863715992036,3.812191476260097,4.323737375917979,0.605318,5.13336,4.323737375917979,0.0,0.0,0.0004,1.10646,134.707,113234.0,113234.0,4731264.0,72168354349056.0,433010126094336.0
E54,20.0,3800.0,15564800.0,26671880.227720767,4.52096,5.14304,5.14304,2.6382781268965396,3.002637802256138,3.8062307701594613,4.331890666900667,0.622082,5.13336,4.323737375917979,0.009680000000000355,0.0081532909826878,0.0004,1.12015,137.359,113315.0,113315.0,4731264.0,73641177907200.0,441847067443200.0
E54,20.0,3920.0,16056320.0,27514150.129648793,4.48244,5.12273,5.12273,2.6157991681249397,2.9907803067352354,3.7738004878153264,4.314783916915297,0.640292,5.12273,4.314783916915297,0.0,0.0,0.0004,1.13139,141.403,113550.0,113550.0,4731264.0,75966688788480.0,455800132730880.0
E55,0.0,0.0,0.0,0.0,8.05601,8.055,8.055,4.701212789553501,4.702714250165893,6.782416377652606,6.784582527432193,-0.00101066,8.055,6.784582527432193,0.0,0.0,0.0004,,0.0,0.0,0.0,4731264.0,0.0,0.0
E55,1.0,196.0,802816.0,1375707.5064824396,6.96506,6.97387,6.97387,4.064571562350035,4.071523007796948,5.863937236340702,5.873966052213973,0.00881194,6.97387,5.873966052213973,0.0,0.0,0.0004,0.451481,7.77518,103254.0,103254.0,4731264.0,3798334439424.0,22790006636544.0
E55,2.0,200.0,819200.0,1403783.1698800405,6.91841,6.92751,6.92751,4.037348212747356,4.044456858493696,5.824662244872531,5.8349178528382115,0.00909822,6.92751,5.8349178528382115,0.0,0.0,0.0004,0.455662,8.19741,99934.0,99934.0,4731264.0,3875851468800.0,23255108812800.0
E55,2.0,392.0,1605632.0,2751415.012964879,5.92937,5.96088,5.96088,3.460178187216108,3.480113633709357,4.991981911288843,5.0207426810825595,0.0315049,5.96088,5.0207426810825595,0.0,0.0,0.0004,0.582479,15.3934,104307.0,104307.0,4731264.0,7596668878848.0,45580013273088.0
E55,3.0,400.0,1638400.0,2807566.339760081,5.90506,5.94415,5.94415,3.445991699995506,3.4703462334107495,4.971515136528045,5.006651301109382,0.0390992,5.94415,5.006651301109382,0.0,0.0,0.0004,0.592569,15.9677,102607.0,102607.0,4731264.0,7751702937600.0,46510217625600.0
E55,3.0,588.0,2408448.0,4127122.5194473187,5.59278,5.67577,5.67577,3.26375573828223,3.3136591507962843,4.708604218292671,4.780599624050133,0.082993,5.67577,4.780599624050133,0.0,0.0,0.0004,0.626488,23.0743,104378.0,104378.0,4731264.0,11395003318272.0,68370019909632.0
E55,4.0,600.0,2457600.0,4211349.509640121,5.58232,5.66704,5.66704,3.2576516388857883,3.3085623543463836,4.6997978643643314,4.773246501087441,0.084715,5.66704,4.773246501087441,0.0,0.0,0.0004,0.664127,23.8203,103173.0,103173.0,4731264.0,11627554406400.0,69765326438400.0
E55,4.0,784.0,3211264.0,5502830.025929758,5.44678,5.5411,5.5411,3.178555115731512,3.2350353732581287,4.585685702658098,4.667169490099879,0.0943216,5.5411,4.667169490099879,0.0,0.0,0.0004,0.666918,30.9001,103924.0,103924.0,4731264.0,15193337757696.0,91160026546176.0
E55,5.0,800.0,3276800.0,5615132.679520162,5.41887,5.53694,5.53694,3.1622677912425354,3.232606659256802,4.562188060388502,4.663665596454428,0.118076,5.53694,4.663665596454428,0.0,0.0,0.0004,0.691107,31.7994,103046.0,103046.0,4731264.0,15503405875200.0,93020435251200.0
E55,5.0,980.0,4014080.0,6878537.532412198,5.31652,5.4616,5.4616,3.1025398205708505,3.1886212475116125,4.476018813298101,4.600208061058184,0.145079,5.4616,4.600208061058184,0.0,0.0,0.0004,0.712026,38.5277,104187.0,104187.0,4731264.0,18991672197120.0,113950033182720.0
E55,6.0,1000.0,4096000.0,7018915.849400202,5.29758,5.45882,5.45882,3.0914870822755725,3.186998212674187,4.46007308257126,4.59786651674704,0.161242,5.45882,4.59786651674704,0.0,0.0,0.0004,0.71767,39.5533,103556.0,103556.0,4731264.0,19379257344000.0,116275544064000.0
E55,6.0,1176.0,4816896.0,8254245.0388946375,5.24187,5.40629,5.40629,3.0589766255474866,3.1563298601526215,4.413170407872615,4.553621436651943,0.164416,5.40629,4.553621436651943,0.0,0.0,0.0004,0.749026,45.9033,104936.0,104936.0,4731264.0,22790006636544.0,136740039819264.0
E55,7.0,1200.0,4915200.0,8422699.019280242,5.23546,5.40292,5.40292,3.0552359680779655,3.1543623682813537,4.407773779891672,4.550782945886275,0.167464,5.40292,4.550782945886275,0.0,0.0,0.0004,0.755392,47.0696,104424.0,104424.0,4731264.0,23255108812800.0,139530652876800.0
E55,7.0,1372.0,5619712.0,9629952.545377078,5.15191,5.36436,5.36436,3.006479036474455,3.1318500577305906,4.3374323964583255,4.518304547095737,0.212459,5.36436,4.518304547095737,0.0,0.0,0.0004,0.761717,54.1085,103860.0,103860.0,4731264.0,26588341075968.0,159530046455808.0
E55,8.0,1400.0,5734400.0,9826482.189160284,5.13526,5.36281,5.36281,2.9967626641082257,3.1309451282349037,4.323414634230136,4.516999009799956,0.227552,5.36281,4.516999009799956,0.0,0.0,0.0004,0.741219,55.4323,103449.0,103449.0,4731264.0,27130960281600.0,162785761689600.0
E55,8.0,1568.0,6422528.0,11005660.051859517,5.08596,5.32825,5.32825,2.967992864849662,3.1107681196084935,4.281908587512435,4.487889739514659,0.242291,5.32825,4.487889739514659,0.0,0.0,0.0004,0.762516,61.818,103894.0,103894.0,4731264.0,30386675515392.0,182320053092352.0
E55,9.0,1600.0,6553600.0,11230265.359040324,5.07985,5.329,5.329,2.964427277152505,3.11120598871931,4.276764531823892,4.488521451109393,0.249153,5.32825,4.487889739514659,0.0007500000000000284,0.0006317115947336305,0.0004,0.777741,63.2741,103575.0,103575.0,4731264.0,31006811750400.0,186040870502400.0
E55,9.0,1764.0,7225344.0,12381367.558341956,4.97867,5.28781,5.28781,2.9053820785930413,3.0871582171532848,4.191580316673849,4.4538278503266575,0.309141,5.28781,4.4538278503266575,0.0,0.0,0.0004,0.822877,69.7684,103562.0,103562.0,4731264.0,34185009954816.0,205110059728896.0
E55,10.0,1800.0,7372800.0,12634048.528920364,4.99834,5.28926,5.28926,2.916860820001073,3.0880047641008623,4.208140639978864,4.455049159409808,0.290919,5.28781,4.4538278503266575,0.0014499999999992852,0.0012213090831503237,0.0004,0.883505,71.3324,103358.0,103358.0,4731264.0,34882663219200.0,209295979315200.0
E55,10.0,1960.0,8028160.0,13757075.064824397,4.9224,5.23664,5.23664,2.8725448249565417,3.057283867285999,4.144206173696058,4.410728273923342,0.314244,5.23664,4.410728273923342,0.0,0.0,0.0004,0.84951,77.635,103409.0,103409.0,4731264.0,37983344394240.0,227900066365440.0
E55,11.0,2000.0,8192000.0,14037831.698800404,4.89806,5.23853,5.23853,2.8583408307587033,3.0583872974452557,4.123714141706021,4.41232018714207,0.340473,5.23664,4.410728273923342,0.0018899999999995032,0.0015919132187276475,0.0004,0.882976,79.4156,103154.0,103154.0,4731264.0,38758514688000.0,232551088128000.0
E55,11.0,2156.0,8830976.0,15132782.571306836,4.83722,5.19571,5.19571,2.8228366809231846,3.0333878903450566,4.07249248080734,4.376253666493448,0.358494,5.19571,4.376253666493448,0.0,0.0,0.0004,0.924308,85.3301,103492.0,103492.0,4731264.0,41781678833664.0,250690073001984.0
E55,12.0,2200.0,9011200.0,15441614.868680445,4.80934,5.19699,5.19699,2.8065668634114447,3.0341351869608495,4.049020095766984,4.377331787615126,0.387654,5.19571,4.376253666493448,0.001280000000000392,0.001078121121677711,0.0004,0.905014,87.2462,103285.0,103285.0,4731264.0,42634366156800.0,255806196940800.0
E55,12.0,2352.0,9633792.0,16508490.077789275,4.71931,5.15851,5.15851,2.7540284247248614,3.0116695824485733,3.9732231508178018,4.344920771394692,0.439198,5.15851,4.344920771394692,0.0,0.0,0.0004,0.898085,93.0713,103510.0,103510.0,4731264.0,45580013273088.0,273480079638528.0
E55,13.0,2400.0,9830400.0,16845398.038560484,4.73494,5.1635,5.1635,2.7631495598650515,3.014582871599204,3.986382167251832,4.349123759204982,0.42856,5.15851,4.344920771394692,0.004990000000000272,0.004202987810289827,0.0004,0.921465,95.1838,103278.0,103278.0,4731264.0,46510217625600.0,279061305753600.0
E55,13.0,2548.0,10436608.0,17884197.584271714,4.68033,5.12491,5.12491,2.7312810256356355,2.992053046284008,3.9404055909586533,4.3166200919506545,0.444575,5.12491,4.3166200919506545,0.0,0.0,0.0004,0.966651,100.789,103549.0,103549.0,4731264.0,49378347712512.0,296270086275072.0
E55,14.0,2600.0,10649600.0,18249181.208440527,4.65809,5.13739,5.13739,2.718302519844348,2.9993391882879896,3.921681565015414,4.327131772887012,0.479308,5.12491,4.3166200919506545,0.012480000000000047,0.010511680936357237,0.0004,1.02372,103.074,103320.0,103320.0,4731264.0,50386069094400.0,302316414566400.0
E55,14.0,2744.0,11239424.0,19259905.090754155,4.59563,5.10157,5.10157,2.6818529932380613,2.978426559555408,3.869096013737774,4.296961227122564,0.505934,5.10157,4.296961227122564,0.0,0.0,0.0004,1.00075,109.027,103089.0,103089.0,4731264.0,53176682151936.0,319060092911616.0
E55,15.0,2800.0,11468800.0,19652964.378320567,4.58815,5.09879,5.09879,2.6774879202471067,2.9768035247179827,3.8627985445806052,4.294619682811421,0.510631,5.09879,4.294619682811421,0.0,0.0,0.0004,1.03513,111.594,102773.0,102773.0,4731264.0,54261920563200.0,325571523379200.0
E55,15.0,2940.0,12042240.0,20635612.597236596,4.50327,5.08088,5.08088,2.6279548459861135,2.966347210351692,3.791337423984286,4.279534409929197,0.577615,5.08088,4.279534409929197,0.0,0.0,0.0004,1.05489,117.49,102496.0,102496.0,4731264.0,56975016591360.0,341850099548160.0
E55,16.0,3000.0,12288000.0,21056747.548200607,4.5005,5.09145,5.09145,2.6263383684212815,2.972518245686795,3.7890053398177943,4.2884373320043006,0.590952,5.08088,4.279534409929197,0.010570000000000412,0.008902922075103348,0.0004,1.02758,119.863,102517.0,102517.0,4731264.0,58137772032000.0,348826632192000.0
E55,16.0,3136.0,12845056.0,22011320.103719033,4.43637,5.05878,5.05878,2.5889142867488326,2.9534446672196415,3.735013802779129,4.260919974937732,0.622409,5.05878,4.260919974937732,0.0,0.0,0.0004,1.07,124.995,102764.0,102764.0,4731264.0,60773351030784.0,364640106184704.0
E55,17.0,3200.0,13107200.0,22460530.718080647,4.43883,5.06645,5.06645,2.5903498588822216,2.9579226086595884,3.7370848955768072,4.2673802788465345,0.627622,5.05878,4.260919974937732,0.007670000000000066,0.0064603039088027,0.0004,1.19871,127.623,102703.0,102703.0,4731264.0,62013623500800.0,372081741004800.0
E55,17.0,3332.0,13647872.0,23387027.610201474,4.36784,5.04873,5.04873,2.5489225150817045,2.9475772211347047,3.6773178721185995,4.25245503956831,0.680889,5.04873,4.25245503956831,0.0,0.0,0.0004,1.15111,132.974,102636.0,102636.0,4731264.0,64571685470208.0,387430112821248.0
E55,18.0,3400.0,13926400.0,23864313.887960687,4.34753,5.06068,5.06068,2.5370702914926286,2.9545539356337094,3.6602187279231324,4.262520310977722,0.713151,5.04873,4.25245503956831,0.011949999999999683,0.010065271409412269,0.0004,1.14814,135.774,102570.0,102570.0,4731264.0,65889474969600.0,395336849817600.0
E55,18.0,3528.0,14450688.0,24762735.11668391,4.31835,5.04065,5.04065,2.520041838300642,2.942859911247512,3.6356518629490435,4.2456493999877205,0.7223,5.04065,4.2456493999877205,0.0,0.0,0.0004,1.14259,140.63,102756.0,102756.0,4731264.0,68370019909632.0,410220119457792.0
E55,19.0,3600.0,14745600.0,25268097.057840727,4.29899,5.0454,5.0454,2.508744002324054,2.945633082282681,3.6193525310128427,4.249650240087696,0.74641,5.04065,4.2456493999877205,0.004749999999999588,0.004000840099975811,0.0004,1.18291,143.491,102763.0,102763.0,4731264.0,69765326438400.0,418591958630400.0
E55,19.0,3724.0,15253504.0,26138442.623166353,4.22841,5.03281,5.03281,2.467555920545769,2.9382827194757795,3.5599306896875818,4.239045908117444,0.804399,5.03281,4.239045908117444,0.0,0.0,0.0004,1.23939,148.092,103000.0,103000.0,4731264.0,72168354349056.0,433010126094336.0
E55,20.0,3800.0,15564800.0,26671880.227720767,4.22285,5.04313,5.04313,2.464311294097947,2.9443077984406103,3.555249683201772,4.24773825966097,0.820281,5.03281,4.239045908117444,0.010320000000000107,0.008692351543525767,0.0004,1.19499,151.022,103063.0,103063.0,4731264.0,73641177907200.0,441847067443200.0
E55,20.0,3920.0,16056320.0,27514150.129648793,4.18926,5.02581,5.02581,2.4447093152522026,2.934195941108162,3.526970005529406,4.23314993323327,0.83655,5.02581,4.23314993323327,0.0,0.0,0.0004,1.2508,155.617,103179.0,103179.0,4731264.0,75966688788480.0,455800132730880.0
E56,0.0,0.0,0.0,0.0,8.06552,8.06691,8.06691,4.7067625013374546,4.709667611645654,6.790422919321679,6.794614107556553,0.00139184,8.06691,6.794614107556553,0.0,0.0,0.0004,,0.0,0.0,0.0,4731264.0,0.0,0.0
E56,1.0,196.0,802816.0,1375707.5064824396,6.79165,6.80335,6.80335,3.963375398264281,3.9719690867617783,5.7179420322571985,5.730340104035482,0.0116996,6.80335,5.730340104035482,0.0,0.0,0.0004,0.47616,7.17222,111934.0,111934.0,4731264.0,3798334439424.0,22790006636544.0
E56,2.0,200.0,819200.0,1403783.1698800405,6.74416,6.75521,6.75521,3.9356618532989827,3.94386372810219,5.67795983837031,5.689792642474889,0.0110506,6.75521,5.689792642474889,0.0,0.0,0.0004,0.480277,7.55155,108481.0,108481.0,4731264.0,3875851468800.0,23255108812800.0
E56,2.0,392.0,1605632.0,2751415.012964879,5.78978,5.83484,5.83484,3.3787182221349115,3.4065282700729926,4.874460023635212,4.914581441882366,0.0450635,5.83484,4.914581441882366,0.0,0.0,0.0004,0.558602,14.1204,113710.0,113710.0,4731264.0,7596668878848.0,45580013273088.0
E56,3.0,400.0,1638400.0,2807566.339760081,5.76549,5.82019,5.82019,3.3645434062324666,3.39797522677505,4.854010087027241,4.902242008731916,0.0546995,5.82019,4.902242008731916,0.0,0.0,0.0004,0.626805,14.6105,112139.0,112139.0,4731264.0,7751702937600.0,46510217625600.0
E56,3.0,588.0,2408448.0,4127122.5194473187,5.47186,5.57202,5.57202,3.1931909487011834,3.253087257133378,4.606800746302722,4.693212853445405,0.100166,5.57202,4.693212853445405,0.0,0.0,0.0004,0.633468,20.9489,114968.0,114968.0,4731264.0,11395003318272.0,68370019909632.0
E56,4.0,600.0,2457600.0,4211349.509640121,5.45846,5.56399,5.56399,3.185371165535569,3.2483991385202393,4.595519183908864,4.68644932797113,0.105537,5.56399,4.68644932797113,0.0,0.0,0.0004,0.636988,21.5292,114152.0,114152.0,4731264.0,11627554406400.0,69765326438400.0
E56,4.0,784.0,3211264.0,5502830.025929758,5.3296,5.45246,5.45246,3.110172862645942,3.183285082614466,4.487030965246732,4.592509602423704,0.122864,5.45246,4.592509602423704,0.0,0.0,0.0004,0.719748,27.9209,115013.0,115013.0,4731264.0,15193337757696.0,91160026546176.0
E56,5.0,800.0,3276800.0,5615132.679520162,5.30527,5.44955,5.44955,3.0959747041071823,3.1815861504644993,4.466547352333108,4.590058561436141,0.144283,5.44955,4.590058561436141,0.0,0.0,0.0004,0.68335,28.731,114051.0,114051.0,4731264.0,15503405875200.0,93020435251200.0
E56,5.0,980.0,4014080.0,6878537.532412198,5.19695,5.38616,5.38616,3.032762844965444,3.144577453218315,4.37535191662395,4.536666297449309,0.189212,5.38616,4.536666297449309,0.0,0.0,0.0004,0.704685,35.3279,113624.0,113624.0,4731264.0,18991672197120.0,113950033182720.0
E56,6.0,1000.0,4096000.0,7018915.849400202,5.17912,5.38401,5.38401,3.0223578648279146,3.143322228433975,4.360340703378989,4.534855390877741,0.204889,5.38401,4.534855390877741,0.0,0.0,0.0004,0.730512,36.2648,112947.0,112947.0,4731264.0,19379257344000.0,116275544064000.0
E56,6.0,1176.0,4816896.0,8254245.0388946375,5.11838,5.3378,5.3378,2.986912071583184,3.1163436529528865,4.30920323324444,4.495933533820926,0.219421,5.3378,4.495933533820926,0.0,0.0,0.0004,0.761456,42.5024,113332.0,113332.0,4731264.0,22790006636544.0,136740039819264.0
E56,7.0,1200.0,4915200.0,8422699.019280242,5.11166,5.3354,5.3354,2.9829905086822195,3.1149424717982748,4.303545613894684,4.493912056717781,0.223744,5.3354,4.493912056717781,0.0,0.0,0.0004,0.783479,43.5189,112944.0,112944.0,4731264.0,23255108812800.0,139530652876800.0
E56,7.0,1372.0,5619712.0,9629952.545377078,5.01685,5.29829,5.29829,2.927662624955962,3.0932767081950896,4.223724350419931,4.462654967010393,0.28144,5.29829,4.462654967010393,0.0,0.0,0.0004,0.799943,49.3239,113935.0,113935.0,4731264.0,26588341075968.0,159530046455808.0
E56,8.0,1400.0,5734400.0,9826482.189160284,4.99634,5.29656,5.29656,2.9156936881853097,3.0922666901128073,4.206456824696198,4.461197818931876,0.300213,5.29656,4.461197818931876,0.0,0.0,0.0004,0.808087,50.4879,113580.0,113580.0,4731264.0,27130960281600.0,162785761689600.0
E56,8.0,1568.0,6422528.0,11005660.051859517,4.93308,5.25149,5.25149,2.878777308852718,3.0659536756801598,4.153197747305492,4.423236163499056,0.318413,5.25149,4.423236163499056,0.0,0.0,0.0004,0.864063,56.6378,113397.0,113397.0,4731264.0,30386675515392.0,182320053092352.0
E56,9.0,1600.0,6553600.0,11230265.359040324,4.92104,5.24908,5.24908,2.8717511753218226,3.064546656270737,4.143061179303846,4.421206263574647,0.328042,5.24908,4.421206263574647,0.0,0.0,0.0004,0.894068,58.0832,112831.0,112831.0,4731264.0,31006811750400.0,186040870502400.0
E56,9.0,1764.0,7225344.0,12381367.558341956,4.81233,5.20421,5.20421,2.808311725476011,3.0383504069343066,4.05153739961457,4.383413064567089,0.391875,5.20421,4.383413064567089,0.0,0.0,0.0004,0.90025,63.7491,113340.0,113340.0,4731264.0,34185009954816.0,205110059728896.0
E56,10.0,1800.0,7372800.0,12634048.528920364,4.81861,5.20779,5.20779,2.8119765193775073,3.0404405021566028,4.056824579602138,4.3864284345792806,0.389185,5.20421,4.383413064567089,0.0035800000000003607,0.003015370012191987,0.0004,0.966427,65.2045,113072.0,113072.0,4731264.0,34882663219200.0,209295979315200.0
E56,10.0,1960.0,8028160.0,13757075.064824397,4.74657,5.15983,5.15983,2.769936431373715,3.0124402320836103,3.9961735531205314,4.346032583801422,0.413266,5.15983,4.346032583801422,0.0,0.0,0.0004,0.979131,70.9426,113164.0,113164.0,4731264.0,37983344394240.0,227900066365440.0
E56,11.0,2000.0,8192000.0,14037831.698800404,4.71342,5.16392,5.16392,2.7505912215274386,3.014828078301261,3.968264314810352,4.349477517698033,0.450505,5.15983,4.346032583801422,0.004089999999999705,0.0034449338966107135,0.0004,0.999015,72.5869,112858.0,112858.0,4731264.0,38758514688000.0,232551088128000.0
E56,11.0,2156.0,8830976.0,15132782.571306836,4.65855,5.1289,5.1289,2.7185709601619736,2.99438250995355,3.922068842530427,4.319980797634634,0.470351,5.1289,4.319980797634634,0.0,0.0,0.0004,1.0318,78.2899,112798.0,112798.0,4731264.0,41781678833664.0,250690073001984.0
E56,12.0,2200.0,9011200.0,15441614.868680445,4.62226,5.13179,5.13179,2.6973933533649492,2.996069765593895,3.8915160142264638,4.322414992979671,0.509531,5.1289,4.319980797634634,0.002889999999999837,0.0024341953450370823,0.0004,1.05719,80.1181,112474.0,112474.0,4731264.0,42634366156800.0,255806196940800.0
E56,12.0,2352.0,9633792.0,16508490.077789275,4.53011,5.10525,5.10525,2.643617754953657,2.980575037325813,3.813934225077656,4.300060825347388,0.575137,5.10525,4.300060825347388,0.0,0.0,0.0004,1.06435,85.8155,112262.0,112262.0,4731264.0,45580013273088.0,273480079638528.0
E56,13.0,2400.0,9830400.0,16845398.038560484,4.53814,5.11031,5.11031,2.6483037891939465,2.9835291942601194,3.8206947434375573,4.304322772906519,0.572173,5.10525,4.300060825347388,0.0050600000000002865,0.0042619475591312295,0.0004,1.10736,87.5822,112242.0,112242.0,4731264.0,46510217625600.0,279061305753600.0
E56,13.0,2548.0,10436608.0,17884197.584271714,4.48701,5.08124,5.08124,2.6184660643239583,2.966557387524884,3.7776480057362165,4.27983763149467,0.594238,5.08124,4.27983763149467,0.0,0.0,0.0004,1.11352,92.7103,112572.0,112572.0,4731264.0,49378347712512.0,296270086275072.0
E56,14.0,2600.0,10649600.0,18249181.208440527,4.46128,5.09773,5.09773,2.6034509135141644,2.9761846697080294,3.7559857221247266,4.293726863757532,0.636447,5.08124,4.27983763149467,0.016490000000000116,0.013889232262862095,0.0004,1.16333,94.6601,112504.0,112504.0,4731264.0,50386069094400.0,302316414566400.0
E56,14.0,2744.0,11239424.0,19259905.090754155,4.40373,5.07291,5.07291,2.5698666955155764,2.961694121267419,3.70753393736603,4.272821421382502,0.669178,5.07291,4.272821421382502,0.0,0.0,0.0004,1.17022,99.7013,112731.0,112731.0,4731264.0,53176682151936.0,319060092911616.0
E56,15.0,2800.0,11468800.0,19652964.378320567,4.39531,5.0785,5.0785,2.564953070571213,2.964957705706702,3.7004450750260083,4.277529778468578,0.683181,5.07291,4.272821421382502,0.005589999999999762,0.004708357086076198,0.0004,1.24734,101.711,112759.0,112759.0,4731264.0,54261920563200.0,325571523379200.0
E56,15.0,2940.0,12042240.0,20635612.597236596,4.31761,5.06468,5.06468,2.5196099995288104,2.9568892375580624,3.635028851294458,4.265889439482965,0.747074,5.06468,4.265889439482965,0.0,0.0,0.0004,1.21585,106.492,113082.0,113082.0,4731264.0,56975016591360.0,341850099548160.0
E56,16.0,3000.0,12288000.0,21056747.548200607,4.30389,5.07773,5.07773,2.511603475272674,2.964508160086264,3.623477878455373,4.276881221231319,0.77384,5.06468,4.265889439482965,0.013049999999999784,0.010991781748353802,0.0004,1.21613,108.839,112901.0,112901.0,4731264.0,58137772032000.0,348826632192000.0
E56,16.0,3136.0,12845056.0,22011320.103719033,4.24728,5.05259,5.05259,2.478567809227495,2.9498307874917056,3.57581748687953,4.255706248575869,0.805306,5.05259,4.255706248575869,0.0,0.0,0.0004,1.26809,113.91,112765.0,112765.0,4731264.0,60773351030784.0,364640106184704.0
E56,17.0,3200.0,13107200.0,22460530.718080647,4.24508,5.07153,5.07153,2.477283964230155,2.960888442103517,3.5739652900685974,4.271659072048193,0.826457,5.05259,4.255706248575869,0.018939999999999735,0.01595282347232363,0.0004,1.33803,116.373,112631.0,112631.0,4731264.0,62013623500800.0,372081741004800.0
E56,17.0,3332.0,13647872.0,23387027.610201474,4.18101,5.05336,5.05336,2.439894896512179,2.950280333112143,3.5200242674884112,4.256354805813128,0.872352,5.05259,4.255706248575869,0.0007699999999992713,0.0006485572372589843,0.0004,1.35914,121.088,112711.0,112711.0,4731264.0,64571685470208.0,387430112821248.0
E56,18.0,3400.0,13926400.0,23864313.887960687,4.1563,5.07448,5.07448,2.4254749829284243,2.9626107272727276,3.499220729671081,4.2741438043208095,0.918175,5.05259,4.255706248575869,0.021889999999999965,0.018437555744940326,0.0004,1.38093,123.513,112753.0,112753.0,4731264.0,65889474969600.0,395336849817600.0
E56,18.0,3528.0,14450688.0,24762735.11668391,4.12275,5.05279,5.05279,2.4058963467189955,2.949947552587923,3.4709747283043693,4.255874705001131,0.930046,5.05259,4.255706248575869,0.00019999999999953388,0.0001684564252615317,0.0004,1.37211,127.955,112936.0,112936.0,4731264.0,68370019909632.0,410220119457792.0
E56,19.0,3600.0,14745600.0,25268097.057840727,4.11031,5.07049,5.07049,2.398636786824948,2.9602812636031857,3.4605013972461904,4.27078309863683,0.96018,5.05259,4.255706248575869,0.017900000000000027,0.015076850060960822,0.0004,1.39535,130.658,112856.0,112856.0,4731264.0,69765326438400.0,418591958630400.0
E56,19.0,3724.0,15253504.0,26138442.623166353,4.04921,5.05544,5.05544,2.3629809098533805,2.9514946901128067,3.409060840360763,4.258106752635854,1.00623,5.05259,4.255706248575869,0.002849999999999575,0.0024005040599845984,0.0004,1.40735,135.105,112901.0,112901.0,4731264.0,72168354349056.0,433010126094336.0
E56,20.0,3800.0,15564800.0,26671880.227720767,4.03911,5.07529,5.07529,2.3570868941837757,2.9630836259124087,3.400557573183302,4.274826052843121,1.03618,5.05259,4.255706248575869,0.0226999999999995,0.019119804267251794,0.0004,1.42117,137.979,112805.0,112805.0,4731264.0,73641177907200.0,441847067443200.0
E56,20.0,3920.0,16056320.0,27514150.129648793,4.01172,5.06233,5.06233,2.341103023966898,2.955517247677505,3.3774977228872003,4.263910076486135,1.0506,5.05259,4.255706248575869,0.00973999999999986,0.008203827910265638,0.0004,1.39769,142.082,113008.0,113008.0,4731264.0,75966688788480.0,455800132730880.0
E57,0.0,0.0,0.0,0.0,8.05389,8.05238,8.05238,4.699975629828792,4.701184627405441,6.780631533452981,6.782375748261259,-0.00151753,8.05238,6.782375748261259,0.0,0.0,0.0004,,0.0,0.0,0.0,4731264.0,0.0,0.0
E57,1.0,196.0,802816.0,1375707.5064824396,7.28638,7.28821,7.28821,4.252082959870561,4.25504270952223,6.134458999653725,6.138729015798459,0.00183386,7.28821,6.138729015798459,0.0,0.0,0.0004,0.243647,7.26229,110546.0,110546.0,4731264.0,3798334439424.0,22790006636544.0
E57,2.0,200.0,819200.0,1403783.1698800405,7.27398,7.27824,7.27824,4.244846742612829,4.24922196947578,6.124019344901199,6.130331462999142,0.0042579,7.27824,6.130331462999142,0.0,0.0,0.0004,0.304346,7.67725,106705.0,106705.0,4731264.0,3875851468800.0,23255108812800.0
E57,2.0,392.0,1605632.0,2751415.012964879,6.09021,6.11447,6.11447,3.5540389278397897,3.5697833893497015,5.127394336320793,5.150108792862611,0.0242611,6.11447,5.150108792862611,0.0,0.0,0.0004,0.49939,14.4615,111028.0,111028.0,4731264.0,7596668878848.0,45580013273088.0
E57,3.0,400.0,1638400.0,2807566.339760081,6.06027,6.09054,6.09054,3.5365669645578137,3.5558124455872595,5.102187621539293,5.129952981579996,0.0302673,6.09054,5.129952981579996,0.0,0.0,0.0004,0.544992,14.9867,109324.0,109324.0,4731264.0,7751702937600.0,46510217625600.0
E57,3.0,588.0,2408448.0,4127122.5194473187,5.66861,5.74048,5.74048,3.3080075410768943,3.351438497677505,4.77244607473493,4.835103700443694,0.0718688,5.74048,4.835103700443694,0.0,0.0,0.0004,0.592011,21.5647,111685.0,111685.0,4731264.0,11395003318272.0,68370019909632.0
E57,4.0,600.0,2457600.0,4211349.509640121,5.65752,5.73091,5.73091,3.301535795158487,3.3458512878234905,4.76310931899255,4.827043060494901,0.0733954,5.73091,4.827043060494901,0.0,0.0,0.0004,0.658798,22.215,110628.0,110628.0,4731264.0,11627554406400.0,69765326438400.0
E57,4.0,784.0,3211264.0,5502830.025929758,5.49999,5.58403,5.58403,3.2096066576898936,3.260099001161248,4.63048360825341,4.703328661782395,0.0840419,5.58403,4.703328661782395,0.0,0.0,0.0004,0.635644,28.538,112526.0,112526.0,4731264.0,15193337757696.0,91160026546176.0
E57,5.0,800.0,3276800.0,5615132.679520162,5.47778,5.57977,5.57977,3.1966456588758425,3.2576119046118115,4.611784839539411,4.699740539924312,0.10199,5.57977,4.699740539924312,0.0,0.0,0.0004,0.685671,29.3861,111508.0,111508.0,4731264.0,15503405875200.0,93020435251200.0
E57,5.0,980.0,4014080.0,6878537.532412198,5.36481,5.49893,5.49893,3.1307202182624545,3.2104154527206368,4.5166745332980565,4.631650452833359,0.134126,5.49893,4.631650452833359,0.0,0.0,0.0004,0.669502,35.85,111969.0,111969.0,4731264.0,18991672197120.0,113950033182720.0
E57,6.0,1000.0,4096000.0,7018915.849400202,5.34291,5.49407,5.49407,3.117940124879847,3.207578060882548,4.49823675595287,4.62755696169949,0.15116,5.49407,4.62755696169949,0.0,0.0,0.0004,0.712878,36.7367,111496.0,111496.0,4731264.0,19379257344000.0,116275544064000.0
E57,6.0,1176.0,4816896.0,8254245.0388946375,5.28769,5.43969,5.43969,3.085715615446623,3.1758296312209686,4.451746615998479,4.581753659670717,0.152006,5.43969,4.581753659670717,0.0,0.0,0.0004,0.692319,42.8113,112514.0,112514.0,4731264.0,22790006636544.0,136740039819264.0
E57,7.0,1200.0,4915200.0,8422699.019280242,5.28377,5.43692,5.43692,3.0834280370877267,3.1742124346383545,4.448446338044454,4.579420538180837,0.153152,5.43692,4.579420538180837,0.0,0.0,0.0004,0.727436,43.8356,112128.0,112128.0,4731264.0,23255108812800.0,139530652876800.0
E57,7.0,1372.0,5619712.0,9629952.545377078,5.19915,5.39781,5.39781,3.034046689962784,3.1513790200729925,4.377204113434883,4.546478884220828,0.198665,5.39781,4.546478884220828,0.0,0.0,0.0004,0.747423,49.567,113376.0,113376.0,4731264.0,26588341075968.0,159530046455808.0
E57,8.0,1400.0,5734400.0,9826482.189160284,5.18515,5.39831,5.39831,3.025876767252441,3.1516709328135373,4.365417406456225,4.546900025283984,0.21316,5.39781,4.546478884220828,0.0005000000000006111,0.0004211410631560497,0.0004,0.721298,50.6794,113151.0,113151.0,4731264.0,27130960281600.0,162785761689600.0
E57,8.0,1568.0,6422528.0,11005660.051859517,5.13515,5.36303,5.36303,2.9966984718583594,3.1310735698407433,4.32332202438959,4.5171843118677435,0.227886,5.36303,4.5171843118677435,0.0,0.0,0.0004,0.77701,56.5,113673.0,113673.0,4731264.0,30386675515392.0,182320053092352.0
E57,9.0,1600.0,6553600.0,11230265.359040324,5.13691,5.36681,5.36681,2.997725547856231,3.1332804301592567,4.324803781838336,4.520368138305198,0.2299,5.36303,4.5171843118677435,0.0037799999999998946,0.0031838264374544067,0.0004,0.788462,57.9368,113116.0,113116.0,4731264.0,31006811750400.0,186040870502400.0
E57,9.0,1764.0,7225344.0,12381367.558341956,5.04438,5.32884,5.32884,2.9437281943999434,3.1111125766423355,4.246902067785821,4.488386685969183,0.284458,5.32884,4.488386685969183,0.0,0.0,0.0004,0.83651,63.9156,113045.0,113045.0,4731264.0,34185009954816.0,205110059728896.0
E57,10.0,1800.0,7372800.0,12634048.528920364,5.05977,5.32909,5.32909,2.952709273722242,3.1112585330126077,4.259859026385931,4.488597256500761,0.26932,5.32884,4.488386685969183,0.00025000000000030553,0.00021057053157758077,0.0004,0.860439,65.4379,112669.0,112669.0,4731264.0,34882663219200.0,209295979315200.0
E57,10.0,1960.0,8028160.0,13757075.064824397,5.00542,5.29483,5.29483,2.920992466628875,3.0912566720305246,4.2141013460795,4.459740670853359,0.289408,5.29483,4.459740670853359,0.0,0.0,0.0004,0.855044,71.1015,112911.0,112911.0,4731264.0,37983344394240.0,227900066365440.0
E57,11.0,2000.0,8192000.0,14037831.698800404,4.98833,5.30038,5.30038,2.911019325263178,3.094496903450564,4.199713144489124,4.464415336654382,0.312044,5.29483,4.459740670853359,0.0055499999999995,0.004674665801023714,0.0004,0.86153,72.728,112639.0,112639.0,4731264.0,38758514688000.0,232551088128000.0
E57,11.0,2156.0,8830976.0,15132782.571306836,4.94418,5.2695,5.2695,2.885254890430204,3.0764683725945585,4.162542922124285,4.438405664593909,0.325319,5.2695,4.438405664593909,0.0,0.0,0.0004,0.880155,78.231,112883.0,112883.0,4731264.0,41781678833664.0,250690073001984.0
E57,12.0,2200.0,9011200.0,15441614.868680445,4.91843,5.27413,5.27413,2.870228068302252,3.0791714845719977,4.140863800359968,4.442305430838728,0.355691,5.2695,4.438405664593909,0.004630000000000578,0.003899766244819247,0.0004,0.910494,79.8461,112857.0,112857.0,4731264.0,42634366156800.0,255806196940800.0
E57,12.0,2352.0,9633792.0,16508490.077789275,4.85006,5.24924,5.24924,2.830329667180385,3.064640068347711,4.083302574922052,4.421341028714856,0.39918,5.24924,4.421341028714856,0.0,0.0,0.0004,0.908224,85.0535,113267.0,113267.0,4731264.0,45580013273088.0,273480079638528.0
E57,13.0,2400.0,9830400.0,16845398.038560484,4.86938,5.25048,5.25048,2.841604160520658,3.06536401194426,4.099568230552599,4.4223854585514815,0.381107,5.24924,4.421341028714856,0.0012399999999992417,0.001044429836625227,0.0004,0.91962,86.9795,113020.0,113020.0,4731264.0,46510217625600.0,279061305753600.0
E57,13.0,2548.0,10436608.0,17884197.584271714,4.82654,5.22423,5.22423,2.816604197027009,3.0500385930656937,4.0635009071979065,4.4002755527358275,0.397691,5.22423,4.4002755527358275,0.0,0.0,0.0004,0.970318,92.0595,113368.0,113368.0,4731264.0,49378347712512.0,296270086275072.0
E57,14.0,2600.0,10649600.0,18249181.208440527,4.81506,5.23797,5.23797,2.8099048604045276,3.058060355175846,4.053835807475407,4.411848509151335,0.422917,5.22423,4.4002755527358275,0.01373999999999942,0.011572956415507818,0.0004,0.972686,94.0065,113286.0,113286.0,4731264.0,50386069094400.0,302316414566400.0
E57,14.0,2744.0,11239424.0,19259905.090754155,4.76465,5.21238,5.21238,2.7804873029882144,3.0431202611147974,4.0113952432758255,4.3902945095390455,0.447736,5.21238,4.3902945095390455,0.0,0.0,0.0004,0.956298,99.1135,113400.0,113400.0,4731264.0,53176682151936.0,319060092911616.0
E57,15.0,2800.0,11468800.0,19652964.378320567,4.76677,5.21422,5.21422,2.7817244627129236,3.0441945,4.013180087475451,4.391844308651458,0.447455,5.21238,4.3902945095390455,0.001840000000000508,0.0015497991124124866,0.0004,1.00319,101.266,113254.0,113254.0,4731264.0,54261920563200.0,325571523379200.0
E57,15.0,2940.0,12042240.0,20635612.597236596,4.69609,5.19273,5.19273,2.74047802434385,3.0316480904114136,3.9536740553860565,4.3737436657570425,0.496641,5.19273,4.3737436657570425,0.0,0.0,0.0004,0.991572,105.937,113674.0,113674.0,4731264.0,56975016591360.0,341850099548160.0
E57,16.0,3000.0,12288000.0,21056747.548200607,4.6994,5.20195,5.20195,2.742409627498938,3.0370309613470474,3.9564607696788676,4.381509506961627,0.502551,5.19273,4.3737436657570425,0.009220000000000006,0.007765841204584234,0.0004,1.00532,108.081,113693.0,113693.0,4731264.0,58137772032000.0,348826632192000.0
E57,16.0,3136.0,12845056.0,22011320.103719033,4.65723,5.18255,5.18255,2.71780065316357,3.025704747013935,3.920957524443868,4.3651692337112,0.525318,5.18255,4.3651692337112,0.0,0.0,0.0004,1.06345,113.176,113497.0,113497.0,4731264.0,60773351030784.0,364640106184704.0
E57,17.0,3200.0,13107200.0,22460530.718080647,4.66229,5.18811,5.18811,2.7207534966574505,3.028950816688786,3.9252175771090108,4.369852322333488,0.525817,5.18255,4.3651692337112,0.005560000000000009,0.004683088622288167,0.0004,1.0337,115.741,113246.0,113246.0,4731264.0,62013623500800.0,372081741004800.0
E57,17.0,3332.0,13647872.0,23387027.610201474,4.60143,5.16568,5.16568,2.6852376755037746,3.0158556111479764,3.8739790780575034,4.35095993424034,0.564244,5.16568,4.35095993424034,0.0,0.0,0.0004,1.05041,120.546,113218.0,113218.0,4731264.0,64571685470208.0,387430112821248.0
E57,18.0,3400.0,13926400.0,23864313.887960687,4.58926,5.17737,5.17737,2.6781356784048556,3.022680531021898,3.863733062062485,4.360806212296911,0.588115,5.16568,4.35095993424034,0.011689999999999756,0.009846278056571123,0.0004,1.12182,122.975,113245.0,113245.0,4731264.0,65889474969600.0,395336849817600.0
E57,18.0,3528.0,14450688.0,24762735.11668391,4.57413,5.15866,5.15866,2.6693063262186065,3.0117571562707366,3.8509949994491213,4.345047113713639,0.584527,5.15866,4.345047113713639,0.0,0.0,0.0004,1.09553,127.424,113407.0,113407.0,4731264.0,68370019909632.0,410220119457792.0
E57,19.0,3600.0,14745600.0,25268097.057840727,4.57083,5.16729,5.16729,2.6673805587225967,3.0167955701725284,3.8482167042327227,4.3523160084637,0.596467,5.15866,4.345047113713639,0.008630000000000138,0.007268894750061428,0.0004,1.07202,130.015,113414.0,113414.0,4731264.0,69765326438400.0,418591958630400.0
E57,19.0,3724.0,15253504.0,26138442.623166353,4.50969,5.14775,5.14775,2.6317013391147137,3.0053876202720637,3.7967424710416418,4.335857815715589,0.638061,5.14775,4.335857815715589,0.0,0.0,0.0004,1.08616,134.494,113414.0,113414.0,4731264.0,72168354349056.0,433010126094336.0
E57,20.0,3800.0,15564800.0,26671880.227720767,4.5133,5.15669,5.15669,2.6338080120421665,3.010607020072993,3.799781757626853,4.343387817924807,0.643395,5.14775,4.335857815715589,0.008939999999999948,0.007530002209217734,0.0004,1.09864,137.365,113310.0,113310.0,4731264.0,73641177907200.0,441847067443200.0
E57,20.0,3920.0,16056320.0,27514150.129648793,4.49343,5.14228,5.14228,2.6222125574525585,3.0021940948905113,3.7830530527935724,4.33125053248467,0.648859,5.14228,4.33125053248467,0.0,0.0,0.0004,1.11156,141.775,113252.0,113252.0,4731264.0,75966688788480.0,455800132730880.0
E60,0.0,0.0,0.0,0.0,8.04265,8.04382,8.04382,4.6934163490242025,4.696187081287326,6.771168491564401,6.775165813260041,0.00117648,8.04382,6.775165813260041,0.0,0.0,0.0002,,0.0,0.0,0.0,4731264.0,0.0,0.0
E60,1.0,196.0,802816.0,1375707.5064824396,7.06827,7.07951,7.07951,4.124801399702498,4.133198331619111,5.95083052400265,5.962944736037429,0.0112411,7.07951,5.962944736037429,0.0,0.0,0.0002,0.439591,7.20019,111499.0,111499.0,4731264.0,3798334439424.0,22790006636544.0
E60,2.0,200.0,819200.0,1403783.1698800405,7.04431,7.0566,7.0566,4.110819160549655,4.119822889847379,5.930658416916319,5.943648052523652,0.0122866,7.0566,5.943648052523652,0.0,0.0,0.0002,0.442471,7.59165,107908.0,107908.0,4731264.0,3875851468800.0,23255108812800.0
E60,2.0,392.0,1605632.0,2751415.012964879,6.11987,6.15041,6.15041,3.571347492667559,3.5907660771400134,5.1523653169627215,5.180380412482214,0.0305376,6.15041,5.180380412482214,0.0,0.0,0.0002,0.61994,14.0837,114007.0,114007.0,4731264.0,7596668878848.0,45580013273088.0
E60,3.0,400.0,1638400.0,2807566.339760081,6.09309,6.12975,6.12975,3.555719597654489,3.57870424270073,5.129819030327831,5.162978863752636,0.0366609,6.12975,5.162978863752636,0.0,0.0,0.0002,0.56415,14.6668,111708.0,111708.0,4731264.0,7751702937600.0,46510217625600.0
E60,3.0,588.0,2408448.0,4127122.5194473187,5.73712,5.79587,5.79587,3.3479876414258647,3.3837765910749833,4.830125167242632,4.88175770742004,0.0587553,5.79587,4.88175770742004,0.0,0.0,0.0002,0.626116,20.9727,114837.0,114837.0,4731264.0,11395003318272.0,68370019909632.0
E60,4.0,600.0,2457600.0,4211349.509640121,5.72101,5.78238,5.78238,3.3385863946498913,3.375900785335103,4.816562035140762,4.87039532153611,0.0613752,5.78238,4.87039532153611,0.0,0.0,0.0002,0.653603,21.6549,113489.0,113489.0,4731264.0,11627554406400.0,69765326438400.0
E60,4.0,784.0,3211264.0,5502830.025929758,5.51397,5.61664,5.61664,3.2177649090820784,3.2791375500995357,4.642253477079241,4.730795481921385,0.102668,5.61664,4.730795481921385,0.0,0.0,0.0002,0.658169,27.9755,114788.0,114788.0,4731264.0,15193337757696.0,91160026546176.0
E60,5.0,800.0,3276800.0,5615132.679520162,5.50996,5.60395,5.60395,3.2154248097914735,3.2717288047445257,4.638877427437498,4.720106921738503,0.093984,5.60395,4.720106921738503,0.0,0.0,0.0002,0.706184,28.7165,114109.0,114109.0,4731264.0,15503405875200.0,93020435251200.0
E60,5.0,980.0,4014080.0,6878537.532412198,5.39378,5.5089,5.5089,3.147626122613785,3.216236192767087,4.541064597667464,4.640048005632677,0.115123,5.5089,4.640048005632677,0.0,0.0,0.0002,0.728667,34.5667,116126.0,116126.0,4731264.0,18991672197120.0,113950033182720.0
E60,6.0,1000.0,4096000.0,7018915.849400202,5.39254,5.50256,5.50256,3.1469025008880123,3.2125347392169874,4.5400206321922125,4.634707936951867,0.11002,5.50256,4.634707936951867,0.0,0.0,0.0002,0.791685,35.5302,115282.0,115282.0,4731264.0,19379257344000.0,116275544064000.0
E60,6.0,1176.0,4816896.0,8254245.0388946375,5.30205,5.44176,5.44176,3.0940956218838034,3.1770381499668217,4.4638364097280165,4.583497183672181,0.139714,5.44176,4.583497183672181,0.0,0.0,0.0002,0.749778,41.3579,116469.0,116469.0,4731264.0,22790006636544.0,136740039819264.0
E60,7.0,1200.0,4915200.0,8422699.019280242,5.29483,5.43643,5.43643,3.089882276028898,3.173926360152621,4.457757836557595,4.579007819938944,0.141605,5.43643,4.579007819938944,0.0,0.0,0.0002,0.7697,42.4635,115751.0,115751.0,4731264.0,23255108812800.0,139530652876800.0
E60,7.0,1372.0,5619712.0,9629952.545377078,5.23626,5.39461,5.39461,3.0557028208042705,3.1495107785335104,4.408447306004738,4.543783581416633,0.158349,5.39461,4.543783581416633,0.0,0.0,0.0002,0.769359,48.3072,116333.0,116333.0,4731264.0,26588341075968.0,159530046455808.0
E60,8.0,1400.0,5734400.0,9826482.189160284,5.22242,5.38788,5.38788,3.047626268639189,3.1455816330457864,4.396795304248694,4.538115022706563,0.165463,5.38788,4.538115022706563,0.0,0.0,0.0002,0.810489,49.498,115851.0,115851.0,4731264.0,27130960281600.0,162785761689600.0
E60,8.0,1568.0,6422528.0,11005660.051859517,5.16693,5.35536,5.35536,3.0152441964108374,3.1265956284007963,4.350077849231143,4.510724007958941,0.188427,5.35536,4.510724007958941,0.0,0.0,0.0002,0.861893,55.4643,115796.0,115796.0,4731264.0,30386675515392.0,182320053092352.0
E60,9.0,1600.0,6553600.0,11230265.359040324,5.16145,5.35375,5.35375,3.012046255235646,3.1256556693762443,4.34546419535664,4.509367933735581,0.192292,5.35375,4.509367933735581,0.0,0.0,0.0002,0.870017,56.7292,115524.0,115524.0,4731264.0,31006811750400.0,186040870502400.0
E60,9.0,1764.0,7225344.0,12381367.558341956,5.13302,5.31938,5.31938,2.995455476474571,3.1055895875912407,4.321528761113551,4.480418697054284,0.186361,5.31938,4.480418697054284,0.0,0.0,0.0002,0.953661,62.2843,116006.0,116006.0,4731264.0,34185009954816.0,205110059728896.0
E60,10.0,1800.0,7372800.0,12634048.528920364,5.10075,5.31818,5.31818,2.9766238046272306,3.104888997013935,4.294360401527745,4.479407958502711,0.217432,5.31818,4.479407958502711,0.0,0.0,0.0002,0.837794,63.752,115648.0,115648.0,4731264.0,34882663219200.0,209295979315200.0
E60,10.0,1960.0,8028160.0,13757075.064824397,5.04945,5.282,5.282,2.9466868735529035,3.083766191108162,4.251170539527378,4.448934191172793,0.232549,5.282,4.448934191172793,0.0,0.0,0.0002,0.995945,69.7857,115040.0,115040.0,4731264.0,37983344394240.0,227900066365440.0
E60,11.0,2000.0,8192000.0,14037831.698800404,5.05812,5.27985,5.27985,2.951746389974237,3.082510966323822,4.258469878777732,4.447123284601225,0.22173,5.27985,4.447123284601225,0.0,0.0,0.0002,0.964813,71.3011,114893.0,114893.0,4731264.0,38758514688000.0,232551088128000.0
E60,11.0,2156.0,8830976.0,15132782.571306836,4.98792,5.24624,5.24624,2.9107800632409466,3.062888591904446,4.1993679623561775,4.418814182335924,0.258326,5.24624,4.418814182335924,0.0,0.0,0.0002,0.965962,76.616,115263.0,115263.0,4731264.0,41781678833664.0,250690073001984.0
E60,12.0,2200.0,9011200.0,15441614.868680445,4.98992,5.24672,5.24672,2.9119471950567095,3.0631688281353684,4.201051777638842,4.419218477756553,0.256804,5.24624,4.418814182335924,0.00047999999999959186,0.00040429542062891954,0.0002,0.95884,78.1771,115267.0,115267.0,4731264.0,42634366156800.0,255806196940800.0
E60,12.0,2352.0,9633792.0,16508490.077789275,4.94024,5.21532,5.21532,2.8829556407531505,3.044836708029197,4.159225806017434,4.3927708189904,0.275087,5.21532,4.3927708189904,0.0,0.0,0.0002,1.02814,83.2994,115653.0,115653.0,4731264.0,45580013273088.0,273480079638528.0
E60,13.0,2400.0,9830400.0,16845398.038560484,4.92543,5.21761,5.21761,2.8743130296574235,3.046173668380889,4.146757153849297,4.39469964505965,0.292181,5.21532,4.3927708189904,0.002289999999999459,0.0019288260692507109,0.0002,1.00558,85.0692,115558.0,115558.0,4731264.0,46510217625600.0,279061305753600.0
E60,13.0,2548.0,10436608.0,17884197.584271714,4.87964,5.19081,5.19081,2.8475915467355235,3.030527145487724,4.1082062029526725,4.372126484074525,0.311168,5.19081,4.372126484074525,0.0,0.0,0.0002,1.16265,90.2588,115630.0,115630.0,4731264.0,49378347712512.0,296270086275072.0
E60,14.0,2600.0,10649600.0,18249181.208440527,4.87033,5.18742,5.18742,2.8421585481331455,3.028547977106835,4.100368042811866,4.369271147666333,0.317097,5.18742,4.369271147666333,0.0,0.0,0.0002,1.11745,92.2497,115443.0,115443.0,4731264.0,50386069094400.0,302316414566400.0
E60,14.0,2744.0,11239424.0,19259905.090754155,4.83393,5.16585,5.16585,2.820916749086254,3.015954861479761,4.069722604667355,4.351103122201812,0.331923,5.16585,4.351103122201812,0.0,0.0,0.0002,1.20712,97.5652,115199.0,115199.0,4731264.0,53176682151936.0,319060092911616.0
E60,15.0,2800.0,11468800.0,19652964.378320567,4.83724,5.16505,5.16505,2.8228483522413423,3.0154878010948907,4.072509318960167,4.350429296500764,0.32781,5.16505,4.350429296500764,0.0,0.0,0.0002,1.04602,99.6758,115061.0,115061.0,4731264.0,54261920563200.0,325571523379200.0
E60,15.0,2940.0,12042240.0,20635612.597236596,4.79641,5.14734,5.14734,2.7990213562225352,3.0051482518248176,4.038134229964553,4.3355124800438025,0.35093,5.14734,4.3355124800438025,0.0,0.0,0.0002,1.12609,104.565,115165.0,115165.0,4731264.0,56975016591360.0,341850099548160.0
E60,16.0,3000.0,12288000.0,21056747.548200607,4.7995,5.15011,5.15011,2.8008245748778897,3.0067654484074318,4.040735724576271,4.337845601533682,0.350605,5.14734,4.3355124800438025,0.002769999999999939,0.0023331214898796304,0.0002,1.07048,106.793,115064.0,115064.0,4731264.0,58137772032000.0,348826632192000.0
E60,16.0,3136.0,12845056.0,22011320.103719033,4.75233,5.12609,5.12609,2.773297771003113,2.992741960351692,4.001022941134607,4.317613984859701,0.37376,5.12609,4.317613984859701,0.0,0.0,0.0002,1.21954,111.358,115349.0,115349.0,4731264.0,60773351030784.0,364640106184704.0
E60,17.0,3200.0,13107200.0,22460530.718080647,4.74171,5.12355,5.12355,2.76710030106141,2.9912590436297277,3.9920818819836543,4.315474588258872,0.381833,5.12355,4.315474588258872,0.0,0.0,0.0002,1.06362,113.74,115239.0,115239.0,4731264.0,62013623500800.0,372081741004800.0
E60,17.0,3332.0,13647872.0,23387027.610201474,4.7108,5.11134,5.11134,2.749062278848789,2.9841305345056406,3.9660585167900604,4.305190323496619,0.400545,5.11134,4.305190323496619,0.0,0.0,0.0002,1.07143,118.572,115102.0,115102.0,4731264.0,64571685470208.0,387430112821248.0
E60,18.0,3400.0,13926400.0,23864313.887960687,4.72788,5.11383,5.11383,2.759029584555407,2.98558425995355,3.980438299304023,4.3072876059911325,0.385953,5.11134,4.305190323496619,0.002489999999999881,0.0020972824945131308,0.0002,1.42755,120.942,115149.0,115149.0,4731264.0,65889474969600.0,395336849817600.0
E60,18.0,3528.0,14450688.0,24762735.11668391,4.68779,5.09793,5.09793,2.7356344273084323,2.9763014348042467,3.946686221962995,4.293895320182793,0.410138,5.09793,4.293895320182793,0.0,0.0,0.0002,1.18628,125.379,115256.0,115256.0,4731264.0,68370019909632.0,410220119457792.0
E60,19.0,3600.0,14745600.0,25268097.057840727,4.68184,5.09431,5.09431,2.732162210156537,2.9741879865627077,3.941676871497066,4.29084625888555,0.412468,5.09431,4.29084625888555,0.0,0.0,0.0002,1.20935,128.035,115168.0,115168.0,4731264.0,69765326438400.0,418591958630400.0
E60,19.0,3724.0,15253504.0,26138442.623166353,4.64324,5.08552,5.08552,2.7096365661123056,2.9690561605839414,3.909179236541623,4.283442598995278,0.442289,5.08552,4.283442598995278,0.0,0.0,0.0002,1.29287,132.37,115234.0,115234.0,4731264.0,72168354349056.0,433010126094336.0
E60,20.0,3800.0,15564800.0,26671880.227720767,4.64105,5.08622,5.08622,2.708358556774045,2.9694648384207034,3.907335458807105,4.284032196483696,0.44517,5.08552,4.283442598995278,0.000700000000000145,0.0005895974884175814,0.0002,1.20535,135.11,115201.0,115201.0,4731264.0,73641177907200.0,441847067443200.0
E60,20.0,3920.0,16056320.0,27514150.129648793,4.60682,5.06882,5.06882,2.6883830957472568,2.9593062750497676,3.8785169602442866,4.269376487485891,0.461998,5.06882,4.269376487485891,0.0,0.0,0.0002,1.23375,139.181,115363.0,115363.0,4731264.0,75966688788480.0,455800132730880.0
E61,0.0,0.0,0.0,0.0,8.04045,8.04233,8.04233,4.692132504026863,4.695317181320505,6.7693162947534695,6.773910812891838,0.00188423,8.04233,6.773910812891838,0.0,0.0,0.0002,,0.0,0.0,0.0,4731264.0,0.0,0.0
E61,1.0,196.0,802816.0,1375707.5064824396,7.28852,7.28733,7.28733,4.253331790913427,4.2545289430988715,6.136260682006175,6.137987807527305,-0.00119298,7.28733,6.137987807527305,0.0,0.0,0.0002,0.254062,7.75323,103546.0,103546.0,4731264.0,3798334439424.0,22790006636544.0
E61,2.0,200.0,819200.0,1403783.1698800405,7.28371,7.28479,7.28479,4.250524838896517,4.253046026376908,6.132211106251366,6.135848410926477,0.00108593,7.28479,6.135848410926477,0.0,0.0,0.0002,0.244557,8.1847,100089.0,100089.0,4731264.0,3875851468800.0,23255108812800.0
E61,2.0,392.0,1605632.0,2751415.012964879,6.5359,6.54962,6.54962,3.814128417323554,3.8238350474452556,5.502624152986362,5.516627860126684,0.0137119,6.54962,5.516627860126684,0.0,0.0,0.0002,0.536947,16.1073,99683.2,99683.2,4731264.0,7596668878848.0,45580013273088.0
E61,3.0,400.0,1638400.0,2807566.339760081,6.50781,6.52432,6.52432,3.7977360509711593,3.809064262773723,5.478974967341327,5.4953181223310255,0.0165038,6.52432,5.4953181223310255,0.0,0.0,0.0002,0.510273,16.7826,97624.9,97624.9,4731264.0,7751702937600.0,46510217625600.0
E61,3.0,588.0,2408448.0,4127122.5194473187,6.08942,6.11826,6.11826,3.5535779107725634,3.571996087923026,5.12672922928414,5.153301042121328,0.0288364,6.11826,5.153301042121328,0.0,0.0,0.0002,0.615494,24.1828,99593.5,99593.5,4731264.0,11395003318272.0,68370019909632.0
E61,4.0,600.0,2457600.0,4211349.509640121,6.07249,6.10223,6.10223,3.5436981399521277,3.562637365461181,5.112475732916379,5.139799259636567,0.0297439,6.10223,5.139799259636567,0.0,0.0,0.0002,0.634674,25.2209,97442.9,97442.9,4731264.0,11627554406400.0,69765326438400.0
E61,4.0,784.0,3211264.0,5502830.025929758,5.81444,5.87609,5.87609,3.3931089574232725,3.430611071167883,4.895221466070476,4.94932557959268,0.0616572,5.87609,4.94932557959268,0.0,0.0,0.0002,0.666064,32.6184,98449.5,98449.5,4731264.0,15193337757696.0,91160026546176.0
E61,5.0,800.0,3276800.0,5615132.679520162,5.8065,5.86168,5.86168,3.3884754441146923,3.4221981459854014,4.888536719398295,4.937188294152544,0.0551793,5.86168,4.937188294152544,0.0,0.0,0.0002,0.647435,33.5092,97788.0,97788.0,4731264.0,15503405875200.0,93020435251200.0
E61,5.0,980.0,4014080.0,6878537.532412198,5.65158,5.71972,5.71972,3.29806941366567,3.339318280690113,4.758108387603033,4.817617923501485,0.0681344,5.71972,4.817617923501485,0.0,0.0,0.0002,0.673847,40.6379,98776.7,98776.7,4731264.0,18991672197120.0,113950033182720.0
E61,6.0,1000.0,4096000.0,7018915.849400202,5.65134,5.71114,5.71114,3.2979293578477784,3.334309058062376,4.7579063297691135,4.810391142857741,0.0597924,5.71114,4.810391142857741,0.0,0.0,0.0002,0.728169,41.714,98192.4,98192.4,4731264.0,19379257344000.0,116275544064000.0
E61,6.0,1176.0,4816896.0,8254245.0388946375,5.53569,5.62018,5.62018,3.2304399606012675,3.281204292302588,4.660539711048987,4.733777160648525,0.0844947,5.62018,4.733777160648525,0.0,0.0,0.0002,0.727609,48.1326,100076.0,100076.0,4731264.0,22790006636544.0,136740039819264.0
E61,7.0,1200.0,4915200.0,8422699.019280242,5.52835,5.61085,5.61085,3.2261565868374165,3.2757572005640347,4.654360108961606,4.7259186684100465,0.082503,5.61085,4.7259186684100465,0.0,0.0,0.0002,0.708225,49.3872,99523.8,99523.8,4731264.0,23255108812800.0,139530652876800.0
E61,7.0,1372.0,5619712.0,9629952.545377078,5.45734,5.5504,5.5504,3.184717571718742,3.2404649502322496,4.594576247350571,4.6750027138745684,0.0930663,5.5504,4.6750027138745684,0.0,0.0,0.0002,0.737847,56.1948,100004.0,100004.0,4731264.0,26588341075968.0,159530046455808.0
E61,8.0,1400.0,5734400.0,9826482.189160284,5.44454,5.5417,5.5417,3.1772479280978567,3.2353856685467814,4.583799829541512,4.667674859375666,0.0971614,5.5417,4.667674859375666,0.0,0.0,0.0002,0.780683,57.5261,99683.5,99683.5,4731264.0,27130960281600.0,162785761689600.0
E61,8.0,1568.0,6422528.0,11005660.051859517,5.38033,5.49861,5.49861,3.1397771611527774,3.2102286285666892,4.52974093989154,4.631380922552941,0.11828,5.49861,4.631380922552941,0.0,0.0,0.0002,0.766817,63.9018,100506.0,100506.0,4731264.0,30386675515392.0,182320053092352.0
E61,9.0,1600.0,6553600.0,11230265.359040324,5.3724,5.49271,5.49271,3.135149483503276,3.206784058228268,4.523064612295771,4.626411458007707,0.12031,5.49271,4.626411458007707,0.0,0.0,0.0002,0.733438,65.4385,100149.0,100149.0,4731264.0,31006811750400.0,186040870502400.0
E61,9.0,1764.0,7225344.0,12381367.558341956,5.34932,5.46041,5.46041,3.121680782349368,3.1879264951891177,4.5036333839338125,4.5992057453278745,0.11109,5.46041,4.5992057453278745,0.0,0.0,0.0002,0.802944,71.9228,100460.0,100460.0,4731264.0,34185009954816.0,205110059728896.0
E61,10.0,1800.0,7372800.0,12634048.528920364,5.31736,5.45756,5.45756,3.103030015933471,3.186262592568016,4.47672601571682,4.596805241267889,0.140196,5.45756,4.596805241267889,0.0,0.0,0.0002,0.77043,73.6358,100125.0,100125.0,4731264.0,34882663219200.0,209295979315200.0
E61,10.0,1960.0,8028160.0,13757075.064824397,5.28009,5.43018,5.43018,3.081280514546723,3.17027745089582,4.445348117924351,4.573743556649504,0.150085,5.43018,4.573743556649504,0.0,0.0,0.0002,0.79429,79.4504,101046.0,101046.0,4731264.0,37983344394240.0,227900066365440.0
E61,11.0,2000.0,8192000.0,14037831.698800404,5.29148,5.43042,5.43042,3.0879273302374943,3.170417569011281,4.454937445959129,4.573945704359818,0.138938,5.43018,4.573743556649504,0.00023999999999979593,0.00020214771031401568,0.0002,0.810265,81.1098,100999.0,100999.0,4731264.0,38758514688000.0,232551088128000.0
E61,11.0,2156.0,8830976.0,15132782.571306836,5.23668,5.40123,5.40123,3.055947918485581,3.1533757032183147,4.408800907214098,4.549359489092811,0.164554,5.40123,4.549359489092811,0.0,0.0,0.0002,0.787601,86.7676,101777.0,101777.0,4731264.0,41781678833664.0,250690073001984.0
E61,12.0,2200.0,9011200.0,15441614.868680445,5.23391,5.40124,5.40124,3.0543314409207487,3.1533815414731254,4.406468823047606,4.549367911914073,0.167327,5.40123,4.549359489092811,9.999999999621423e-06,8.422821262676905e-06,0.0002,0.793964,88.6247,101678.0,101678.0,4731264.0,42634366156800.0,255806196940800.0
E61,12.0,2352.0,9633792.0,16508490.077789275,5.19525,5.37767,5.37767,3.031770782922045,3.1396207748838756,4.373920673633684,4.529515322196932,0.182421,5.37767,4.529515322196932,0.0,0.0,0.0002,0.864293,93.7096,102805.0,102805.0,4731264.0,45580013273088.0,273480079638528.0
E61,13.0,2400.0,9830400.0,16845398.038560484,5.18452,5.37861,5.37861,3.0255091207304754,3.140169570836098,4.364887004642185,4.530307067395664,0.194095,5.37767,4.529515322196932,0.0009399999999999409,0.0007917451987315971,0.0002,0.796432,95.8345,102577.0,102577.0,4731264.0,46510217625600.0,279061305753600.0
E61,13.0,2548.0,10436608.0,17884197.584271714,5.15407,5.35737,5.35737,3.0077395388354793,3.127769117617784,4.3392509169636035,4.512416995032826,0.203298,5.35737,4.512416995032826,0.0,0.0,0.0002,0.842238,100.98,103353.0,103353.0,4731264.0,49378347712512.0,296270086275072.0
E61,14.0,2600.0,10649600.0,18249181.208440527,5.14521,5.35416,5.35416,3.002569144891648,3.1258950378234904,4.331791615261396,4.509713269407368,0.20895,5.35416,4.509713269407368,0.0,0.0,0.0002,0.851242,102.974,103421.0,103421.0,4731264.0,50386069094400.0,302316414566400.0
E61,14.0,2744.0,11239424.0,19259905.090754155,5.11956,5.33397,5.33397,2.9876006793544843,3.1141076013603186,4.3101966842612125,4.4927075932771565,0.214403,5.33397,4.4927075932771565,0.0,0.0,0.0002,0.869746,107.986,104082.0,104082.0,4731264.0,53176682151936.0,319060092911616.0
E61,15.0,2800.0,11468800.0,19652964.378320567,5.11567,5.33086,5.33086,2.985330607972825,3.112291904114134,4.3069216635364285,4.490088095864331,0.215191,5.33086,4.490088095864331,0.0,0.0,0.0002,0.876366,110.24,104035.0,104035.0,4731264.0,54261920563200.0,325571523379200.0
E61,15.0,2940.0,12042240.0,20635612.597236596,5.07845,5.31431,5.31431,2.9636102848814705,3.102629592402123,4.275585861126026,4.476148326673889,0.235859,5.31431,4.476148326673889,0.0,0.0,0.0002,0.874368,115.013,104703.0,104703.0,4731264.0,56975016591360.0,341850099548160.0
E61,16.0,3000.0,12288000.0,21056747.548200607,5.08296,5.31436,5.31436,2.966242167126017,3.1026587836761776,4.279382864588436,4.476190440780205,0.231408,5.31431,4.476148326673889,4.999999999988347e-05,4.211410631604906e-05,0.0002,0.920493,117.51,104569.0,104569.0,4731264.0,58137772032000.0,348826632192000.0
E61,16.0,3136.0,12845056.0,22011320.103719033,5.043,5.28474,5.28474,2.942922873447067,3.085365872926344,4.245740235240782,4.451242044198884,0.241738,5.28474,4.451242044198884,0.0,0.0,0.0002,0.865269,122.327,105006.0,105006.0,4731264.0,60773351030784.0,364640106184704.0
E61,17.0,3200.0,13107200.0,22460530.718080647,5.03181,5.28079,5.28079,2.9363927709378714,3.083059762276045,4.236319288734269,4.447915029799956,0.248983,5.28079,4.447915029799956,0.0,0.0,0.0002,0.889546,124.677,105129.0,105129.0,4731264.0,62013623500800.0,372081741004800.0
E61,17.0,3332.0,13647872.0,23387027.610201474,5.00223,5.26188,5.26188,2.9191308913827325,3.072019622428666,4.211415660703648,4.4319874747914225,0.259655,5.26188,4.4319874747914225,0.0,0.0,0.0002,0.870569,129.184,105647.0,105647.0,4731264.0,64571685470208.0,387430112821248.0
E61,18.0,3400.0,13926400.0,23864313.887960687,5.01222,5.25816,5.25816,2.92496071480247,3.069847791639018,4.219826318040561,4.428854185281548,0.245937,5.25816,4.428854185281548,0.0,0.0,0.0002,1.03046,131.598,105825.0,105825.0,4731264.0,65889474969600.0,395336849817600.0
E61,18.0,3528.0,14450688.0,24762735.11668391,4.97407,5.2363,5.2363,2.902697675416786,3.0570853666224287,4.187707541523719,4.410441898000396,0.262232,5.2363,4.410441898000396,0.0,0.0,0.0002,0.969285,136.094,106182.0,106182.0,4731264.0,68370019909632.0,410220119457792.0
E61,19.0,3600.0,14745600.0,25268097.057840727,4.96375,5.22883,5.22883,2.8966752752474476,3.0527241902786995,4.179019054665166,4.404150050516856,0.265081,5.22883,4.404150050516856,0.0,0.0,0.0002,0.973557,138.664,106341.0,106341.0,4731264.0,69765326438400.0,418591958630400.0
E61,19.0,3724.0,15253504.0,26138442.623166353,4.93032,5.21168,5.21168,2.8771666669469647,3.0427115832780363,4.150874082215414,4.389704912050629,0.281366,5.21168,4.389704912050629,0.0,0.0,0.0002,0.976124,143.052,106629.0,106629.0,4731264.0,72168354349056.0,433010126094336.0
E61,20.0,3800.0,15564800.0,26671880.227720767,4.92318,5.21014,5.21014,2.87300000636469,3.04181249203716,4.144862861656298,4.388407797576111,0.286959,5.21014,4.388407797576111,0.0,0.0,0.0002,0.972205,145.824,106737.0,106737.0,4731264.0,73641177907200.0,441847067443200.0
E61,20.0,3920.0,16056320.0,27514150.129648793,4.89562,5.19148,5.19148,2.856916929943472,3.0309183085600533,4.12165988706117,4.372690813099154,0.295861,5.19148,4.372690813099154,0.0,0.0,0.0002,0.974453,150.338,106801.0,106801.0,4731264.0,75966688788480.0,455800132730880.0
E62,0.0,0.0,0.0,0.0,8.04336,8.04452,8.04452,4.693830680818798,4.696595759124088,6.771766245989747,6.7757554107484586,0.00115599,8.04452,6.7757554107484586,0.0,0.0,0.0002,,0.0,0.0,0.0,6508416.0,0.0,0.0
E62,1.0,196.0,802816.0,1375707.5064824396,7.09789,7.11112,7.11112,4.142086621893952,4.15165305507631,5.975767828338924,5.989569274050107,0.0132316,7.11112,5.989569274050107,0.0,0.0,0.0002,0.395287,10.8492,73997.4,73997.4,6508416.0,5225060499456.0,31350362996736.0
E62,2.0,200.0,819200.0,1403783.1698800405,7.0764,7.08927,7.08927,4.129545790533576,4.138896468314532,5.957675233126684,5.9711654095902205,0.0128695,7.08927,5.9711654095902205,0.0,0.0,0.0002,0.371626,11.3929,71904.5,71904.5,6508416.0,5331694387200.0,31990166323200.0
E62,2.0,392.0,1605632.0,2751415.012964879,6.14766,6.17811,6.17811,3.5875647892475895,3.606938042966158,5.175761930315357,5.203711627381019,0.0304511,6.17811,5.203711627381019,0.0,0.0,0.0002,0.523714,21.4033,75017.9,75017.9,6508416.0,10450120998912.0,62700725993472.0
E62,3.0,400.0,1638400.0,2807566.339760081,6.12049,6.15628,6.15628,3.571709303530446,3.5941931327140013,5.152887299700348,5.185324608563658,0.0357856,6.15628,5.185324608563658,0.0,0.0,0.0002,0.546246,22.1652,73917.8,73917.8,6508416.0,10663388774400.0,63980332646400.0
E62,3.0,588.0,2408448.0,4127122.5194473187,5.76102,5.81824,5.81824,3.3619348666242357,3.3968367670869277,4.850246759870483,4.9005995585856095,0.0572118,5.81824,4.9005995585856095,0.0,0.0,0.0002,0.621339,31.585,76252.8,76252.8,6508416.0,15675181498368.0,94051088990208.0
E62,4.0,600.0,2457600.0,4211349.509640121,5.74391,5.805,5.805,3.3519500539403806,3.389106917717319,4.835841720127281,4.889447743233257,0.0610895,5.805,4.889447743233257,0.0,0.0,0.0002,0.64501,32.5415,75522.1,75522.1,6508416.0,15995083161600.0,95970498969600.0
E62,4.0,784.0,3211264.0,5502830.025929758,5.53143,5.63291,5.63291,3.227953969833692,3.2886363906768414,4.65695318449691,4.7444994121164585,0.101483,5.63291,4.7444994121164585,0.0,0.0,0.0002,0.661618,41.6453,77109.9,77109.9,6508416.0,20900241997824.0,125401451986944.0
E62,5.0,800.0,3276800.0,5615132.679520162,5.52861,5.62026,5.62026,3.2263083139734654,3.281250998341075,4.654579004948351,4.73384454321863,0.0916462,5.62026,4.73384454321863,0.0,0.0,0.0002,0.735036,42.7039,76733.0,76733.0,6508416.0,21326777548800.0,127960665292800.0
E62,5.0,980.0,4014080.0,6878537.532412198,5.4095,5.52189,5.52189,3.1567997786856847,3.2238200857664236,4.554299385789215,4.650989250453453,0.112393,5.52189,4.650989250453453,0.0,0.0,0.0002,0.725898,51.4384,78036.7,78036.7,6508416.0,26125302497280.0,156751814983680.0
E62,6.0,1000.0,4096000.0,7018915.849400202,5.40793,5.51555,5.51555,3.1558835802103107,3.220118632216324,4.552977590792323,4.645649181772643,0.107622,5.51555,4.645649181772643,0.0,0.0,0.0002,0.754154,52.8377,77520.4,77520.4,6508416.0,26658471936000.0,159950831616000.0
E62,6.0,1176.0,4816896.0,8254245.0388946375,5.31504,5.45315,5.45315,3.1016761430271855,3.183687922196417,4.474772789988928,4.5930907770908584,0.138106,5.45315,4.5930907770908584,0.0,0.0,0.0002,0.713659,61.6335,78153.8,78153.8,6508416.0,31350362996736.0,188102177980416.0
E62,7.0,1200.0,4915200.0,8422699.019280242,5.31131,5.44782,5.44782,3.099499442190787,3.1805761323822166,4.471632474486757,4.588601413357623,0.136503,5.44782,4.588601413357623,0.0,0.0,0.0002,0.722092,63.1246,77865.0,77865.0,6508416.0,31990166323200.0,191940997939200.0
E62,7.0,1372.0,5619712.0,9629952.545377078,5.24463,5.40354,5.40354,3.06058726745324,3.1547243400796283,4.415494072962693,4.551305160804588,0.158917,5.40354,4.551305160804588,0.0,0.0,0.0002,0.829713,71.8852,78176.2,78176.2,6508416.0,36575423496192.0,219452540977152.0
E62,8.0,1400.0,5734400.0,9826482.189160284,5.23411,5.39701,5.39701,3.0544481541023254,3.150911959688122,4.4066372045758735,4.545805058519779,0.162894,5.39701,4.545805058519779,0.0,0.0,0.0002,0.815094,73.7321,77773.5,77773.5,6508416.0,37321860710400.0,223931164262400.0
E62,8.0,1568.0,6422528.0,11005660.051859517,5.17223,5.36382,5.36382,3.0183370957226097,3.131534791970803,4.3545399597302055,4.51784971474753,0.191592,5.36382,4.51784971474753,0.0,0.0,0.0002,0.897964,81.9545,78367.0,78367.0,6508416.0,41800483995648.0,250802903973888.0
E62,9.0,1600.0,6553600.0,11230265.359040324,5.16997,5.36364,5.36364,3.0170182367707974,3.131429703384207,4.352637248460794,4.517698103964793,0.193669,5.36364,4.517698103964793,0.0,0.0,0.0002,0.910372,83.8416,78166.4,78166.4,6508416.0,42653555097600.0,255921330585600.0
E62,9.0,1764.0,7225344.0,12381367.558341956,5.13721,5.32491,5.32491,2.997900617628595,3.108818142501659,4.3250563541307345,4.485076517212783,0.187703,5.32491,4.485076517212783,0.0,0.0,0.0002,0.87245,92.302,78279.3,78279.3,6508416.0,47025544495104.0,282153266970624.0
E62,10.0,1800.0,7372800.0,12634048.528920364,5.10386,5.32324,5.32324,2.978438694600743,3.1078431539482416,4.296978734292289,4.483669906061843,0.219378,5.32324,4.483669906061843,0.0,0.0,0.0002,0.918949,94.3235,78165.0,78165.0,6508416.0,47985249484800.0,287911496908800.0
E62,10.0,1960.0,8028160.0,13757075.064824397,5.05156,5.28609,5.28609,2.9479181976185336,3.0861540373258127,4.25294696465059,4.452379125069403,0.234534,5.28609,4.452379125069403,0.0,0.0,0.0002,1.04166,102.056,78664.5,78664.5,6508416.0,52250604994560.0,313503629967360.0
E62,11.0,2000.0,8192000.0,14037831.698800404,5.05805,5.28365,5.28365,2.951705540360685,3.0847295031519573,4.258410945242838,4.4503239566812045,0.225604,5.28365,4.4503239566812045,0.0,0.0,0.0002,1.06715,104.263,78570.7,78570.7,6508416.0,53316943872000.0,319901663232000.0
E62,11.0,2156.0,8830976.0,15132782.571306836,4.9857,5.24488,5.24488,2.909484546925449,3.062094589250166,4.1974989273924175,4.417668678644142,0.259183,5.24488,4.417668678644142,0.0,0.0,0.0002,1.02705,111.78,79002.9,79002.9,6508416.0,57475665494016.0,344853992964096.0
E62,12.0,2200.0,9011200.0,15441614.868680445,4.98163,5.24584,5.24584,2.907109433680371,3.062655061712011,4.194072363292194,4.4184772694854,0.26421,5.24488,4.417668678644142,0.0009600000000000719,0.0008085908412587273,0.0002,0.95609,114.564,78656.2,78656.2,6508416.0,58648638259200.0,351891829555200.0
E62,12.0,2352.0,9633792.0,16508490.077789275,4.93036,5.20871,5.20871,2.87719000958328,3.040977621599204,4.150907758521067,4.387203334135486,0.278347,5.20871,4.387203334135486,0.0,0.0,0.0002,1.13652,122.86,78412.6,78412.6,6508416.0,62700725993472.0,376204355960832.0
E62,13.0,2400.0,9830400.0,16845398.038560484,4.91021,5.20788,5.20788,2.865431156539465,3.040493046449901,4.133943319548213,4.386504239970649,0.297661,5.20788,4.386504239970649,0.0,0.0,0.0002,1.01924,125.849,78112.3,78112.3,6508416.0,63980332646400.0,383881995878400.0
E62,13.0,2548.0,10436608.0,17884197.584271714,4.86168,5.17954,5.17954,2.8371107030299694,3.0239474323158597,4.093085541714338,4.362633964511005,0.317861,5.17954,4.362633964511005,0.0,0.0,0.0002,1.15714,133.513,78169.0,78169.0,6508416.0,67925786492928.0,407554718957568.0
E62,14.0,2600.0,10649600.0,18249181.208440527,4.85387,5.17959,5.17959,2.8325530532894136,3.0239766235899137,4.086510243035529,4.36267607861732,0.325718,5.17954,4.362633964511005,4.999999999988347e-05,4.211410631516088e-05,0.0002,1.16089,136.275,78147.6,78147.6,6508416.0,69312027033600.0,415872162201600.0
E62,14.0,2744.0,11239424.0,19259905.090754155,4.8137,5.15675,5.15675,2.8091112107698084,3.010642049601858,4.052690813083195,4.343438354852386,0.343051,5.15675,4.343438354852386,0.0,0.0,0.0002,1.14049,143.275,78446.8,78446.8,6508416.0,73150846992384.0,438905081954304.0
E62,15.0,2800.0,11468800.0,19652964.378320567,4.81638,5.15892,5.15892,2.8106751674029313,3.01190895089582,4.0549471255619665,4.34526610706648,0.342542,5.15675,4.343438354852386,0.0021700000000004493,0.0018277522140941471,0.0002,1.13477,146.219,78435.8,78435.8,6508416.0,74643721420800.0,447862328524800.0
E62,15.0,2940.0,12042240.0,20635612.597236596,4.77128,5.13677,5.13677,2.78435634495747,2.998977216489715,4.016977090937862,4.326609557968699,0.365492,5.13677,4.326609557968699,0.0,0.0,0.0002,1.0963,153.068,78672.2,78672.2,6508416.0,78375907491840.0,470255444951040.0
E62,16.0,3000.0,12288000.0,21056747.548200607,4.77306,5.13986,5.13986,2.7853950922734994,3.000781237226277,4.018475686539435,4.329212209738999,0.366795,5.13677,4.326609557968699,0.003089999999999371,0.0026026517702995022,0.0002,1.10242,156.464,78535.9,78535.9,6508416.0,79975415808000.0,479852494848000.0
E62,16.0,3136.0,12845056.0,22011320.103719033,4.72259,5.11605,5.11605,2.7559425209027135,2.9868803525215664,3.975984607881373,4.309157472311543,0.393463,5.11605,4.309157472311543,0.0,0.0,0.0002,1.08402,163.568,78530.5,78530.5,6508416.0,83600967991296.0,501605807947776.0
E62,17.0,3200.0,13107200.0,22460530.718080647,4.71281,5.11142,5.11142,2.750235246323631,2.9841772405441276,3.967750751149139,4.305257706066724,0.39861,5.11142,4.305257706066724,0.0,0.0,0.0002,1.13794,166.893,78536.8,78536.8,6508416.0,85307110195200.0,511842661171200.0
E62,17.0,3332.0,13647872.0,23387027.610201474,4.67489,5.09817,5.09817,2.7281064270967597,2.9764415529197077,3.9358256133898037,4.294097467893107,0.42328,5.09817,4.294097467893107,0.0,0.0,0.0002,1.13758,173.371,78720.5,78720.5,6508416.0,88826028490752.0,532956170944512.0
E62,18.0,3400.0,13926400.0,23864313.887960687,4.69076,5.10019,5.10019,2.737367618054841,2.9776208803915063,3.9491866876577535,4.295798877788256,0.409433,5.09817,4.294097467893107,0.0020199999999999108,0.0017014098951486645,0.0002,1.36724,176.962,78697.2,78697.2,6508416.0,90638804582400.0,543832827494400.0
E62,18.0,3528.0,14450688.0,24762735.11668391,4.65342,5.08747,5.08747,2.715577267054541,2.9701946202720637,3.9177498563303903,4.285085049141585,0.434047,5.08747,4.285085049141585,0.0,0.0,0.0002,1.20325,183.994,78538.9,78538.9,6508416.0,94051088990208.0,564306533941248.0
E62,19.0,3600.0,14745600.0,25268097.057840727,4.64388,5.08242,5.08242,2.7100100482933502,2.967246301592568,3.9097180574320767,4.280831524403715,0.438533,5.08242,4.280831524403715,0.0,0.0,0.0002,1.40587,188.0,78434.0,78434.0,6508416.0,95970498969600.0,575822993817600.0
E62,19.0,3724.0,15253504.0,26138442.623166353,4.60557,5.07224,5.07224,2.687653638362405,2.9613029581950894,3.877464575692621,4.272257092357873,0.466663,5.07224,4.272257092357873,0.0,0.0,0.0002,1.24925,194.44,78448.5,78448.5,6508416.0,99276149489664.0,595656896937984.0
E62,20.0,3800.0,15564800.0,26671880.227720767,4.59908,5.0747,5.0747,2.683866295620253,2.9627391688785667,3.8720005951003715,4.274329106388597,0.475622,5.07224,4.272257092357873,0.0024600000000001288,0.002072014030724212,0.0002,1.32389,198.46,78428.0,78428.0,6508416.0,101302193356800.0,607813160140800.0
E62,20.0,3920.0,16056320.0,27514150.129648793,4.56902,5.06085,5.06085,2.666324304429331,2.9546531859654945,3.8466928514019108,4.262663498939196,0.491836,5.06085,4.262663498939196,0.0,0.0,0.0002,1.25249,204.77,78411.3,78411.3,6508416.0,104501209989120.0,627007259934720.0
E63,0.0,0.0,0.0,0.0,8.04628,8.0483,8.0483,4.6955346932698125,4.698802619442601,6.774224616302439,6.778939237185912,0.00201341,8.0483,6.778939237185912,0.0,0.0,0.0002,,0.0,0.0,0.0,6508416.0,0.0,0.0
E63,1.0,196.0,802816.0,1375707.5064824396,7.26504,7.26722,7.26722,4.239629663396367,4.242788212674188,6.116492690587684,6.1210495139672,0.00218449,7.26722,6.1210495139672,0.0,0.0,0.0002,0.306529,10.4267,76996.3,76996.3,6508416.0,5225060499456.0,31350362996736.0
E63,2.0,200.0,819200.0,1403783.1698800405,7.25439,7.25749,7.25749,4.233414686477428,4.237107590743198,6.107526374207491,6.112854108878196,0.00309483,7.25749,6.112854108878196,0.0,0.0,0.0002,0.301349,10.9791,74614.2,74614.2,6508416.0,5331694387200.0,31990166323200.0
E63,2.0,392.0,1605632.0,2751415.012964879,6.38828,6.40298,6.40298,3.7279824180020675,3.738222878898474,5.37834174697283,5.393115609124493,0.0146974,6.40298,5.393115609124493,0.0,0.0,0.0002,0.530453,21.0846,76151.8,76151.8,6508416.0,10450120998912.0,62700725993472.0
E63,3.0,400.0,1638400.0,2807566.339760081,6.36142,6.38095,6.38095,3.712307837716367,3.7253612035501,5.355728107726634,5.374560133881869,0.0195335,6.38095,5.374560133881869,0.0,0.0,0.0002,0.530485,21.809,75124.8,75124.8,6508416.0,10663388774400.0,63980332646400.0
E63,3.0,588.0,2408448.0,4127122.5194473187,6.01971,6.05167,6.05167,3.5128975313341346,3.533119149137359,5.068039847606838,5.097213475330302,0.0319617,6.05167,5.097213475330302,0.0,0.0,0.0002,0.5648,31.4135,76669.1,76669.1,6508416.0,15675181498368.0,94051088990208.0
E63,4.0,600.0,2457600.0,4211349.509640121,6.00546,6.03913,6.03913,3.504581717146822,3.5257979776045123,5.056042663717848,5.086651257466366,0.0336745,6.03913,5.086651257466366,0.0,0.0,0.0002,0.586197,32.4499,75735.3,75735.3,6508416.0,15995083161600.0,95970498969600.0
E63,4.0,784.0,3211264.0,5502830.025929758,5.78052,5.84694,5.84694,3.3733144018279275,3.4135925583941606,4.8666639588764715,4.924773055610725,0.066414,5.84694,4.924773055610725,0.0,0.0,0.0002,0.6462,41.5823,77226.7,77226.7,6508416.0,20900241997824.0,125401451986944.0
E63,5.0,800.0,3276800.0,5615132.679520162,5.77541,5.83369,5.83369,3.3703323800386524,3.405856870769741,4.862361810829261,4.913612817437109,0.0582812,5.83369,4.913612817437109,0.0,0.0,0.0002,0.640823,42.8274,76511.8,76511.8,6508416.0,21326777548800.0,127960665292800.0
E63,5.0,980.0,4014080.0,6878537.532412198,5.64128,5.70704,5.70704,3.292058684814489,3.331915373589914,4.749436738897306,4.806937786139867,0.0657594,5.70704,4.806937786139867,0.0,0.0,0.0002,0.680868,52.6874,76186.8,76186.8,6508416.0,26125302497280.0,156751814983680.0
E63,6.0,1000.0,4096000.0,7018915.849400202,5.63834,5.69721,5.69721,3.290343001045317,3.3261763691108164,4.746961530431789,4.798658152838233,0.0588688,5.69721,4.798658152838233,0.0,0.0,0.0002,0.679896,54.0237,75818.6,75818.6,6508416.0,26658471936000.0,159950831616000.0
E63,6.0,1176.0,4816896.0,8254245.0388946375,5.5287,5.61319,5.61319,3.226360834905175,3.2771233521897813,4.654654776636072,4.727889608585613,0.0844874,5.61319,4.727889608585613,0.0,0.0,0.0002,0.66492,62.7891,76715.4,76715.4,6508416.0,31350362996736.0,188102177980416.0
E63,7.0,1200.0,4915200.0,8422699.019280242,5.52848,5.6094,5.6094,3.226232450405441,3.2749106536164567,4.654469556954979,4.724697359326896,0.0809168,5.6094,4.724697359326896,0.0,0.0,0.0002,0.67936,64.193,76569.1,76569.1,6508416.0,31990166323200.0,191940997939200.0
E63,7.0,1372.0,5619712.0,9629952.545377078,5.45497,5.54677,5.54677,3.1833345205170627,3.2383456637358994,4.592580926240613,4.671945229756061,0.0917956,5.54677,4.671945229756061,0.0,0.0,0.0002,0.694863,73.4114,76551.0,76551.0,6508416.0,36575423496192.0,219452540977152.0
E63,8.0,1400.0,5734400.0,9826482.189160284,5.44257,5.53764,5.53764,3.17609830325933,3.2330153370935633,4.582141271488087,4.664255193942844,0.0950689,5.53764,4.664255193942844,0.0,0.0,0.0002,0.719271,75.2137,76241.5,76241.5,6508416.0,37321860710400.0,223931164262400.0
E63,8.0,1568.0,6422528.0,11005660.051859517,5.3782,5.49744,5.49744,3.138534165768989,3.2095455527538155,4.527947676615501,4.630395452465157,0.119241,5.49744,4.630395452465157,0.0,0.0,0.0002,0.739072,83.6836,76747.7,76747.7,6508416.0,41800483995648.0,250802903973888.0
E63,9.0,1600.0,6553600.0,11230265.359040324,5.37282,5.49097,5.49097,3.1353945811845865,3.2057682018911744,4.523418213505131,4.624945887107927,0.11815,5.49097,4.624945887107927,0.0,0.0,0.0002,0.743278,85.6609,76506.3,76506.3,6508416.0,42653555097600.0,255921330585600.0
E63,9.0,1764.0,7225344.0,12381367.558341956,5.34839,5.45724,5.45724,3.121138066055038,3.1860757684140677,4.502850409827373,4.596535710987469,0.108855,5.45724,4.596535710987469,0.0,0.0,0.0002,0.730713,94.053,76822.0,76822.0,6508416.0,47025544495104.0,282153266970624.0
E63,10.0,1800.0,7372800.0,12634048.528920364,5.31301,5.45381,5.45381,3.1004915042341863,3.184073247013935,4.473063717477023,4.5936466832942235,0.140794,5.45381,4.5936466832942235,0.0,0.0,0.0002,0.721991,96.2679,76586.3,76586.3,6508416.0,47985249484800.0,287911496908800.0
E63,10.0,1960.0,8028160.0,13757075.064824397,5.27681,5.42403,5.42403,3.079366418368871,3.1666869241871267,4.442586660860779,4.568563521572693,0.147217,5.42403,4.568563521572693,0.0,0.0,0.0002,0.750248,104.173,77065.3,77065.3,6508416.0,52250604994560.0,313503629967360.0
E63,11.0,2000.0,8192000.0,14037831.698800404,5.28865,5.42455,5.42455,3.0862758387181892,3.166990513437293,4.452554847334158,4.569001508278375,0.135898,5.42403,4.568563521572693,0.0005199999999998539,0.0004379867056822917,0.0002,0.794927,106.391,76998.6,76998.6,6508416.0,53316943872000.0,319901663232000.0
E63,11.0,2156.0,8830976.0,15132782.571306836,5.23244,5.39539,5.39539,3.053473599036163,3.1499661624087594,4.405231218814848,4.544440561475157,0.162946,5.39539,4.544440561475157,0.0,0.0,0.0002,0.791831,113.824,77584.7,77584.7,6508416.0,57475665494016.0,344853992964096.0
E63,12.0,2200.0,9011200.0,15441614.868680445,5.2267,5.39357,5.39357,3.0501239307249226,3.148903600033179,4.400398668953598,4.5429076080052715,0.166869,5.39357,4.5429076080052715,0.0,0.0,0.0002,0.790629,116.312,77474.1,77474.1,6508416.0,58648638259200.0,351891829555200.0
E63,12.0,2352.0,9633792.0,16508490.077789275,5.18385,5.36524,5.36524,3.0251181315721944,3.1323638241539484,4.364322926522492,4.51904575536689,0.181388,5.36524,4.51904575536689,0.0,0.0,0.0002,0.801837,124.035,77669.6,77669.6,6508416.0,62700725993472.0,376204355960832.0
E63,13.0,2400.0,9830400.0,16845398.038560484,5.17409,5.36273,5.36273,3.0194225283112694,3.1308984221964167,4.356105907943085,4.516931627229851,0.188639,5.36273,4.516931627229851,0.0,0.0,0.0002,0.798283,126.671,77605.6,77605.6,6508416.0,63980332646400.0,383881995878400.0
E63,13.0,2548.0,10436608.0,17884197.584271714,5.13559,5.3371,5.3371,2.996955240857827,3.115934975116125,4.323692463751776,4.495343936332509,0.201508,5.3371,4.495343936332509,0.0,0.0,0.0002,0.822957,134.275,77725.6,77725.6,6508416.0,67925786492928.0,407554718957568.0
E63,14.0,2600.0,10649600.0,18249181.208440527,5.12732,5.33479,5.33479,2.992129150799646,3.114586338254811,4.316729887557955,4.4933982646207316,0.20747,5.33479,4.4933982646207316,0.0,0.0,0.0002,0.851406,137.05,77706.2,77706.2,6508416.0,69312027033600.0,415872162201600.0
E63,14.0,2744.0,11239424.0,19259905.090754155,5.08648,5.30339,5.30339,2.96829631912176,3.09625421814864,4.282346379485928,4.466950605854578,0.216913,5.30339,4.466950605854578,0.0,0.0,0.0002,0.898421,144.884,77575.5,77575.5,6508416.0,73150846992384.0,438905081954304.0
E63,15.0,2800.0,11468800.0,19652964.378320567,5.08799,5.30102,5.30102,2.969177503642661,3.094870551758461,4.28361766002434,4.464954397215221,0.213025,5.30102,4.464954397215221,0.0,0.0,0.0002,0.822765,148.274,77348.9,77348.9,6508416.0,74643721420800.0,447862328524800.0
E63,15.0,2940.0,12042240.0,20635612.597236596,5.04235,5.27681,5.27681,2.9425435556069437,3.080736136861314,4.245192995273915,4.444562746937241,0.23446,5.27681,4.444562746937241,0.0,0.0,0.0002,0.849551,155.13,77627.0,77627.0,6508416.0,78375907491840.0,470255444951040.0
E63,16.0,3000.0,12288000.0,21056747.548200607,5.04395,5.27276,5.27276,2.943477261059554,3.0783716436629063,4.246540047500048,4.441151504325682,0.228814,5.27276,4.441151504325682,0.0,0.0,0.0002,0.878943,158.17,77688.4,77688.4,6508416.0,79975415808000.0,479852494848000.0
E63,16.0,3136.0,12845056.0,22011320.103719033,4.99063,5.23953,5.23953,2.912361526851306,3.058971122926344,4.201649532064189,4.41316246926838,0.248901,5.23953,4.41316246926838,0.0,0.0,0.0002,0.894362,165.269,77722.3,77722.3,6508416.0,83600967991296.0,501605807947776.0
E63,17.0,3200.0,13107200.0,22460530.718080647,4.98857,5.23972,5.23972,2.91115938108107,3.059082049767751,4.1999152023230435,4.413322502872379,0.251148,5.23953,4.41316246926838,0.00018999999999991246,0.0001600336039988548,0.0002,0.894238,168.934,77587.9,77587.9,6508416.0,85307110195200.0,511842661171200.0
E63,17.0,3332.0,13647872.0,23387027.610201474,4.95405,5.2169,5.2169,2.8910146859409953,3.0457591522893166,4.170852550544238,4.39410162474997,0.262856,5.2169,4.39410162474997,0.0,0.0,0.0002,0.893329,175.366,77824.9,77824.9,6508416.0,88826028490752.0,532956170944512.0
E63,18.0,3400.0,13926400.0,23864313.887960687,4.95941,5.20988,5.20988,2.894142599207241,3.0416606974120772,4.175365175501781,4.38818880422327,0.250472,5.20988,4.38818880422327,0.0,0.0,0.0002,0.969561,178.808,77884.7,77884.7,6508416.0,90638804582400.0,543832827494400.0
E63,18.0,3528.0,14450688.0,24762735.11668391,4.9224,5.18877,5.18877,2.8725448249565417,3.029336141506304,4.144206173696058,4.370408228536852,0.266368,5.18877,4.370408228536852,0.0,0.0,0.0002,0.960136,185.19,78031.8,78031.8,6508416.0,94051088990208.0,564306533941248.0
E63,19.0,3600.0,14745600.0,25268097.057840727,4.91031,5.18266,5.18266,2.865489513130253,3.025768967816855,4.134027510312347,4.365261884745094,0.272351,5.18266,4.365261884745094,0.0,0.0,0.0002,0.987068,189.456,77831.1,77831.1,6508416.0,95970498969600.0,575822993817600.0
E63,19.0,3724.0,15253504.0,26138442.623166353,4.87537,5.16569,5.16569,2.845099720308869,3.015861449402787,4.104611257324182,4.3509683570616025,0.290313,5.16569,4.3509683570616025,0.0,0.0,0.0002,0.96285,195.769,77916.0,77916.0,6508416.0,99276149489664.0,595656896937984.0
E63,20.0,3800.0,15564800.0,26671880.227720767,4.86596,5.16124,5.16124,2.8396083651157027,3.0132634260119446,4.096688906419241,4.34722020159952,0.29528,5.16124,4.34722020159952,0.0,0.0,0.0002,0.986822,199.66,77956.4,77956.4,6508416.0,101302193356800.0,607813160140800.0
E63,20.0,3920.0,16056320.0,27514150.129648793,4.8324,5.14245,5.14245,2.8200238932471953,3.002293345222296,4.068434485976116,4.331393720446143,0.310047,5.14245,4.331393720446143,0.0,0.0,0.0002,0.987073,206.08,77913.1,77913.1,6508416.0,104501209989120.0,627007259934720.0
